{
  "variant_label": "T0",
  "restraint_k_kcal": 1.0,
  "q_mean": [
    0.6770784701643003,
    -23.997019061378797,
    -1.4023593171737951,
    -0.13130133155197507,
    2.833318197946349,
    -1.5008777409796008
  ],
  "q_std": [
    4.05356491010126,
    2.5094661023175693,
    6.89784542535022,
    2.6646685831320824,
    0.13984532801453622,
    1.8574890463391136
  ],
  "cov": [
    [
      16.43138848040427,
      3.9727793493132304,
      -3.622633692838246,
      3.2256131023143433,
      0.2331318399850768,
      2.355103867680617
    ],
    [
      3.9727793493132304,
      6.297420118680934,
      -2.676689966142892,
      1.1725562093088862,
      0.016205874640613214,
      0.06793749204782219
    ],
    [
      -3.622633692838246,
      -2.676689966142892,
      47.58027151202501,
      -2.5732270588583885,
      -0.07292169590250008,
      -0.9445436681390403
    ],
    [
      3.2256131023143433,
      1.1725562093088862,
      -2.5732270588583885,
      7.100458657931154,
      0.11103975714831413,
      1.1092006684411837
    ],
    [
      0.2331318399850768,
      0.016205874640613214,
      -0.07292169590250008,
      0.11103975714831413,
      0.019556715767493224,
      0.050878813418909076
    ],
    [
      2.355103867680617,
      0.06793749204782219,
      -0.9445436681390403,
      1.1092006684411837,
      0.050878813418909076,
      3.4502655572697676
    ]
  ],
  "stiffness": [
    [
      0.24906037539436565,
      -0.14230138697749273,
      0.003184200760612446,
      -0.03301076004956574,
      -2.336289035454098,
      -0.121267380547776
    ],
    [
      -0.14230138697749273,
      0.5119167762544233,
      0.019216232991380103,
      -0.04832361256203235,
      1.3909503617207823,
      0.08733746737841394
    ],
    [
      0.003184200760612447,
      0.019216232991380103,
      0.05650754656955024,
      0.013745232721221237,
      0.05892648089919328,
      0.007629815133122589
    ],
    [
      -0.03301076004956574,
      -0.048323612562032346,
      0.013745232721221237,
      0.4318266164172631,
      -1.7436406135335065,
      -0.08586535586079948
    ],
    [
      -2.3362890354540977,
      1.3909503617207821,
      0.058926480899193286,
      -1.743640613533506,
      169.60932491319056,
      -0.35710571930274193
    ],
    [
      -0.12126738054777601,
      0.08733746737841393,
      0.00762981513312259,
      -0.08586535586079946,
      -0.35710571930274193,
      0.86343542488552
    ]
  ],
  "mrdna_params": {
    "r0_ang": 24.047494063652486,
    "k_bond_kJ_mol_ang2": 0.5119167762544233,
    "hj_equilibrium_angle_rad": -0.13130133155197507,
    "hj_equilibrium_angle_deg": -7.523012142376083,
    "k_dihedral_kJ_mol_rad2": 0.4318266164172631,
    "k_bend_kJ_mol_rad2": 85.23638016903804,
    "max_off_diagonal_coupling_fraction": 0.3985264335340294,
    "full_6dof_stiffness_available": true,
    "note": "Only diagonal terms are injected into mrdna (current version). Off-diagonal coupling is saved in stiffness for future use."
  },
  "n_frames": 10001,
  "converged": false,
  "convergence_warnings": [
    "DOF 0 (q0 (separation, \u00c5)): ESS = 9 < 100.  Extend the production run.",
    "DOF 1 (q1 (perp1, \u00c5)): ESS = 22 < 100.  Extend the production run.",
    "DOF 2 (q2 (perp2, \u00c5)): ESS = 12 < 100.  Extend the production run.",
    "DOF 3 (q3 (Euler \u03b1, rad)): ESS = 63 < 100.  Extend the production run.",
    "DOF 4 (q4 (Euler \u03b2, rad)): ESS = 21 < 100.  Extend the production run.",
    "DOF 5 (q5 (Euler \u03b3, rad)): ESS = 90 < 100.  Extend the production run.",
    "DOF 0 (q0 (separation, \u00c5)): running mean drifted by 1.13\u03c3 in final 25% of trajectory \u2014 not yet equilibrated.",
    "DOF 1 (q1 (perp1, \u00c5)): running mean drifted by 0.70\u03c3 in final 25% of trajectory \u2014 not yet equilibrated.",
    "DOF 2 (q2 (perp2, \u00c5)): running mean drifted by 0.19\u03c3 in final 25% of trajectory \u2014 not yet equilibrated.",
    "DOF 3 (q3 (Euler \u03b1, rad)): running mean drifted by 0.39\u03c3 in final 25% of trajectory \u2014 not yet equilibrated.",
    "DOF 4 (q4 (Euler \u03b2, rad)): running mean drifted by 0.56\u03c3 in final 25% of trajectory \u2014 not yet equilibrated.",
    "DOF 5 (q5 (Euler \u03b3, rad)): running mean drifted by 0.13\u03c3 in final 25% of trajectory \u2014 not yet equilibrated."
  ]
}