# TS,BOND,ANGLE,DIHED,IMPRP,ELECT,VDW,BOUNDARY,MISC,KINETIC,TOTAL,TEMP,POTENTIAL,TOTALAVG,TEMPAVG,PRESSURE,GPRESSURE,VOLUME,PRESSAVG,GPRESSAVG
0.000000000000000000e+00,1.761001489999999831e+04,4.209180760000000009e+04,5.585363730000000214e+04,9.196716000000000122e+02,-3.268650290399999823e+06,2.327169913999999990e+05,3.481769099999999889e+04,0.000000000000000000e+00,5.054635233000000007e+05,-2.379176953300000168e+06,2.972688999999999737e+02,-2.884640476600000169e+06,-2.379176953300000168e+06,2.972688999999999737e+02,5.702530000000000427e+02,6.235743999999999687e+02,8.028996935100000352e+06,5.702530000000000427e+02,6.235743999999999687e+02
1.000000000000000000e+01,1.770750360000000001e+04,4.228620120000000315e+04,5.594382239999999729e+04,8.920729999999999791e+02,-3.267699126300000120e+06,2.317901968000000052e+05,3.487731790000000183e+04,0.000000000000000000e+00,5.045967188999999780e+05,-2.379605292499999981e+06,2.967590999999999894e+02,-2.884202011400000192e+06,-2.379391122899999842e+06,2.970140000000000100e+02,-3.928974000000000046e+02,-3.386766000000000076e+02,8.029041265300000086e+06,8.867780000000000484e+01,1.424489000000000090e+02
2.000000000000000000e+01,1.751378329999999914e+04,4.195498509999999806e+04,5.591789719999999943e+04,9.107866000000000213e+02,-3.267506712100000121e+06,2.320868581999999878e+05,3.476600540000000183e+04,0.000000000000000000e+00,5.053201469999999972e+05,-2.379036249299999792e+06,2.971845999999999890e+02,-2.884356396300000139e+06,-2.379272831699999981e+06,2.970708999999999946e+02,1.371050999999999931e+02,1.941856999999999971e+02,8.029048534599999897e+06,1.048201999999999998e+02,1.596945000000000050e+02
3.000000000000000000e+01,1.755997379999999976e+04,4.218660809999999765e+04,5.589207910000000265e+04,9.053597999999999502e+02,-3.267361025200000033e+06,2.314784970000000030e+05,3.485046779999999853e+04,0.000000000000000000e+00,5.052589876999999979e+05,-2.379229052099999972e+06,2.971485999999999876e+02,-2.884488039799999911e+06,-2.379261886799999978e+06,2.970903000000000134e+02,2.563929999999999723e+02,3.093082999999999743e+02,8.029104914900000207e+06,1.427134000000000071e+02,1.970979000000000099e+02
4.000000000000000000e+01,1.778151280000000042e+04,4.228252709999999934e+04,5.596457590000000346e+04,9.311314999999999600e+02,-3.267682425100000110e+06,2.311413802999999898e+05,3.481494150000000081e+04,0.000000000000000000e+00,5.059239694000000018e+05,-2.378842386700000148e+06,2.975396999999999821e+02,-2.884766356099999975e+06,-2.379177986800000072e+06,2.971802000000000135e+02,-5.422942000000000462e+02,-4.893484000000000265e+02,8.029182381699999794e+06,5.711899999999999977e+00,5.980870000000000175e+01
5.000000000000000000e+01,1.791714789999999994e+04,4.175249349999999686e+04,5.599226559999999881e+04,9.434883999999999560e+02,-3.268170805399999954e+06,2.323636803000000073e+05,3.475562369999999646e+04,0.000000000000000000e+00,5.056895391999999993e+05,-2.378756566899999976e+06,2.974017999999999802e+02,-2.884446106099999975e+06,-2.379107750099999830e+06,2.972171000000000163e+02,7.048677999999999884e+02,7.602327999999999975e+02,8.029206725999999791e+06,1.222378999999999962e+02,1.765459999999999923e+02
6.000000000000000000e+01,1.764689890000000014e+04,4.211430619999999908e+04,5.591699659999999858e+04,9.421421000000000276e+02,-3.267911933199999854e+06,2.326596835999999894e+05,3.471574979999999778e+04,0.000000000000000000e+00,5.054357981000000145e+05,-2.378480357900000177e+06,2.972525999999999726e+02,-2.883916155999999959e+06,-2.379018122700000182e+06,2.972221999999999866e+02,-9.608055000000000518e+02,-9.042446999999999662e+02,8.029323149600000121e+06,-3.248259999999999792e+01,2.214730000000000132e+01
7.000000000000000000e+01,1.764403580000000147e+04,4.182598479999999836e+04,5.595858140000000276e+04,9.140320000000000391e+02,-3.268055372899999842e+06,2.327353479999999981e+05,3.492524190000000090e+04,0.000000000000000000e+00,5.061318622999999789e+05,-2.377920286600000225e+06,2.976619999999999777e+02,-2.884052148899999913e+06,-2.378880893199999817e+06,2.972771999999999935e+02,1.334733300000000099e+03,1.389856299999999919e+03,8.029363712500000373e+06,1.384193999999999960e+02,1.931109999999999900e+02
8.000000000000000000e+01,1.772478340000000026e+04,4.224459290000000328e+04,5.594531970000000001e+04,9.260684999999999718e+02,-3.268557332400000188e+06,2.327477753000000084e+05,3.505487099999999919e+04,0.000000000000000000e+00,5.051574037000000244e+05,-2.378756517899999861e+06,2.970889000000000237e+02,-2.883913921500000171e+06,-2.378867073700000066e+06,2.972561999999999784e+02,-1.129494500000000016e+03,-1.073089300000000094e+03,8.029585216900000349e+06,-2.459900000000000198e+00,5.242199999999999704e+01
9.000000000000000000e+01,1.775399810000000070e+04,4.208213859999999841e+04,5.592880799999999726e+04,8.961803999999999633e+02,-3.267082777999999933e+06,2.314030044000000053e+05,3.495453600000000006e+04,0.000000000000000000e+00,5.056504242000000086e+05,-2.378413688200000208e+06,2.973788000000000125e+02,-2.884064112399999984e+06,-2.378821735100000165e+06,2.972685000000000173e+02,5.247984000000000151e+02,5.795240000000000009e+02,8.029683994599999860e+06,5.026590000000000202e+01,1.051321999999999974e+02
1.000000000000000000e+02,1.769660369999999966e+04,4.215562730000000010e+04,5.586385680000000139e+04,9.298483999999999696e+02,-3.266434104799999855e+06,2.309624751000000106e+05,3.474670100000000093e+04,0.000000000000000000e+00,5.057291641999999993e+05,-2.378349828300000168e+06,2.974250999999999863e+02,-2.884078992500000168e+06,-2.378778834499999881e+06,2.972826999999999771e+02,-1.154337899999999991e+03,-1.098745100000000093e+03,8.029830154799999669e+06,-5.924349999999999739e+01,-4.311099999999999710e+00
1.100000000000000000e+02,1.757604460000000108e+04,4.199604600000000210e+04,5.588220399999999790e+04,9.141830999999999676e+02,-3.265776889899999835e+06,2.306980522000000055e+05,3.479543529999999737e+04,0.000000000000000000e+00,5.058694515000000247e+05,-2.378045473300000187e+06,2.975076000000000249e+02,-2.883914924800000153e+06,-2.378717721100000199e+06,2.973014999999999759e+02,1.030140300000000025e+03,1.081879599999999982e+03,8.029852030600000173e+06,3.153849999999999909e+01,8.620470000000000255e+01
1.200000000000000000e+02,1.780992610000000059e+04,4.208820769999999902e+04,5.595020840000000317e+04,9.314528999999999996e+02,-3.267071465199999977e+06,2.318332164000000048e+05,3.488678089999999793e+04,0.000000000000000000e+00,5.055114683000000077e+05,-2.378060204499999993e+06,2.972971000000000004e+02,-2.883571672900000121e+06,-2.378667142899999861e+06,2.973011000000000195e+02,-1.081872599999999920e+03,-1.027280099999999948e+03,8.029990574400000274e+06,-5.410849999999999937e+01,5.521000000000000352e-01
1.300000000000000000e+02,1.768824889999999868e+04,4.186487430000000313e+04,5.589908460000000196e+04,9.148144999999999527e+02,-3.266737075900000054e+06,2.315376943000000028e+05,3.495728369999999995e+04,0.000000000000000000e+00,5.059726616999999969e+05,-2.377902413900000043e+06,2.975683000000000220e+02,-2.883875075600000098e+06,-2.378612519400000107e+06,2.973201999999999998e+02,7.584619999999999891e+02,8.154243000000000166e+02,8.029991954199999571e+06,3.932199999999999918e+00,5.875719999999999743e+01
1.400000000000000000e+02,1.777925950000000012e+04,4.191912200000000303e+04,5.582440329999999813e+04,8.884276999999999589e+02,-3.266941447800000198e+06,2.325412642000000051e+05,3.501476870000000054e+04,0.000000000000000000e+00,5.056003719000000274e+05,-2.377373830500000156e+06,2.973494000000000028e+02,-2.882974202399999835e+06,-2.378529940099999774e+06,2.973222000000000094e+02,-6.988227000000000544e+02,-6.447487999999999602e+02,8.030093771599999629e+06,-4.291810000000000258e+01,1.185679999999999978e+01
1.500000000000000000e+02,1.772555159999999887e+04,4.230073679999999877e+04,5.592513459999999759e+04,9.315307000000000244e+02,-3.267182819800000172e+06,2.324599541000000027e+05,3.507535029999999824e+04,0.000000000000000000e+00,5.062096219999999739e+05,-2.376554939799999818e+06,2.977076999999999884e+02,-2.882764561799999792e+06,-2.378406502599999774e+06,2.973462999999999852e+02,2.646983999999999924e+02,3.200192999999999870e+02,8.030092494699999690e+06,-2.369209999999999994e+01,3.111700000000000088e+01
1.600000000000000000e+02,1.784520130000000063e+04,4.173498120000000199e+04,5.594911619999999675e+04,8.721624000000000478e+02,-3.265923093299999833e+06,2.316116508000000031e+05,3.499101630000000296e+04,0.000000000000000000e+00,5.059139259999999776e+05,-2.377005039100000169e+06,2.975337999999999852e+02,-2.882918965100000147e+06,-2.378324063599999994e+06,2.973573000000000093e+02,-1.827740000000000009e+02,-1.269171000000000049e+02,8.030150204199999571e+06,-3.304979999999999762e+01,2.182090000000000174e+01
1.700000000000000000e+02,1.771615439999999944e+04,4.221893110000000161e+04,5.601795259999999689e+04,9.058881000000000085e+02,-3.266596038300000131e+06,2.316114199000000081e+05,3.495125329999999667e+04,0.000000000000000000e+00,5.063752714999999735e+05,-2.376799167299999855e+06,2.978050999999999817e+02,-2.883174438800000120e+06,-2.378239347099999897e+06,2.973822000000000116e+02,-8.407920000000000300e+02,-7.865764000000000351e+02,8.030162542600000277e+06,-7.792440000000000566e+01,-2.309009999999999962e+01
1.800000000000000000e+02,1.776148349999999846e+04,4.221787769999999728e+04,5.589803560000000289e+04,9.411698999999999842e+02,-3.265728874100000132e+06,2.308088117999999959e+05,3.476389009999999689e+04,0.000000000000000000e+00,5.066067641999999760e+05,-2.376730841200000141e+06,2.979413000000000125e+02,-2.883337605500000063e+06,-2.378159952099999879e+06,2.974116000000000213e+02,1.563757800000000088e+03,1.615584200000000010e+03,8.030086752100000158e+06,8.479900000000000659e+00,6.315590000000000259e+01
1.900000000000000000e+02,1.773092309999999998e+04,4.214151529999999912e+04,5.589900319999999920e+04,9.274424000000000206e+02,-3.266256699899999890e+06,2.318552033999999985e+05,3.485619780000000173e+04,0.000000000000000000e+00,5.065616436000000103e+05,-2.376284771199999843e+06,2.979146999999999821e+02,-2.882846414799999911e+06,-2.378066192999999970e+06,2.974368000000000052e+02,-1.783603100000000040e+03,-1.728794699999999921e+03,8.030179342000000179e+06,-8.112420000000000186e+01,-2.644160000000000110e+01
2.000000000000000000e+02,1.787185740000000078e+04,4.215628659999999945e+04,5.601771029999999882e+04,8.882507000000000517e+02,-3.266691748999999836e+06,2.319492766000000120e+05,3.500647039999999834e+04,0.000000000000000000e+00,5.066833022999999812e+05,-2.376118594899999909e+06,2.979863000000000284e+02,-2.882801897100000177e+06,-2.377913275100000203e+06,2.974725999999999999e+02,1.642018900000000031e+03,1.695414099999999962e+03,8.030073225700000301e+06,-2.753590000000000160e+01,2.715040000000000120e+01
2.100000000000000000e+02,1.772739679999999862e+04,4.185132669999999780e+04,5.594838840000000346e+04,9.262540999999999940e+02,-3.266172290000000037e+06,2.314305309000000125e+05,3.482667300000000250e+04,0.000000000000000000e+00,5.067650580000000191e+05,-2.376696662099999841e+06,2.980344000000000051e+02,-2.883461720100000035e+06,-2.377767843599999789e+06,2.975364000000000146e+02,-1.623913999999999987e+03,-1.572072599999999966e+03,8.030169639299999923e+06,-8.908679999999999666e+01,-3.451939999999999742e+01
2.200000000000000000e+02,1.779788479999999981e+04,4.222803029999999853e+04,5.597208849999999802e+04,9.181504999999999654e+02,-3.266777986000000034e+06,2.313501684999999998e+05,3.485921059999999852e+04,0.000000000000000000e+00,5.070642226999999839e+05,-2.376588230099999812e+06,2.982103000000000179e+02,-2.883652452800000086e+06,-2.377645442600000184e+06,2.975876999999999839e+02,1.082368600000000015e+03,1.134496799999999894e+03,8.030044272499999963e+06,-4.182359999999999900e+01,1.249610000000000021e+01
2.300000000000000000e+02,1.774821189999999842e+04,4.202219470000000001e+04,5.589152900000000227e+04,8.651746000000000549e+02,-3.267700431400000118e+06,2.324462559999999939e+05,3.466381399999999849e+04,0.000000000000000000e+00,5.074923988999999710e+05,-2.376570852400000207e+06,2.984621000000000208e+02,-2.884063251300000120e+06,-2.377512532600000035e+06,2.976533999999999764e+02,-2.570765999999999849e+02,-1.983160000000000025e+02,8.030079104199999943e+06,-6.749710000000000321e+01,-1.288509999999999955e+01
2.400000000000000000e+02,1.771484899999999834e+04,4.238061800000000221e+04,5.585666109999999753e+04,8.907245000000000346e+02,-3.267715622299999930e+06,2.322615760000000009e+05,3.470999229999999807e+04,0.000000000000000000e+00,5.071153271999999997e+05,-2.376785874100000132e+06,2.982404000000000224e+02,-2.883901201299999841e+06,-2.377409706999999937e+06,2.976884000000000015e+02,2.214900000000000091e+02,2.781772000000000276e+02,8.030126380499999970e+06,-2.930790000000000006e+01,2.549119999999999919e+01
2.500000000000000000e+02,1.768738349999999991e+04,4.202221319999999832e+04,5.585289239999999700e+04,8.602332000000000107e+02,-3.267096111000000034e+06,2.325077815999999875e+05,3.480397709999999643e+04,0.000000000000000000e+00,5.060386422000000020e+05,-2.377322987900000066e+06,2.976071000000000026e+02,-2.883361630100000184e+06,-2.377338028100000229e+06,2.976985999999999990e+02,2.149076000000000022e+02,2.690523000000000025e+02,8.030234453999999911e+06,-5.380590000000000117e+01,9.322000000000000286e-01
2.600000000000000000e+02,1.797288200000000143e+04,4.185729419999999664e+04,5.589597039999999834e+04,8.824528000000000247e+02,-3.267002200600000098e+06,2.318575505000000121e+05,3.464360450000000128e+04,0.000000000000000000e+00,5.064131769000000204e+05,-2.377479269299999811e+06,2.978274000000000115e+02,-2.883892446099999826e+06,-2.377287973600000143e+06,2.977273999999999887e+02,-5.237060999999999922e+02,-4.684311999999999898e+02,8.030396331299999729e+06,-3.195090000000000074e+01,2.272279999999999944e+01
2.700000000000000000e+02,1.781729929999999877e+04,4.210174629999999888e+04,5.593218510000000242e+04,9.053369000000000142e+02,-3.265717749499999918e+06,2.311914565000000002e+05,3.465298580000000220e+04,0.000000000000000000e+00,5.059096376000000164e+05,-2.377207102099999785e+06,2.975312999999999874e+02,-2.883116739599999972e+06,-2.377252314400000032e+06,2.977208999999999719e+02,6.753143999999999778e+02,7.264605999999999995e+02,8.030509896800000221e+06,-6.492180000000000462e+01,-1.044689999999999941e+01
2.800000000000000000e+02,1.781688509999999951e+04,4.213051460000000225e+04,5.590600020000000222e+04,8.986173999999999751e+02,-3.265529297400000039e+06,2.306939833999999973e+05,3.474372740000000340e+04,0.000000000000000000e+00,5.067273645000000251e+05,-2.376612204700000118e+06,2.980122000000000071e+02,-2.883339569199999794e+06,-2.377145098699999973e+06,2.977669999999999959e+02,-1.381330300000000079e+03,-1.325930000000000064e+03,8.030684424499999732e+06,-7.751359999999999673e+01,-2.308899999999999864e+01
2.900000000000000000e+02,1.799677850000000035e+04,4.193843450000000303e+04,5.585592450000000099e+04,8.951353000000000293e+02,-3.265845399600000121e+06,2.311826294000000053e+05,3.479518379999999888e+04,0.000000000000000000e+00,5.071049678999999887e+05,-2.376076345600000117e+06,2.982343000000000188e+02,-2.883181313500000164e+06,-2.377028231600000057e+06,2.978097999999999956e+02,9.825670000000000073e+02,1.038098199999999906e+03,8.030706487999999896e+06,-5.462519999999999953e+01,-1.602999999999999980e-01
3.000000000000000000e+02,1.772649150000000009e+04,4.214121429999999964e+04,5.597827180000000226e+04,8.952720000000000482e+02,-3.266320344500000123e+06,2.320350022999999928e+05,3.471538990000000194e+04,0.000000000000000000e+00,5.067567062000000151e+05,-2.376071996499999892e+06,2.980294000000000096e+02,-2.882828702699999791e+06,-2.376914339999999851e+06,2.978399999999999750e+02,-6.308606999999999516e+02,-5.735501000000000431e+02,8.030857134899999946e+06,-2.845129999999999981e+01,2.609949999999999903e+01
3.100000000000000000e+02,1.793232229999999981e+04,4.206452790000000095e+04,5.588941780000000290e+04,9.271461000000000467e+02,-3.265507743199999910e+06,2.309163373000000138e+05,3.477196830000000045e+04,0.000000000000000000e+00,5.071823670999999740e+05,-2.375823656400000211e+06,2.982798000000000229e+02,-2.883006023500000127e+06,-2.376803249199999962e+06,2.978786000000000058e+02,-2.439839000000000055e+02,-1.890808000000000106e+02,8.030925556400000118e+06,-9.215760000000000218e+01,-3.744850000000000279e+01
3.200000000000000000e+02,1.768404650000000038e+04,4.207623960000000079e+04,5.595799799999999959e+04,9.171947999999999865e+02,-3.266124584999999963e+06,2.316052957999999926e+05,3.485100929999999789e+04,0.000000000000000000e+00,5.071579570999999996e+05,-2.375874843900000211e+06,2.982653999999999996e+02,-2.883032800999999978e+06,-2.376693981099999975e+06,2.979270000000000209e+02,6.171059999999999945e+01,1.184569000000000045e+02,8.030991276999999769e+06,-3.497840000000000060e+01,1.983830000000000027e+01
3.300000000000000000e+02,1.789012129999999888e+04,4.177113689999999769e+04,5.602863079999999900e+04,8.780546000000000504e+02,-3.266921210899999831e+06,2.324975869999999995e+05,3.485821190000000206e+04,0.000000000000000000e+00,5.069859321999999811e+05,-2.376011536199999973e+06,2.981643000000000256e+02,-2.882997468400000129e+06,-2.376599437299999874e+06,2.979567999999999870e+02,-3.366132999999999811e+02,-2.813163000000000125e+02,8.031071766900000162e+06,-8.973220000000000596e+01,-3.499869999999999948e+01
3.400000000000000000e+02,1.780111319999999978e+04,4.215304879999999685e+04,5.593350230000000010e+04,9.147165999999999713e+02,-3.266390266600000206e+06,2.318073264999999956e+05,3.477605950000000303e+04,0.000000000000000000e+00,5.067377064000000246e+05,-2.376266793200000189e+06,2.980183000000000106e+02,-2.883004499600000214e+06,-2.376544085400000215e+06,2.979902999999999906e+02,-9.482899999999999352e+01,-4.060049999999999670e+01,8.031096116100000218e+06,-5.953249999999999886e+01,-4.791299999999999670e+00
3.500000000000000000e+02,1.753589020000000164e+04,4.204458350000000064e+04,5.601317799999999988e+04,9.102052999999999656e+02,-3.265739214000000153e+06,2.318322613999999885e+05,3.467360639999999694e+04,0.000000000000000000e+00,5.064675405000000028e+05,-2.376261948700000066e+06,2.978593999999999937e+02,-2.882729489300000016e+06,-2.376529435800000094e+06,2.979979000000000156e+02,-3.419759000000000242e+02,-2.877928999999999746e+02,8.031120940999999642e+06,-8.986620000000000630e+01,-3.518189999999999884e+01
3.600000000000000000e+02,1.777681989999999860e+04,4.211388059999999678e+04,5.603512780000000203e+04,9.145774999999999864e+02,-3.265467819500000216e+06,2.306517214000000095e+05,3.477989140000000043e+04,0.000000000000000000e+00,5.070464719000000041e+05,-2.376149329299999867e+06,2.981999000000000137e+02,-2.883195801099999808e+06,-2.376486650400000159e+06,2.980312000000000126e+02,1.614553999999999974e+02,2.171787999999999954e+02,8.031099919499999844e+06,-7.265470000000000539e+01,-1.797710000000000008e+01
3.700000000000000000e+02,1.790619689999999900e+04,4.206758929999999964e+04,5.596672540000000299e+04,8.867169000000000096e+02,-3.266420907199999783e+06,2.320450972999999940e+05,3.493072329999999783e+04,0.000000000000000000e+00,5.067587882000000100e+05,-2.375859069900000002e+06,2.980307000000000244e+02,-2.882617858200000133e+06,-2.376439645500000101e+06,2.980423999999999864e+02,-6.218619999999999948e+01,-6.848799999999999777e+00,8.031132351400000043e+06,-3.372440000000000282e+01,2.100929999999999964e+01
3.800000000000000000e+02,1.773846540000000095e+04,4.198147499999999854e+04,5.592199659999999858e+04,9.125045000000000073e+02,-3.266009745399999898e+06,2.315002553999999946e+05,3.479983819999999832e+04,0.000000000000000000e+00,5.066052288999999873e+05,-2.376549981199999806e+06,2.979404000000000110e+02,-2.883155210200000089e+06,-2.376430602500000037e+06,2.980423999999999864e+02,4.189540000000000219e+01,9.791750000000000398e+01,8.031171622499999590e+06,-1.098175999999999988e+02,-5.487409999999999854e+01
3.900000000000000000e+02,1.791138690000000133e+04,4.216033679999999731e+04,5.606984399999999732e+04,8.930036000000000058e+02,-3.266668271300000139e+06,2.315387907000000123e+05,3.476874869999999646e+04,0.000000000000000000e+00,5.071966469999999972e+05,-2.376129513600000180e+06,2.982882000000000176e+02,-2.883326160600000061e+06,-2.376422839600000065e+06,2.980611000000000104e+02,2.309281000000000006e+02,2.904261999999999944e+02,8.031256489599999972e+06,-9.090999999999999304e+00,4.608700000000000330e+01
4.000000000000000000e+02,1.777930080000000089e+04,4.207277210000000196e+04,5.594772230000000127e+04,8.964392000000000280e+02,-3.267108191999999806e+06,2.323766639000000141e+05,3.485563509999999951e+04,0.000000000000000000e+00,5.062897858000000124e+05,-2.376889872800000012e+06,2.977547999999999888e+02,-2.883179658600000199e+06,-2.376461403500000015e+06,2.980495000000000232e+02,-8.147558999999999969e+02,-7.564720999999999549e+02,8.031383451999999583e+06,-1.319296999999999969e+02,-7.650730000000000075e+01
4.100000000000000000e+02,1.769213000000000102e+04,4.212976380000000063e+04,5.586312129999999888e+04,8.932251999999999725e+02,-3.266855428900000174e+06,2.318682747000000090e+05,3.502523599999999715e+04,0.000000000000000000e+00,5.063310133999999962e+05,-2.377052664599999785e+06,2.977791000000000281e+02,-2.883383677900000010e+06,-2.376479203600000124e+06,2.980366999999999962e+02,3.203192000000000235e+02,3.744356000000000222e+02,8.031403697599999607e+06,-3.471809999999999974e+01,2.081810000000000116e+01
4.200000000000000000e+02,1.772599580000000060e+04,4.213563840000000346e+04,5.594522839999999997e+04,8.992844999999999800e+02,-3.267423773200000171e+06,2.327824917000000132e+05,3.480918009999999776e+04,0.000000000000000000e+00,5.063779719000000041e+05,-2.376747982299999800e+06,2.978066999999999780e+02,-2.883125954299999867e+06,-2.376487191199999768e+06,2.980165000000000077e+02,-5.311870999999999867e+02,-4.815491999999999848e+02,8.031448172600000165e+06,-1.153958999999999975e+02,-5.998420000000000130e+01
4.300000000000000000e+02,1.790611590000000069e+04,4.197882319999999891e+04,5.605638700000000244e+04,9.012589000000000397e+02,-3.266289310399999842e+06,2.315728141999999934e+05,3.471387709999999788e+04,0.000000000000000000e+00,5.066107068999999901e+05,-2.376549327000000048e+06,2.979436000000000035e+02,-2.883160033900000155e+06,-2.376486115000000224e+06,2.979905999999999722e+02,2.697253000000000043e+02,3.245640999999999963e+02,8.031441475899999961e+06,-8.905580000000000496e+01,-3.384020000000000294e+01
4.400000000000000000e+02,1.791060039999999935e+04,4.221104510000000300e+04,5.600517599999999948e+04,8.851739000000000033e+02,-3.266291008499999996e+06,2.320020082000000111e+05,3.485018579999999929e+04,0.000000000000000000e+00,5.064518278000000282e+05,-2.375974991100000218e+06,2.978500999999999976e+02,-2.882426819000000134e+06,-2.376445570799999870e+06,2.979710999999999785e+02,-4.354474999999999909e+02,-3.821277999999999793e+02,8.031469389299999923e+06,-1.219026000000000067e+02,-6.685550000000000637e+01
4.500000000000000000e+02,1.786855600000000049e+04,4.208688240000000224e+04,5.595197239999999874e+04,8.813609000000000151e+02,-3.265529148800000083e+06,2.316390769999999902e+05,3.508694189999999799e+04,0.000000000000000000e+00,5.064907946000000229e+05,-2.375523563599999994e+06,2.978731000000000222e+02,-2.882014358299999963e+06,-2.376355599599999841e+06,2.979843999999999937e+02,1.467737999999999943e+02,2.014634000000000071e+02,8.031459353699999861e+06,-1.253092999999999932e+02,-7.023489999999999611e+01
4.600000000000000000e+02,1.773877449999999953e+04,4.217940690000000177e+04,5.599749089999999705e+04,9.181680999999999813e+02,-3.265199804299999960e+06,2.315701259999999893e+05,3.503097219999999652e+04,0.000000000000000000e+00,5.060110564000000013e+05,-2.375753809299999848e+06,2.975908999999999764e+02,-2.881764865699999966e+06,-2.376269326599999797e+06,2.979725999999999999e+02,-3.198239999999999839e+01,2.173979999999999890e+01,8.031490375900000334e+06,-1.007231000000000023e+02,-4.572639999999999816e+01
4.700000000000000000e+02,1.792243019999999888e+04,4.191838369999999850e+04,5.590621480000000156e+04,8.845143000000000484e+02,-3.266306966700000223e+06,2.323132417000000132e+05,3.486511710000000312e+04,0.000000000000000000e+00,5.071855748000000021e+05,-2.375311490199999884e+06,2.982817000000000007e+02,-2.882497064999999944e+06,-2.376174546000000089e+06,2.980101000000000226e+02,1.161691000000000003e+02,1.675617000000000019e+02,8.031526790699999779e+06,-1.286803999999999917e+02,-7.367130000000000223e+01
4.800000000000000000e+02,1.771333539999999994e+04,4.209461649999999645e+04,5.583123679999999877e+04,9.233405000000000200e+02,-3.267251555099999998e+06,2.326927331999999878e+05,3.482026709999999730e+04,0.000000000000000000e+00,5.075944140999999945e+05,-2.375581611500000115e+06,2.985221000000000231e+02,-2.883176025599999819e+06,-2.376123016400000080e+06,2.980355999999999881e+02,5.488309999999999889e+01,1.100360000000000014e+02,8.031628552600000054e+06,-5.686970000000000169e+01,-1.872999999999999998e+00
4.900000000000000000e+02,1.784910090000000127e+04,4.190465690000000177e+04,5.583033110000000306e+04,9.204782999999999902e+02,-3.267602143300000113e+06,2.326688220999999903e+05,3.497367670000000362e+04,0.000000000000000000e+00,5.073910838000000222e+05,-2.376063993499999866e+06,2.984024999999999750e+02,-2.883455077300000004e+06,-2.376122398699999787e+06,2.980439999999999827e+02,-6.476601000000000568e+02,-5.934978999999999587e+02,8.031728788800000213e+06,-1.383811000000000035e+02,-8.345279999999999632e+01
5.000000000000000000e+02,1.779374480000000040e+04,4.211404200000000128e+04,5.593004009999999835e+04,8.903623999999999796e+02,-3.266276615600000136e+06,2.318767547999999952e+05,3.484116730000000098e+04,0.000000000000000000e+00,5.062358600999999908e+05,-2.376594643999999855e+06,2.977230999999999881e+02,-2.882830504100000020e+06,-2.376148531099999789e+06,2.980287000000000148e+02,5.112266999999999939e+02,5.647131000000000540e+02,8.031777083300000057e+06,-8.127670000000000528e+01,-2.653969999999999985e+01
5.100000000000000000e+02,1.763845030000000042e+04,4.183846119999999792e+04,5.590511420000000362e+04,8.790815999999999804e+02,-3.265269250399999786e+06,2.317455124000000069e+05,3.477613880000000063e+04,0.000000000000000000e+00,5.061719956000000238e+05,-2.376314496300000232e+06,2.976856000000000222e+02,-2.882486491899999790e+06,-2.376173073100000154e+06,2.979990000000000236e+02,-1.048593599999999924e+03,-9.925234000000000378e+02,8.031887919200000353e+06,-1.215071999999999974e+02,-6.671179999999999666e+01
5.200000000000000000e+02,1.785250509999999849e+04,4.192356889999999839e+04,5.589234100000000035e+04,9.448328999999999951e+02,-3.264947278500000015e+06,2.311096570000000065e+05,3.502142089999999735e+04,0.000000000000000000e+00,5.062230011999999988e+05,-2.375979951400000136e+06,2.977155999999999949e+02,-2.882202952599999961e+06,-2.376178328499999829e+06,2.979714999999999918e+02,5.115115000000000123e+02,5.663132000000000517e+02,8.031851315899999812e+06,-9.901720000000000255e+01,-4.431900000000000261e+01
5.300000000000000000e+02,1.793117320000000109e+04,4.179795749999999680e+04,5.589111660000000120e+04,9.040540999999999485e+02,-3.266668556599999778e+06,2.318512759000000078e+05,3.500721919999999955e+04,0.000000000000000000e+00,5.071825753999999724e+05,-2.376103184799999930e+06,2.982798999999999978e+02,-2.883285760199999902e+06,-2.376182910900000017e+06,2.979773000000000138e+02,-7.099406999999999925e+02,-6.512839000000000169e+02,8.031868973000000231e+06,-1.176834999999999951e+02,-6.281739999999999924e+01
5.400000000000000000e+02,1.765117959999999948e+04,4.186916399999999703e+04,5.590885919999999896e+04,8.851316000000000486e+02,-3.266988782199999783e+06,2.324172503999999899e+05,3.496964259999999922e+04,0.000000000000000000e+00,5.068051145000000251e+05,-2.376482440400000196e+06,2.980579000000000178e+02,-2.883287554899999872e+06,-2.376193693299999926e+06,2.979793000000000234e+02,1.784369000000000085e+02,2.335756000000000085e+02,8.031765590200000443e+06,-1.040202000000000027e+02,-4.910849999999999937e+01
5.500000000000000000e+02,1.791881360000000132e+04,4.192407529999999679e+04,5.591870029999999679e+04,9.124908000000000357e+02,-3.267546871400000062e+06,2.325487018999999855e+05,3.508203020000000106e+04,0.000000000000000000e+00,5.065999912999999942e+05,-2.376642067999999970e+06,2.979372999999999934e+02,-2.883242059200000018e+06,-2.376212699200000148e+06,2.979832000000000107e+02,3.456775999999999840e+02,3.978043999999999869e+02,8.031694502799999900e+06,-6.963760000000000616e+01,-1.482869999999999955e+01
5.600000000000000000e+02,1.785210109999999986e+04,4.202663300000000163e+04,5.597591060000000289e+04,8.901060999999999694e+02,-3.267218898699999787e+06,2.317883934000000008e+05,3.481761869999999908e+04,0.000000000000000000e+00,5.065220464999999967e+05,-2.377346089399999939e+06,2.978913999999999760e+02,-2.883868135900000110e+06,-2.376272537299999967e+06,2.979676999999999794e+02,-7.266182999999999765e+02,-6.740480999999999767e+02,8.031663341500000097e+06,-1.140412000000000035e+02,-5.939000000000000057e+01
5.700000000000000000e+02,1.807110480000000098e+04,4.191086149999999907e+04,5.587821650000000227e+04,9.259369000000000369e+02,-3.266864661400000099e+06,2.310178416000000143e+05,3.472970489999999700e+04,0.000000000000000000e+00,5.071610762000000104e+05,-2.377169918899999931e+06,2.982672999999999774e+02,-2.884330995099999942e+06,-2.376338079700000118e+06,2.979796000000000049e+02,1.051243300000000090e+03,1.102677200000000084e+03,8.031566176799999550e+06,-5.836979999999999791e+01,-3.913699999999999957e+00
5.800000000000000000e+02,1.794142329999999856e+04,4.222252109999999811e+04,5.592315000000000146e+04,8.859314000000000533e+02,-3.267204895800000057e+06,2.314705195999999996e+05,3.492011690000000090e+04,0.000000000000000000e+00,5.062026903000000166e+05,-2.377638543200000189e+06,2.977035999999999945e+02,-2.883841233500000089e+06,-2.376392507799999788e+06,2.979676999999999794e+02,-1.314789899999999989e+03,-1.263073100000000068e+03,8.031575997000000440e+06,-1.262039999999999935e+02,-7.196330000000000382e+01
5.900000000000000000e+02,1.790799919999999838e+04,4.182190709999999672e+04,5.597394499999999971e+04,9.002803000000000111e+02,-3.266810264599999879e+06,2.319009449000000022e+05,3.497172209999999905e+04,0.000000000000000000e+00,5.060104873999999836e+05,-2.377322978699999861e+06,2.975905999999999949e+02,-2.883333466099999845e+06,-2.376452181100000162e+06,2.979327999999999861e+02,1.121171499999999924e+03,1.173465400000000045e+03,8.031429865399999544e+06,-8.169190000000000396e+01,-2.781129999999999924e+01
6.000000000000000000e+02,1.778613209999999890e+04,4.197616120000000228e+04,5.595946869999999763e+04,8.853257999999999583e+02,-3.266972424600000028e+06,2.322505781999999890e+05,3.471426849999999831e+04,0.000000000000000000e+00,5.063353792000000249e+05,-2.377065110900000203e+06,2.977817000000000007e+02,-2.883400490000000224e+06,-2.376460942999999970e+06,2.979341999999999757e+02,-6.559031999999999698e+02,-6.079741000000000213e+02,8.031421166500000283e+06,-7.374920000000000186e+01,-2.038639999999999830e+01
6.100000000000000000e+02,1.771345439999999871e+04,4.199411639999999898e+04,5.583508559999999852e+04,9.299719999999999800e+02,-3.266590191099999938e+06,2.317678252999999968e+05,3.483714989999999671e+04,0.000000000000000000e+00,5.065265206999999937e+05,-2.376986066699999850e+06,2.978940999999999804e+02,-2.883512587499999907e+06,-2.376457613100000191e+06,2.979399000000000228e+02,7.827604000000000042e+02,8.319502999999999702e+02,8.031354954699999653e+06,-5.062720000000000198e+01,2.489300000000000068e+00
6.200000000000000000e+02,1.786652909999999974e+04,4.207465239999999903e+04,5.581142280000000028e+04,9.444317999999999529e+02,-3.266508205399999861e+06,2.313885689000000129e+05,3.492069219999999768e+04,0.000000000000000000e+00,5.061250745999999926e+05,-2.377376833699999843e+06,2.976580000000000155e+02,-2.883501908299999777e+06,-2.376489055600000080e+06,2.979325000000000045e+02,-6.377652000000000498e+02,-5.837558000000000220e+02,8.031391328399999999e+06,-5.595609999999999928e+01,-2.620999999999999996e+00
6.300000000000000000e+02,1.798882640000000174e+04,4.192409290000000328e+04,5.575370700000000215e+04,8.938264000000000351e+02,-3.266772924699999858e+06,2.324035123000000021e+05,3.494296669999999722e+04,0.000000000000000000e+00,5.054838207999999868e+05,-2.377382172100000083e+06,2.972807999999999993e+02,-2.882865992899999954e+06,-2.376530697900000028e+06,2.978994000000000142e+02,1.725228999999999928e+02,2.256120999999999981e+02,8.031344820299999788e+06,-6.081620000000000203e+01,-7.568599999999999994e+00
6.400000000000000000e+02,1.781354820000000109e+04,4.197952739999999903e+04,5.581346889999999985e+04,8.945724999999999909e+02,-3.266805568599999882e+06,2.317522753000000084e+05,3.495167300000000250e+04,0.000000000000000000e+00,5.062490923000000184e+05,-2.377351410900000017e+06,2.977309000000000196e+02,-2.883600503299999982e+06,-2.376599518900000025e+06,2.978933999999999855e+02,4.533239999999999981e+01,9.781319999999999482e+01,8.031324442599999718e+06,-3.677720000000000056e+01,1.642849999999999966e+01
6.500000000000000000e+02,1.783419870000000083e+04,4.191654710000000341e+04,5.583788089999999647e+04,8.828405000000000200e+02,-3.265851833600000013e+06,2.314628882999999914e+05,3.508450940000000264e+04,0.000000000000000000e+00,5.056442995000000228e+05,-2.377188669199999887e+06,2.973752000000000066e+02,-2.882832968700000085e+06,-2.376682774199999869e+06,2.978684999999999832e+02,-4.448181999999999903e+02,-3.910423000000000116e+02,8.031276827499999665e+06,-6.635680000000000689e+01,-1.319679999999999964e+01
6.600000000000000000e+02,1.782396039999999994e+04,4.219101170000000275e+04,5.583359640000000218e+04,9.025200999999999567e+02,-3.266673022900000215e+06,2.316857533999999869e+05,3.502471149999999761e+04,0.000000000000000000e+00,5.063982035000000033e+05,-2.376813265999999829e+06,2.978186000000000035e+02,-2.883211469500000123e+06,-2.376735746999999974e+06,2.978799000000000206e+02,6.234426999999999452e+02,6.788709000000000060e+02,8.031197525000000373e+06,-3.358559999999999945e+01,1.965970000000000084e+01
6.700000000000000000e+02,1.801909200000000055e+04,4.182745640000000276e+04,5.595343720000000030e+04,9.215497000000000298e+02,-3.267839265699999873e+06,2.325963748999999953e+05,3.497371469999999681e+04,0.000000000000000000e+00,5.069954060000000172e+05,-2.376552234800000209e+06,2.981698000000000093e+02,-2.883547640800000168e+06,-2.376797784200000111e+06,2.978743000000000052e+02,-1.098169699999999921e+03,-1.046463299999999890e+03,8.031161280100000091e+06,-9.430249999999999488e+01,-4.104149999999999920e+01
6.800000000000000000e+02,1.781424130000000150e+04,4.176075250000000233e+04,5.591773389999999927e+04,9.253156000000000176e+02,-3.267634202200000174e+06,2.327053134000000136e+05,3.493855380000000150e+04,0.000000000000000000e+00,5.072297772000000114e+05,-2.376342514500000048e+06,2.983077000000000112e+02,-2.883572291699999943e+06,-2.376835829400000162e+06,2.978636000000000195e+02,1.432640900000000101e+03,1.484230800000000045e+03,8.031034205699999817e+06,-2.541460000000000008e+01,2.766819999999999879e+01
6.900000000000000000e+02,1.770023489999999947e+04,4.193556530000000203e+04,5.593965159999999742e+04,9.207870000000000346e+02,-3.266407205800000113e+06,2.318350017999999982e+05,3.504957329999999638e+04,0.000000000000000000e+00,5.066189834999999730e+05,-2.376407408499999903e+06,2.979483999999999924e+02,-2.883026391999999993e+06,-2.376853000099999830e+06,2.978408999999999764e+02,-1.440487699999999904e+03,-1.383871900000000096e+03,8.031082445700000040e+06,-6.505599999999999739e+01,-1.185050000000000026e+01
7.000000000000000000e+02,1.785273749999999927e+04,4.213502100000000064e+04,5.589211230000000069e+04,9.031167000000000371e+02,-3.266046151899999939e+06,2.319103849000000046e+05,3.486603020000000106e+04,0.000000000000000000e+00,5.066249678999999887e+05,-2.375861781400000211e+06,2.979519999999999982e+02,-2.882486749299999792e+06,-2.376816356999999844e+06,2.978523000000000138e+02,9.554770999999999503e+02,1.008679399999999987e+03,8.030968520299999975e+06,-4.284349999999999881e+01,1.034779999999999944e+01
7.100000000000000000e+02,1.779252449999999953e+04,4.217524079999999958e+04,5.588916569999999774e+04,9.122450999999999794e+02,-3.266829420400000177e+06,2.322803985000000102e+05,3.491108819999999832e+04,0.000000000000000000e+00,5.072464871000000276e+05,-2.375622270399999805e+06,2.983174999999999955e+02,-2.882868757600000128e+06,-2.376781745699999854e+06,2.978838999999999828e+02,-1.083138400000000047e+03,-1.033100200000000086e+03,8.030982978299999610e+06,-4.457070000000000221e+01,8.319000000000000838e+00
7.200000000000000000e+02,1.781430489999999918e+04,4.201759479999999894e+04,5.598865969999999652e+04,9.078060000000000400e+02,-3.266630461600000039e+06,2.319071070999999938e+05,3.498005690000000322e+04,0.000000000000000000e+00,5.061667516000000178e+05,-2.376848180600000080e+06,2.976825000000000045e+02,-2.883014932200000156e+06,-2.376825157199999783e+06,2.978822999999999865e+02,2.549016000000000020e+02,3.082380999999999744e+02,8.030838813599999994e+06,-5.740120000000000289e+01,-4.584800000000000431e+00
7.300000000000000000e+02,1.758911010000000169e+04,4.204030610000000161e+04,5.592933769999999640e+04,8.836444000000000187e+02,-3.267250231399999931e+06,2.317275270000000019e+05,3.501617360000000190e+04,0.000000000000000000e+00,5.068137742999999900e+05,-2.377250358200000133e+06,2.980629999999999882e+02,-2.884064132499999832e+06,-2.376882515800000168e+06,2.978713999999999942e+02,4.626359999999999673e+01,9.964270000000000493e+01,8.030765053999999538e+06,-1.959100000000000108e+01,3.296159999999999712e+01
7.400000000000000000e+02,1.792327720000000045e+04,4.195939809999999852e+04,5.582784489999999641e+04,9.088008999999999560e+02,-3.267259963200000115e+06,2.325303206000000064e+05,3.469295810000000347e+04,0.000000000000000000e+00,5.060528332999999984e+05,-2.377364530300000217e+06,2.976154999999999973e+02,-2.883417363599999808e+06,-2.376926620300000068e+06,2.978493000000000279e+02,-8.087300999999999931e+02,-7.522566000000000486e+02,8.030679117499999702e+06,-6.894929999999999382e+01,-1.632999999999999829e+01
7.500000000000000000e+02,1.763316029999999955e+04,4.212528119999999763e+04,5.577997699999999895e+04,8.918911000000000513e+02,-3.266490753800000064e+06,2.314713233999999939e+05,3.477214529999999650e+04,0.000000000000000000e+00,5.063017924999999814e+05,-2.377515182899999898e+06,2.977619000000000256e+02,-2.883816975399999879e+06,-2.376970276099999901e+06,2.978405000000000200e+02,1.462558999999999969e+03,1.515756599999999935e+03,8.030522178899999708e+06,-1.310529999999999973e+01,3.956759999999999877e+01
7.600000000000000000e+02,1.758371809999999823e+04,4.224899740000000020e+04,5.592868359999999666e+04,9.275951999999999771e+02,-3.267242643099999987e+06,2.317677277999999933e+05,3.496218430000000080e+04,0.000000000000000000e+00,5.062048547999999719e+05,-2.377618882100000046e+06,2.977049000000000092e+02,-2.883823736899999902e+06,-2.376983915699999779e+06,2.978312000000000239e+02,-1.335241400000000112e+03,-1.282107500000000073e+03,8.030556394899999723e+06,-4.353640000000000043e+01,9.164600000000000080e+00
7.700000000000000000e+02,1.780851180000000022e+04,4.227074599999999919e+04,5.595130129999999917e+04,8.879632000000000289e+02,-3.267716501199999824e+06,2.319251718000000110e+05,3.477923879999999917e+04,0.000000000000000000e+00,5.065295838000000222e+05,-2.377563984600000083e+06,2.978958999999999833e+02,-2.884093568400000222e+06,-2.377003618999999948e+06,2.978125999999999749e+02,1.226616999999999962e+03,1.281634600000000091e+03,8.030441318799999543e+06,-3.476769999999999783e+01,1.811250000000000071e+01
7.800000000000000000e+02,1.780016460000000006e+04,4.219997069999999803e+04,5.586577649999999994e+04,8.813374000000000024e+02,-3.268306742699999828e+06,2.327963342999999877e+05,3.497160080000000016e+04,0.000000000000000000e+00,5.063769591999999830e+05,-2.377414599100000225e+06,2.978061000000000149e+02,-2.883791558300000150e+06,-2.376992421800000127e+06,2.978177000000000021e+02,-1.027757599999999911e+03,-9.738674999999999500e+02,8.030506071999999695e+06,-2.041610000000000014e+01,3.257269999999999754e+01
7.900000000000000000e+02,1.779942329999999856e+04,4.195624640000000363e+04,5.594933320000000094e+04,9.088079999999999927e+02,-3.268169470600000117e+06,2.323826093000000110e+05,3.501772170000000187e+04,0.000000000000000000e+00,5.070130917999999947e+05,-2.377142236899999902e+06,2.981802000000000135e+02,-2.884155328699999955e+06,-2.376983384699999820e+06,2.978471999999999866e+02,4.558244000000000256e+02,5.107490000000000236e+02,8.030433397900000215e+06,-5.368350000000000222e+01,-5.631000000000000449e-01
8.000000000000000000e+02,1.792316600000000108e+04,4.220064570000000094e+04,5.596756949999999779e+04,9.055368999999999460e+02,-3.267825658199999947e+06,2.322068368999999948e+05,3.481677019999999902e+04,0.000000000000000000e+00,5.063704135000000242e+05,-2.377434719500000123e+06,2.978023000000000025e+02,-2.883805132900000084e+06,-2.377001865100000054e+06,2.978482999999999947e+02,1.161186000000000007e+02,1.694515000000000100e+02,8.030464269299999811e+06,-1.508239999999999981e+01,3.830819999999999936e+01
8.100000000000000000e+02,1.759651520000000164e+04,4.207965389999999752e+04,5.602872340000000258e+04,8.944193000000000211e+02,-3.267462310300000012e+06,2.318571351999999897e+05,3.464224640000000363e+04,0.000000000000000000e+00,5.072182910000000265e+05,-2.377145325900000054e+06,2.983009000000000128e+02,-2.884363616799999960e+06,-2.377009828100000042e+06,2.978686000000000149e+02,-6.282087999999999965e+02,-5.740656999999999925e+02,8.030528016699999571e+06,-8.563079999999999359e+01,-3.199259999999999948e+01
8.200000000000000000e+02,1.806979100000000108e+04,4.175928139999999985e+04,5.600143619999999646e+04,9.173456999999999653e+02,-3.266540085299999919e+06,2.318191089999999967e+05,3.469928500000000349e+04,0.000000000000000000e+00,5.059606923999999999e+05,-2.377313144499999937e+06,2.975613000000000170e+02,-2.883273836899999995e+06,-2.377006643600000069e+06,2.978638000000000261e+02,3.947923999999999864e+02,4.490788999999999760e+02,8.030522382199999876e+06,-3.400300000000000011e+01,1.964910000000000068e+01
8.300000000000000000e+02,1.780368899999999849e+04,4.184610519999999815e+04,5.600188590000000113e+04,8.897083000000000084e+02,-3.265903808800000232e+06,2.308896923999999999e+05,3.487751670000000013e+04,0.000000000000000000e+00,5.061270531000000192e+05,-2.377468158199999947e+06,2.976591000000000236e+02,-2.883595211199999787e+06,-2.377010942900000140e+06,2.978826999999999998e+02,-7.060715999999999894e+02,-6.515968000000000302e+02,8.030544959699999541e+06,-7.793269999999999698e+01,-2.421130000000000138e+01
8.400000000000000000e+02,1.791279149999999936e+04,4.191844559999999910e+04,5.592971770000000106e+04,8.898908000000000129e+02,-3.265687738200000022e+06,2.305913472999999940e+05,3.461571820000000298e+04,0.000000000000000000e+00,5.059962041999999783e+05,-2.377833622899999842e+06,2.975822000000000003e+02,-2.883829827099999879e+06,-2.377035053499999922e+06,2.978752000000000066e+02,6.138236000000000558e+02,6.676885999999999513e+02,8.030458346199999563e+06,-4.950809999999999889e+01,4.282499999999999751e+00
8.500000000000000000e+02,1.786162199999999939e+04,4.172767650000000140e+04,5.594414209999999730e+04,8.895914000000000215e+02,-3.267117657199999783e+06,2.318415932000000030e+05,3.456365340000000288e+04,0.000000000000000000e+00,5.061224585000000079e+05,-2.378166920200000051e+06,2.976564000000000192e+02,-2.884289378699999768e+06,-2.377083966099999845e+06,2.978892999999999915e+02,-5.407824000000000524e+02,-4.861972000000000094e+02,8.030439336500000209e+06,-5.430630000000000024e+01,-4.753000000000000003e-01
8.600000000000000000e+02,1.787985610000000088e+04,4.205640830000000278e+04,5.598491849999999977e+04,9.325882000000000289e+02,-3.267737626699999906e+06,2.321447833999999857e+05,3.492359219999999914e+04,0.000000000000000000e+00,5.060132773000000161e+05,-2.377802202699999791e+06,2.975921999999999912e+02,-2.883815479999999981e+06,-2.377133412899999879e+06,2.978779999999999859e+02,7.455398999999999887e+02,7.994849000000000387e+02,8.030382975899999961e+06,-4.820150000000000290e+01,5.555399999999999672e+00
8.700000000000000000e+02,1.788965409999999974e+04,4.191149459999999817e+04,5.596171489999999903e+04,8.915864000000000260e+02,-3.268583526399999857e+06,2.327009040000000095e+05,3.473556459999999788e+04,0.000000000000000000e+00,5.067127508999999845e+05,-2.377779856800000183e+06,2.980036000000000058e+02,-2.884492607700000051e+06,-2.377194794000000227e+06,2.978697000000000230e+02,-7.215531999999999471e+02,-6.638682000000000016e+02,8.030435654600000009e+06,-2.937069999999999936e+01,2.468519999999999825e+01
8.800000000000000000e+02,1.783880740000000151e+04,4.185669419999999809e+04,5.594215050000000338e+04,9.200095000000000027e+02,-3.267621682299999986e+06,2.319866988000000129e+05,3.453861579999999958e+04,0.000000000000000000e+00,5.059954324999999953e+05,-2.378543273699999787e+06,2.975817000000000121e+02,-2.884538706199999899e+06,-2.377304831999999937e+06,2.978333999999999833e+02,4.454769999999999754e+02,5.001105999999999767e+02,8.030389951500000432e+06,-7.872889999999999588e+01,-2.452080000000000126e+01
8.900000000000000000e+02,1.758406490000000122e+04,4.206202790000000095e+04,5.596373500000000058e+04,9.017993999999999915e+02,-3.268179041499999817e+06,2.325489409999999916e+05,3.485335639999999694e+04,0.000000000000000000e+00,5.061294079999999958e+05,-2.378135708699999843e+06,2.976605000000000132e+02,-2.884265116799999960e+06,-2.377391246999999974e+06,2.978190000000000168e+02,-3.105507999999999811e+02,-2.565998000000000161e+02,8.030424694899999537e+06,-2.223199999999999932e+01,3.184280000000000044e+01
9.000000000000000000e+02,1.787187480000000141e+04,4.219843619999999646e+04,5.590002350000000297e+04,9.108413000000000466e+02,-3.268341373300000094e+06,2.323885719000000099e+05,3.475372550000000047e+04,0.000000000000000000e+00,5.068722109000000055e+05,-2.377445689199999906e+06,2.980973999999999933e+02,-2.884317900100000203e+06,-2.377470442400000058e+06,2.978263000000000034e+02,7.617879999999999541e+01,1.315504999999999995e+02,8.030430526100000367e+06,-6.619689999999999941e+01,-1.201370000000000005e+01
9.100000000000000000e+02,1.781648150000000169e+04,4.214816999999999825e+04,5.599552590000000055e+04,9.192693000000000438e+02,-3.268184967600000091e+06,2.326481701999999932e+05,3.472920380000000296e+04,0.000000000000000000e+00,5.067226371999999974e+05,-2.377205509699999820e+06,2.980094000000000278e+02,-2.883928146900000051e+06,-2.377549604299999774e+06,2.978109000000000037e+02,2.321579999999999870e+02,2.873247000000000071e+02,8.030499363300000317e+06,-4.320999999999999841e-01,5.400759999999999650e+01
9.200000000000000000e+02,1.785757400000000052e+04,4.203442210000000341e+04,5.592300519999999960e+04,8.945684999999999718e+02,-3.267839412599999923e+06,2.322242840999999898e+05,3.496587329999999929e+04,0.000000000000000000e+00,5.064768502999999910e+05,-2.377462835200000089e+06,2.978648999999999774e+02,-2.883939685500000138e+06,-2.377580337100000121e+06,2.978199999999999932e+02,-5.824895999999999958e+02,-5.284497000000000071e+02,8.030594544999999925e+06,-4.230169999999999675e+01,1.217319999999999958e+01
9.300000000000000000e+02,1.802115250000000015e+04,4.177130380000000150e+04,5.581074760000000242e+04,9.241950000000000500e+02,-3.266049132000000216e+06,2.308963680999999924e+05,3.509112709999999788e+04,0.000000000000000000e+00,5.064378636999999871e+05,-2.377096374100000132e+06,2.978419000000000096e+02,-2.883534237900000066e+06,-2.377572637899999972e+06,2.978088999999999942e+02,7.511978000000000293e+02,8.042237000000000080e+02,8.030620063199999742e+06,-7.054999999999999716e+00,4.740220000000000056e+01
9.400000000000000000e+02,1.767575920000000042e+04,4.189604750000000058e+04,5.588418370000000141e+04,9.000058000000000220e+02,-3.266706030400000047e+06,2.315949617000000144e+05,3.487081910000000062e+04,0.000000000000000000e+00,5.065233238000000129e+05,-2.377360929700000212e+06,2.978922000000000025e+02,-2.883884253500000108e+06,-2.377572457799999975e+06,2.978227999999999724e+02,-9.122495999999999867e+02,-8.578819999999999482e+02,8.030767051699999720e+06,-1.223090000000000011e+01,4.212089999999999890e+01
9.500000000000000000e+02,1.783422309999999925e+04,4.179645700000000215e+04,5.596891399999999703e+04,9.146925999999999704e+02,-3.266085132999999914e+06,2.313876290999999910e+05,3.487758759999999893e+04,0.000000000000000000e+00,5.059040816999999806e+05,-2.377401547999999952e+06,2.975280000000000200e+02,-2.883305629699999932e+06,-2.377566776099999901e+06,2.978111000000000104e+02,3.756077000000000226e+02,4.298122000000000185e+02,8.030806161700000055e+06,-6.657850000000000534e+01,-1.217629999999999946e+01
9.600000000000000000e+02,1.806523630000000048e+04,4.191735270000000310e+04,5.597423819999999978e+04,9.273526000000000522e+02,-3.265938669199999887e+06,2.306075290000000095e+05,3.504261809999999969e+04,0.000000000000000000e+00,5.057610177000000258e+05,-2.377643324500000104e+06,2.974438999999999851e+02,-2.883404342199999839e+06,-2.377567998199999798e+06,2.977980000000000018e+02,2.430920000000000059e+01,7.984310000000000684e+01,8.030927468999999575e+06,1.399000000000000021e+00,5.592130000000000223e+01
9.700000000000000000e+02,1.775596860000000015e+04,4.198830460000000312e+04,5.584830279999999766e+04,9.230797000000000025e+02,-3.265773646499999799e+06,2.308005096999999951e+05,3.468271570000000065e+04,0.000000000000000000e+00,5.066159724999999744e+05,-2.377158792799999937e+06,2.979467000000000212e+02,-2.883774765399999917e+06,-2.377547738599999808e+06,2.978004999999999995e+02,-6.010652000000000044e+02,-5.503005000000000564e+02,8.031052112700000405e+06,-8.998510000000000275e+01,-3.567549999999999955e+01
9.800000000000000000e+02,1.779819129999999859e+04,4.210561800000000221e+04,5.586342289999999775e+04,9.357182000000000244e+02,-3.265419748000000138e+06,2.312664732000000076e+05,3.487181470000000263e+04,0.000000000000000000e+00,5.058519937999999966e+05,-2.376726515999999829e+06,2.974974000000000274e+02,-2.882578509800000116e+06,-2.377513334499999881e+06,2.977850999999999999e+02,3.593330000000000268e+02,4.138763000000000147e+02,8.031115450100000016e+06,-2.063050000000000139e+01,3.371170000000000044e+01
9.900000000000000000e+02,1.791709619999999995e+04,4.207616950000000361e+04,5.594677290000000357e+04,9.220774000000000115e+02,-3.265280053299999796e+06,2.311729066999999923e+05,3.468917319999999745e+04,0.000000000000000000e+00,5.058045822000000044e+05,-2.376751275299999863e+06,2.974694999999999823e+02,-2.882555857499999925e+06,-2.377493786400000099e+06,2.977495999999999867e+02,-6.864555000000000291e+02,-6.313165999999999940e+02,8.031268473000000231e+06,-7.774450000000000216e+01,-2.339160000000000039e+01
1.000000000000000000e+03,1.778613499999999840e+04,4.216620719999999710e+04,5.588294210000000021e+04,9.029297000000000253e+02,-3.266883848499999847e+06,2.318965764999999956e+05,3.487853880000000208e+04,0.000000000000000000e+00,5.064428654000000097e+05,-2.376927653799999971e+06,2.978448999999999955e+02,-2.883370519199999981e+06,-2.377468433100000024e+06,2.977517000000000280e+02,3.523419000000000096e+02,4.050265999999999735e+02,8.031361268500000238e+06,-6.593340000000000600e+01,-1.161280000000000001e+01
1.010000000000000000e+03,1.778101959999999963e+04,4.207548990000000049e+04,5.601690329999999813e+04,9.035340999999999667e+02,-3.266961843299999833e+06,2.318135371999999916e+05,3.483971590000000288e+04,0.000000000000000000e+00,5.064072012000000104e+05,-2.377124442100000102e+06,2.978238999999999805e+02,-2.883531643300000113e+06,-2.377467388900000136e+06,2.977278999999999769e+02,-2.911621000000000095e+02,-2.397041000000000111e+02,8.031521537200000137e+06,-4.908100000000000307e+01,5.105299999999999727e+00
1.020000000000000000e+03,1.791150509999999849e+04,4.224683909999999742e+04,5.604379890000000159e+04,9.103546000000000049e+02,-3.266726526999999769e+06,2.318771716000000015e+05,3.486130619999999908e+04,0.000000000000000000e+00,5.056823775000000023e+05,-2.377193174099999946e+06,2.973976000000000113e+02,-2.882875551599999890e+06,-2.377461390399999917e+06,2.977196999999999889e+02,-1.656851000000000056e+02,-1.101124999999999972e+02,8.031665855200000107e+06,-7.710490000000000066e+01,-2.285429999999999851e+01
1.030000000000000000e+03,1.772292120000000068e+04,4.217598730000000069e+04,5.598959799999999814e+04,9.085578000000000429e+02,-3.266033638600000180e+06,2.309334389000000083e+05,3.478258209999999963e+04,0.000000000000000000e+00,5.060762126000000280e+05,-2.377444340600000229e+06,2.976292000000000257e+02,-2.883520553199999966e+06,-2.377460199500000104e+06,2.977182000000000244e+02,2.394020000000000081e+01,8.062749999999999773e+01,8.031778856399999931e+06,-4.060430000000000206e+01,1.375689999999999991e+01
1.040000000000000000e+03,1.761983160000000134e+04,4.214117599999999948e+04,5.591898339999999735e+04,9.414380999999999631e+02,-3.267137183100000024e+06,2.322054967999999935e+05,3.465949799999999959e+04,0.000000000000000000e+00,5.062272351999999955e+05,-2.377423524100000039e+06,2.977180999999999926e+02,-2.883650759300000034e+06,-2.377439694600000046e+06,2.977250000000000227e+02,2.035823000000000036e+02,2.586197999999999979e+02,8.031905692400000058e+06,-6.111639999999999873e+01,-6.696500000000000341e+00
1.050000000000000000e+03,1.781833720000000176e+04,4.207525420000000304e+04,5.590949710000000050e+04,8.876118000000000166e+02,-3.266665168699999806e+06,2.315642274000000034e+05,3.462380900000000111e+04,0.000000000000000000e+00,5.061102494999999763e+05,-2.377676182299999986e+06,2.976492999999999824e+02,-2.883786431799999904e+06,-2.377415157699999865e+06,2.977246000000000095e+02,-8.408369999999999891e+02,-7.872838000000000420e+02,8.032029480299999937e+06,-7.611910000000000309e+01,-2.175090000000000146e+01
1.060000000000000000e+03,1.764966019999999844e+04,4.213561389999999665e+04,5.594514029999999912e+04,9.537507000000000517e+02,-3.266339100200000219e+06,2.313850431999999855e+05,3.477731049999999959e+04,0.000000000000000000e+00,5.059768990999999805e+05,-2.377515682099999860e+06,2.975708000000000197e+02,-2.883492581300000194e+06,-2.377400831600000151e+06,2.977235000000000014e+02,9.663626000000000431e+02,1.021779999999999973e+03,8.032075726900000125e+06,-6.507800000000000296e+01,-1.063610000000000078e+01
1.070000000000000000e+03,1.779691289999999935e+04,4.203523189999999886e+04,5.586907519999999931e+04,8.833075000000000045e+02,-3.267007593900000211e+06,2.324584647999999870e+05,3.444100809999999910e+04,0.000000000000000000e+00,5.064672346000000252e+05,-2.377056359000000171e+06,2.978591999999999871e+02,-2.883523593499999959e+06,-2.377364656700000167e+06,2.977162999999999897e+02,-1.349152000000000044e+03,-1.295407500000000027e+03,8.032227863800000399e+06,-9.645789999999999509e+01,-4.221309999999999718e+01
1.080000000000000000e+03,1.763279630000000179e+04,4.218025469999999768e+04,5.595236809999999969e+04,8.846814000000000533e+02,-3.268084580200000200e+06,2.329728558999999950e+05,3.452333640000000014e+04,0.000000000000000000e+00,5.068805051000000094e+05,-2.377057782199999783e+06,2.981023000000000138e+02,-2.883938287399999797e+06,-2.377290382199999876e+06,2.977423000000000002e+02,6.033975000000000364e+02,6.582371000000000549e+02,8.032182076000000350e+06,-8.856189999999999429e+01,-3.430680000000000263e+01
1.090000000000000000e+03,1.775848319999999876e+04,4.196118400000000111e+04,5.586605019999999786e+04,9.144652999999999565e+02,-3.267574499600000214e+06,2.324404604999999865e+05,3.459308170000000246e+04,0.000000000000000000e+00,5.066256062999999849e+05,-2.377415168500000145e+06,2.979522999999999797e+02,-2.884040774799999781e+06,-2.377254355200000107e+06,2.977568999999999733e+02,-5.517238999999999578e+02,-4.969642000000000053e+02,8.032197575199999847e+06,-1.006205000000000069e+02,-4.632500000000000284e+01
1.100000000000000000e+03,1.783818809999999939e+04,4.216729989999999816e+04,5.575927550000000338e+04,9.171358000000000175e+02,-3.267184810800000094e+06,2.322568605000000098e+05,3.495027739999999903e+04,0.000000000000000000e+00,5.064343246999999974e+05,-2.376861448900000192e+06,2.978398000000000252e+02,-2.883295773599999957e+06,-2.377225143099999987e+06,2.977441000000000031e+02,-2.280321000000000140e+02,-1.739887999999999977e+02,8.032117458999999799e+06,-1.158311000000000064e+02,-6.160190000000000055e+01
1.110000000000000000e+03,1.790519399999999951e+04,4.216128429999999935e+04,5.588558540000000357e+04,8.966326000000000249e+02,-3.266330938999999780e+06,2.315337010000000009e+05,3.458241030000000319e+04,0.000000000000000000e+00,5.064776655000000028e+05,-2.376888466000000015e+06,2.978652999999999906e+02,-2.883366131500000134e+06,-2.377209291000000201e+06,2.977368999999999915e+02,5.087380999999999744e+02,5.631588000000000420e+02,8.032010595900000073e+06,-1.020020999999999987e+02,-4.781020000000000181e+01
1.120000000000000000e+03,1.757661330000000089e+04,4.212623210000000108e+04,5.594510599999999977e+04,9.034411000000000058e+02,-3.266925095199999865e+06,2.318607966000000015e+05,3.472488749999999709e+04,0.000000000000000000e+00,5.067722191999999923e+05,-2.377015799399999902e+06,2.980385999999999740e+02,-2.883788018600000069e+06,-2.377186939199999906e+06,2.977454999999999927e+02,-5.192921000000000049e+02,-4.658140000000000214e+02,8.031996212100000121e+06,-9.884220000000000539e+01,-4.467840000000000344e+01
1.130000000000000000e+03,1.795549030000000130e+04,4.204825359999999637e+04,5.595138410000000295e+04,8.978121999999999616e+02,-3.267639498300000094e+06,2.320597857000000076e+05,3.477620019999999931e+04,0.000000000000000000e+00,5.070557548999999999e+05,-2.376894817300000228e+06,2.982053000000000225e+02,-2.883950572300000116e+06,-2.377176861299999990e+06,2.977636999999999716e+02,5.370756000000000085e+02,5.925023999999999660e+02,8.031934775600000285e+06,-1.095482999999999976e+02,-5.526449999999999818e+01
1.140000000000000000e+03,1.783262269999999990e+04,4.201358430000000226e+04,5.604352519999999640e+04,9.070984999999999445e+02,-3.266849283400000073e+06,2.315254427000000142e+05,3.476249089999999705e+04,0.000000000000000000e+00,5.065730430000000051e+05,-2.377191475999999791e+06,2.979214000000000055e+02,-2.883764518999999855e+06,-2.377168388600000180e+06,2.977651999999999930e+02,-6.343985000000000127e+02,-5.777917999999999665e+02,8.031952135400000028e+06,-9.565579999999999927e+01,-4.125999999999999801e+01
1.150000000000000000e+03,1.773677470000000176e+04,4.212653710000000137e+04,5.600869230000000243e+04,9.216242999999999483e+02,-3.267776646600000095e+06,2.327965585000000137e+05,3.471158279999999650e+04,0.000000000000000000e+00,5.061516210999999894e+05,-2.377323255900000222e+06,2.976736000000000217e+02,-2.883474876999999862e+06,-2.377164473999999929e+06,2.977724999999999795e+02,1.767759000000000071e+02,2.308576999999999941e+02,8.031873617300000042e+06,-1.055973999999999933e+02,-5.120770000000000266e+01
1.160000000000000000e+03,1.779190490000000136e+04,4.193238229999999749e+04,5.604396689999999944e+04,9.141390999999999849e+02,-3.268270200399999972e+06,2.329261491000000096e+05,3.485729030000000057e+04,0.000000000000000000e+00,5.065021134999999776e+05,-2.377302254399999976e+06,2.978797000000000139e+02,-2.883804367899999954e+06,-2.377147420500000007e+06,2.977941999999999894e+02,1.088813999999999993e+02,1.646870000000000118e+02,8.031825138100000098e+06,-1.013687000000000040e+02,-4.696549999999999869e+01
1.170000000000000000e+03,1.800956120000000010e+04,4.217616090000000258e+04,5.587726490000000194e+04,8.970906999999999698e+02,-3.267277521100000013e+06,2.324083514999999898e+05,3.501568029999999999e+04,0.000000000000000000e+00,5.060876667000000016e+05,-2.376805745000000112e+06,2.976360000000000241e+02,-2.882893411700000055e+06,-2.377129768099999987e+06,2.977787000000000148e+02,-2.994209999999999923e+02,-2.450726999999999975e+02,8.031808803799999878e+06,-8.628650000000000375e+01,-3.170410000000000039e+01
1.180000000000000000e+03,1.784093560000000070e+04,4.213392119999999704e+04,5.589536420000000362e+04,8.961930999999999585e+02,-3.265748412399999797e+06,2.310218685000000114e+05,3.476236439999999857e+04,0.000000000000000000e+00,5.060935163000000175e+05,-2.377104249100000132e+06,2.976394000000000233e+02,-2.883197765399999917e+06,-2.377148654800000135e+06,2.977857999999999947e+02,1.981510000000000105e+02,2.520692999999999984e+02,8.031796697200000286e+06,-9.434560000000000457e+01,-3.979449999999999932e+01
1.190000000000000000e+03,1.781240559999999823e+04,4.193155189999999857e+04,5.589922209999999905e+04,9.145922000000000480e+02,-3.267428493600000162e+06,2.320392932999999903e+05,3.488296530000000348e+04,0.000000000000000000e+00,5.063563837000000058e+05,-2.377592079599999823e+06,2.977939999999999827e+02,-2.883948463299999945e+06,-2.377190694999999832e+06,2.978020000000000209e+02,-5.464208999999999605e+02,-4.944458000000000197e+02,8.031795907999999821e+06,-8.734390000000000498e+01,-3.295089999999999719e+01
1.200000000000000000e+03,1.777897330000000147e+04,4.212379320000000007e+04,5.593165310000000318e+04,9.255955999999999904e+02,-3.267184166100000031e+06,2.323220812999999907e+05,3.495782540000000154e+04,0.000000000000000000e+00,5.058593853000000236e+05,-2.377284858800000045e+06,2.975017000000000280e+02,-2.883144243999999948e+06,-2.377208555300000124e+06,2.977848999999999933e+02,3.902185999999999808e+02,4.445769000000000233e+02,8.031777499900000170e+06,-8.545010000000000616e+01,-3.097340000000000160e+01
1.210000000000000000e+03,1.784947810000000027e+04,4.176804890000000159e+04,5.594019729999999981e+04,9.297250999999999976e+02,-3.266506501300000120e+06,2.313162680000000109e+05,3.474996070000000327e+04,0.000000000000000000e+00,5.069556039999999921e+05,-2.376997219099999871e+06,2.981464000000000283e+02,-2.883952823100000154e+06,-2.377202194099999964e+06,2.978009999999999877e+02,-9.990112000000000307e+02,-9.430961999999999534e+02,8.031795237499999814e+06,-1.208425000000000011e+02,-6.614300000000000068e+01
1.220000000000000000e+03,1.776279149999999936e+04,4.203550390000000334e+04,5.591523300000000017e+04,8.871376999999999953e+02,-3.267085755599999800e+06,2.323308565999999992e+05,3.491893080000000191e+04,0.000000000000000000e+00,5.066111792000000132e+05,-2.376624122899999842e+06,2.979438999999999851e+02,-2.883235302199999802e+06,-2.377173741599999834e+06,2.978283000000000129e+02,7.324243000000000166e+02,7.859633999999999787e+02,8.031707814199999906e+06,-7.593710000000000093e+01,-2.133920000000000172e+01
1.230000000000000000e+03,1.774046889999999985e+04,4.215256220000000030e+04,5.589976559999999881e+04,9.361522999999999683e+02,-3.268141372400000226e+06,2.328374990000000107e+05,3.501394269999999960e+04,0.000000000000000000e+00,5.067368927999999723e+05,-2.376824089000000153e+06,2.980178000000000225e+02,-2.883560981800000183e+06,-2.377142728999999817e+06,2.978476999999999748e+02,-6.927804999999999609e+02,-6.380802999999999656e+02,8.031720687099999748e+06,-1.117730999999999995e+02,-5.727459999999999951e+01
1.240000000000000000e+03,1.783657379999999830e+04,4.192127120000000286e+04,5.589811929999999847e+04,8.951921999999999571e+02,-3.267491338099999819e+06,2.329611351000000141e+05,3.466628979999999865e+04,0.000000000000000000e+00,5.062128594000000157e+05,-2.377099897400000133e+06,2.977096000000000231e+02,-2.883312756800000090e+06,-2.377126547600000165e+06,2.978473000000000184e+02,4.100613999999999919e+02,4.641673000000000116e+02,8.031629004499999806e+06,-1.014491000000000014e+02,-4.699730000000000274e+01
1.250000000000000000e+03,1.800303659999999945e+04,4.194109569999999803e+04,5.597616219999999885e+04,9.027165999999999713e+02,-3.266697292200000025e+06,2.322317734000000055e+05,3.455023790000000008e+04,0.000000000000000000e+00,5.059174640999999829e+05,-2.377174805900000036e+06,2.975359000000000265e+02,-2.883092270000000019e+06,-2.377101478800000157e+06,2.978417000000000030e+02,-2.717223999999999933e+02,-2.177392000000000110e+02,8.031597846699999645e+06,-7.299339999999999407e+01,-1.851999999999999957e+01
1.260000000000000000e+03,1.773223470000000088e+04,4.183770859999999811e+04,5.575830580000000191e+04,8.849316999999999780e+02,-3.266563234300000127e+06,2.325032197999999917e+05,3.472130150000000140e+04,0.000000000000000000e+00,5.054812750000000233e+05,-2.377644257400000002e+06,2.972792999999999779e+02,-2.883125532399999909e+06,-2.377107907600000035e+06,2.978270999999999731e+02,2.587744999999999891e+02,3.137703999999999951e+02,8.031556590499999933e+06,-1.083727999999999980e+02,-5.392049999999999699e+01
1.270000000000000000e+03,1.789558940000000075e+04,4.194636400000000140e+04,5.590536660000000120e+04,9.010194000000000187e+02,-3.266144658100000117e+06,2.311528908999999985e+05,3.472339560000000347e+04,0.000000000000000000e+00,5.059052579999999725e+05,-2.377714774199999869e+06,2.975287000000000148e+02,-2.883620032199999783e+06,-2.377140828300000168e+06,2.978106000000000222e+02,2.263060000000000116e+01,7.649939999999999429e+01,8.031553491899999790e+06,-3.978370000000000317e+01,1.467479999999999940e+01
1.280000000000000000e+03,1.794070339999999851e+04,4.208792199999999866e+04,5.591197359999999753e+04,8.999130000000000109e+02,-3.266496894900000188e+06,2.315575648999999976e+05,3.468067450000000099e+04,0.000000000000000000e+00,5.056390874000000185e+05,-2.377779055999999866e+06,2.973722000000000207e+02,-2.883418143499999773e+06,-2.377176891999999993e+06,2.977740000000000009e+02,-5.303568000000000211e+02,-4.766637999999999806e+02,8.031534849200000055e+06,-9.647140000000000271e+01,-4.207019999999999982e+01
1.290000000000000000e+03,1.782928719999999885e+04,4.196463760000000184e+04,5.595136099999999715e+04,9.174543999999999642e+02,-3.267716085599999875e+06,2.333495750000000116e+05,3.471705580000000191e+04,0.000000000000000000e+00,5.056300452999999980e+05,-2.377356669400000013e+06,2.973668000000000120e+02,-2.882986714699999895e+06,-2.377173967100000009e+06,2.977447999999999979e+02,2.847441000000000031e+02,3.400294000000000096e+02,8.031454975599999540e+06,-5.464800000000000324e+01,-2.205000000000000016e-01
1.300000000000000000e+03,1.792629650000000038e+04,4.201261849999999686e+04,5.595453600000000006e+04,8.883215999999999894e+02,-3.268992821899999864e+06,2.337552166000000143e+05,3.496537490000000253e+04,0.000000000000000000e+00,5.064871959999999963e+05,-2.377003261799999978e+06,2.978709000000000060e+02,-2.883490457700000145e+06,-2.377181057699999772e+06,2.977463000000000193e+02,-2.214022999999999968e+02,-1.658238000000000056e+02,8.031431092199999839e+06,-5.431649999999999778e+01,1.877000000000000057e-01
1.310000000000000000e+03,1.781234809999999925e+04,4.204633469999999943e+04,5.595656689999999799e+04,9.179656999999999698e+02,-3.268656667100000195e+06,2.333509066999999923e+05,3.484192680000000109e+04,0.000000000000000000e+00,5.065909728999999934e+05,-2.377139645200000145e+06,2.979320000000000164e+02,-2.883730618100000080e+06,-2.377193616700000130e+06,2.977497000000000185e+02,1.150163000000000011e+02,1.673045999999999935e+02,8.031375879599999636e+06,-7.400260000000000105e+01,-1.960500000000000043e+01
1.320000000000000000e+03,1.782827330000000075e+04,4.215352040000000125e+04,5.594362720000000263e+04,9.194939000000000533e+02,-3.268262586699999869e+06,2.328342394999999960e+05,3.484431949999999779e+04,0.000000000000000000e+00,5.062181307999999844e+05,-2.377520982299999800e+06,2.977126999999999839e+02,-2.883739113100000191e+06,-2.377218875800000038e+06,2.977334000000000174e+02,2.068828000000000031e+02,2.628639999999999759e+02,8.031348718399999663e+06,-3.769380000000000308e+01,1.682890000000000086e+01
1.330000000000000000e+03,1.787637180000000080e+04,4.189215269999999873e+04,5.595448380000000179e+04,8.929358999999999469e+02,-3.267170868799999822e+06,2.315949555999999866e+05,3.463412140000000363e+04,0.000000000000000000e+00,5.063913952999999747e+05,-2.377934452300000004e+06,2.978145999999999844e+02,-2.884325847599999979e+06,-2.377270857600000221e+06,2.977137999999999920e+02,-6.122798999999999978e+02,-5.579094000000000051e+02,8.031357809999999590e+06,-9.516160000000000707e+01,-4.069169999999999732e+01
1.340000000000000000e+03,1.782938499999999840e+04,4.209691909999999916e+04,5.588622860000000219e+04,9.284383000000000266e+02,-3.266107342499999795e+06,2.314907615999999980e+05,3.461104349999999977e+04,0.000000000000000000e+00,5.054327989999999991e+05,-2.377831767399999779e+06,2.972508000000000266e+02,-2.883264566399999894e+06,-2.377302872099999804e+06,2.976802999999999884e+02,6.456690999999999576e+02,6.996200000000000045e+02,8.031262725200000219e+06,-3.115820000000000078e+01,2.317889999999999873e+01
1.350000000000000000e+03,1.794083429999999862e+04,4.206416859999999724e+04,5.586888420000000042e+04,9.059029000000000451e+02,-3.266181496600000188e+06,2.313118040000000037e+05,3.471627249999999913e+04,0.000000000000000000e+00,5.054499407999999821e+05,-2.377923689400000032e+06,2.972608999999999924e+02,-2.883373630200000014e+06,-2.377332893800000194e+06,2.976596999999999866e+02,-5.632668999999999642e+02,-5.060627999999999815e+02,8.031251670199999586e+06,-6.816039999999999566e+01,-1.366709999999999958e+01
1.360000000000000000e+03,1.777483910000000105e+04,4.196295059999999648e+04,5.586137339999999676e+04,8.756026000000000522e+02,-3.265790975000000093e+06,2.311322256000000052e+05,3.485481530000000203e+04,0.000000000000000000e+00,5.052311208999999799e+05,-2.378098047400000039e+06,2.971322000000000116e+02,-2.883329168300000019e+06,-2.377372683499999810e+06,2.976222999999999956e+02,4.226121999999999730e+02,4.764431000000000154e+02,8.031183350399999879e+06,-5.247379999999999711e+01,1.920700000000000074e+00
1.370000000000000000e+03,1.794325500000000102e+04,4.191735020000000077e+04,5.583089880000000267e+04,8.964728999999999814e+02,-3.266536681299999822e+06,2.318464827999999980e+05,3.477576129999999830e+04,0.000000000000000000e+00,5.055369332000000286e+05,-2.377789527100000065e+06,2.973120999999999867e+02,-2.883326460299999919e+06,-2.377421872599999886e+06,2.976061000000000263e+02,-6.386630000000000251e+01,-1.153149999999999942e+01,8.031196311099999584e+06,-4.069610000000000127e+01,1.359779999999999944e+01
1.380000000000000000e+03,1.791552839999999924e+04,4.187403659999999945e+04,5.589823939999999857e+04,8.892455999999999676e+02,-3.266362593900000211e+06,2.311850736000000034e+05,3.472204679999999644e+04,0.000000000000000000e+00,5.063213862000000081e+05,-2.377557037299999967e+06,2.977733999999999810e+02,-2.883878423500000034e+06,-2.377444512000000104e+06,2.976127999999999929e+02,-2.384527999999999963e+02,-1.871954000000000065e+02,8.031201730000000447e+06,-6.252629999999999910e+01,-8.365500000000000824e+00
1.390000000000000000e+03,1.790878159999999843e+04,4.190520070000000123e+04,5.585471560000000318e+04,8.930460000000000491e+02,-3.266132836099999957e+06,2.320764951000000001e+05,3.462344580000000133e+04,0.000000000000000000e+00,5.053419474000000046e+05,-2.377529203999999911e+06,2.971974000000000160e+02,-2.882871151300000027e+06,-2.377441368199999910e+06,2.975830000000000268e+02,3.146218000000000075e+02,3.699089000000000169e+02,8.031180107400000095e+06,-1.947419999999999973e+01,3.485229999999999961e+01
1.400000000000000000e+03,1.797441800000000148e+04,4.189476879999999801e+04,5.587398659999999654e+04,8.966096000000000004e+02,-3.266936017500000075e+06,2.325081449000000139e+05,3.494297230000000127e+04,0.000000000000000000e+00,5.055941757000000216e+05,-2.377250941600000020e+06,2.973457000000000221e+02,-2.882845117300000042e+06,-2.377439672300000209e+06,2.975751999999999953e+02,-6.689646000000000186e+02,-6.135295999999999594e+02,8.031197892799999565e+06,-7.243330000000000268e+01,-1.805310000000000059e+01
1.410000000000000000e+03,1.785248839999999836e+04,4.209473230000000331e+04,5.588379720000000088e+04,9.234080999999999904e+02,-3.267286845999999903e+06,2.320943691000000108e+05,3.502502760000000126e+04,0.000000000000000000e+00,5.065492587000000058e+05,-2.376863764599999879e+06,2.979073999999999955e+02,-2.883413023300000001e+06,-2.377432999600000214e+06,2.975631999999999948e+02,6.463210000000000264e+02,6.991947000000000116e+02,8.031148287800000049e+06,9.833299999999999486e+00,6.406149999999999523e+01
1.420000000000000000e+03,1.789694389999999839e+04,4.205781480000000010e+04,5.594761639999999898e+04,9.058495000000000346e+02,-3.266421149199999869e+06,2.314508439000000071e+05,3.467846699999999691e+04,0.000000000000000000e+00,5.069874766999999993e+05,-2.376496137000000104e+06,2.981652000000000271e+02,-2.883483613700000104e+06,-2.377426600300000049e+06,2.975742999999999938e+02,-9.310339000000000169e+02,-8.776112000000000535e+02,8.031188440100000240e+06,-7.333960000000000434e+01,-1.911730000000000018e+01
1.430000000000000000e+03,1.797040810000000056e+04,4.195998339999999735e+04,5.589578929999999673e+04,9.172993999999999915e+02,-3.265234187200000044e+06,2.312669500000000116e+05,3.461234780000000319e+04,0.000000000000000000e+00,5.062787742999999900e+05,-2.376332634899999946e+06,2.977484000000000037e+02,-2.882611409099999815e+06,-2.377402027600000147e+06,2.975607999999999720e+02,7.286717999999999620e+02,7.797856000000000449e+02,8.031124244699999690e+06,-2.266999999999999904e+00,5.177600000000000335e+01
1.440000000000000000e+03,1.807792620000000170e+04,4.232180399999999645e+04,5.588238949999999750e+04,9.280923000000000229e+02,-3.266568455300000031e+06,2.310787503999999899e+05,3.500198909999999887e+04,0.000000000000000000e+00,5.067353655000000144e+05,-2.376542138199999928e+06,2.980169000000000210e+02,-2.883277503699999768e+06,-2.377374139700000174e+06,2.975761999999999716e+02,-5.478351000000000113e+02,-4.934307000000000016e+02,8.031156356300000101e+06,-5.016179999999999950e+01,3.896100000000000119e+00
1.450000000000000000e+03,1.785688959999999861e+04,4.221906930000000284e+04,5.592366720000000350e+04,9.302617999999999938e+02,-3.267538748800000176e+06,2.327617217999999993e+05,3.499461720000000059e+04,0.000000000000000000e+00,5.066444714999999851e+05,-2.376208050400000066e+06,2.979633999999999787e+02,-2.882852521900000051e+06,-2.377325801899999846e+06,2.975975999999999999e+02,9.412350000000000705e+01,1.478278999999999996e+02,8.031107585199999623e+06,-3.186949999999999861e+01,2.217449999999999832e+01
1.460000000000000000e+03,1.777489270000000033e+04,4.199085059999999794e+04,5.594262840000000142e+04,9.347699000000000069e+02,-3.267267694699999876e+06,2.321866918000000005e+05,3.469489310000000114e+04,0.000000000000000000e+00,5.076000081999999820e+05,-2.376142959900000133e+06,2.985253999999999905e+02,-2.883742968100000173e+06,-2.377250737000000197e+06,2.976598999999999933e+02,-2.700840000000000174e+01,2.794170000000000087e+01,8.031093801300000399e+06,-4.615870000000000317e+01,7.883099999999999774e+00
1.470000000000000000e+03,1.815169169999999940e+04,4.229370100000000093e+04,5.587436069999999745e+04,8.733958000000000084e+02,-3.265967731999999844e+06,2.311304243000000133e+05,3.475803510000000097e+04,0.000000000000000000e+00,5.063717342000000062e+05,-2.376514389299999923e+06,2.978029999999999973e+02,-2.882886123500000220e+06,-2.377190717800000217e+06,2.976736000000000217e+02,-4.163016999999999825e+02,-3.603140999999999963e+02,8.031065038800000213e+06,-6.810529999999999973e+01,-1.395759999999999934e+01
1.480000000000000000e+03,1.780414830000000075e+04,4.211361779999999999e+04,5.585863919999999780e+04,9.167803000000000111e+02,-3.266697183000000194e+06,2.323454911000000138e+05,3.489310080000000016e+04,0.000000000000000000e+00,5.063923339999999735e+05,-2.376373071500000078e+06,2.978152000000000044e+02,-2.882765405400000047e+06,-2.377120418500000145e+06,2.976956999999999880e+02,2.949651999999999816e+02,3.494760999999999740e+02,8.030999343000000343e+06,-2.683920000000000172e+01,2.734939999999999927e+01
1.490000000000000000e+03,1.789668980000000010e+04,4.220003059999999823e+04,5.586885650000000169e+04,9.129610000000000127e+02,-3.268264926599999890e+06,2.325713373000000138e+05,3.487511220000000321e+04,0.000000000000000000e+00,5.074728523000000278e+05,-2.376467086899999995e+06,2.984506000000000085e+02,-2.883939939199999906e+06,-2.377075939400000032e+06,2.977499000000000251e+02,-3.369766999999999939e+02,-2.827108000000000061e+02,8.031005512600000016e+06,-5.792519999999999669e+01,-3.787599999999999856e+00
1.500000000000000000e+03,1.783685469999999987e+04,4.204923619999999937e+04,5.583243660000000091e+04,8.926875000000000000e+02,-3.267422072999999858e+06,2.321326400999999896e+05,3.477554080000000249e+04,0.000000000000000000e+00,5.068240719999999856e+05,-2.377078605099999812e+06,2.980690999999999917e+02,-2.883902677099999972e+06,-2.377079706600000151e+06,2.977597999999999843e+02,2.542923000000000116e+02,3.095794000000000210e+02,8.030981027099999599e+06,-3.414050000000000296e+01,1.998250000000000171e+01
1.510000000000000000e+03,1.788037139999999999e+04,4.191609949999999662e+04,5.579515039999999863e+04,8.993152000000000044e+02,-3.266791820400000084e+06,2.319885936999999976e+05,3.480901000000000204e+04,0.000000000000000000e+00,5.062517534999999916e+05,-2.377251526599999983e+06,2.977325000000000159e+02,-2.883503280100000091e+06,-2.377085300700000022e+06,2.977497999999999934e+02,6.207600000000000051e+01,1.140510000000000019e+02,8.030984872899999842e+06,-3.678750000000000142e+01,1.731980000000000075e+01
1.520000000000000000e+03,1.778108339999999953e+04,4.202536869999999908e+04,5.586541509999999835e+04,8.947091000000000349e+02,-3.267452657899999991e+06,2.323062703000000038e+05,3.474410979999999836e+04,0.000000000000000000e+00,5.067286609000000171e+05,-2.377107040699999779e+06,2.980129000000000019e+02,-2.883835701599999797e+06,-2.377064603600000031e+06,2.977649000000000115e+02,-3.966678999999999746e+02,-3.437556000000000154e+02,8.031021243300000206e+06,-6.696510000000000673e+01,-1.301110000000000078e+01
1.530000000000000000e+03,1.791165179999999964e+04,4.208628409999999712e+04,5.571777829999999813e+04,8.793718000000000075e+02,-3.267175038300000131e+06,2.318679263999999966e+05,3.471294440000000031e+04,0.000000000000000000e+00,5.070215173000000068e+05,-2.376977564199999906e+06,2.981852000000000089e+02,-2.883999081499999855e+06,-2.377016759200000204e+06,2.977833999999999719e+02,1.946692999999999927e+02,2.488568999999999960e+02,8.030988259100000374e+06,-2.661759999999999948e+01,2.732720000000000127e+01
1.540000000000000000e+03,1.809122000000000116e+04,4.208559120000000257e+04,5.587946399999999994e+04,8.914346000000000458e+02,-3.267789157899999991e+06,2.328097164000000048e+05,3.477913210000000254e+04,0.000000000000000000e+00,5.064854750999999815e+05,-2.376767124499999918e+06,2.978698999999999728e+02,-2.883252599500000011e+06,-2.376963526999999769e+06,2.978143000000000029e+02,3.225262999999999920e+02,3.747649999999999864e+02,8.031006160400000401e+06,-4.277470000000000283e+01,1.108440000000000047e+01
1.550000000000000000e+03,1.813533640000000014e+04,4.191066990000000078e+04,5.591700480000000243e+04,9.046734999999999900e+02,-3.266803148399999831e+06,2.321810541000000085e+05,3.481671830000000045e+04,0.000000000000000000e+00,5.060266300000000047e+05,-2.376911061400000006e+06,2.976000999999999976e+02,-2.882937691399999894e+06,-2.376912895599999931e+06,2.978312999999999988e+02,-7.130116000000000440e+02,-6.553663000000000238e+02,8.031036830699999817e+06,-5.026200000000000045e+01,3.619299999999999962e+00
1.560000000000000000e+03,1.777446919999999955e+04,4.194651559999999881e+04,5.590429140000000189e+04,9.310841000000000349e+02,-3.266786913399999961e+06,2.325527428000000073e+05,3.482176789999999892e+04,0.000000000000000000e+00,5.065758361000000150e+05,-2.376280206300000194e+06,2.979230999999999767e+02,-2.882856042400000151e+06,-2.376822003599999938e+06,2.978707999999999743e+02,1.303824599999999919e+03,1.359539600000000064e+03,8.031017320399999619e+06,-6.201399999999999579e+00,4.777409999999999712e+01
1.570000000000000000e+03,1.787337640000000101e+04,4.212374710000000050e+04,5.596747179999999935e+04,9.421746000000000549e+02,-3.265488317499999888e+06,2.309322294000000111e+05,3.462069499999999971e+04,0.000000000000000000e+00,5.064677077000000281e+05,-2.376560915399999823e+06,2.978595000000000255e+02,-2.883028623099999968e+06,-2.376760572999999858e+06,2.978981999999999744e+02,-1.115126500000000078e+03,-1.064037700000000086e+03,8.031189468999999575e+06,-5.876440000000000197e+01,-4.851200000000000401e+00
1.580000000000000000e+03,1.774880240000000049e+04,4.195550269999999728e+04,5.597608580000000075e+04,9.194325999999999794e+02,-3.265615784599999897e+06,2.318085885000000126e+05,3.473804660000000149e+04,0.000000000000000000e+00,5.062228243999999831e+05,-2.376246501499999780e+06,2.977155000000000200e+02,-2.882469325999999885e+06,-2.376695046200000215e+06,2.978953000000000202e+02,9.319307999999999765e+02,9.857708000000000084e+02,8.031237317400000058e+06,-2.452000000000000013e-01,5.379710000000000036e+01
1.590000000000000000e+03,1.788901689999999871e+04,4.189609079999999813e+04,5.591058239999999932e+04,9.197437999999999647e+02,-3.266376648000000045e+06,2.322547074999999895e+05,3.475115840000000026e+04,0.000000000000000000e+00,5.061481980999999796e+05,-2.376607150200000033e+06,2.976716000000000122e+02,-2.882755348300000187e+06,-2.376648943500000052e+06,2.979189999999999827e+02,-1.014958499999999958e+03,-9.600367999999999711e+02,8.031432025399999693e+06,-6.672419999999999618e+01,-1.270020000000000060e+01
1.600000000000000000e+03,1.775136660000000120e+04,4.183444640000000072e+04,5.592115490000000136e+04,8.994104999999999563e+02,-3.265683827000000048e+06,2.307382566999999981e+05,3.488619230000000243e+04,0.000000000000000000e+00,5.069383754000000190e+05,-2.376714624199999962e+06,2.981363000000000056e+02,-2.883652999600000214e+06,-2.376622127599999774e+06,2.979585999999999899e+02,3.920015999999999963e+02,4.448285000000000196e+02,8.031524687599999830e+06,-1.367590000000000039e+01,4.021770000000000067e+01
1.610000000000000000e+03,1.783584100000000035e+04,4.199610020000000077e+04,5.600599049999999988e+04,8.830168999999999642e+02,-3.266592518600000069e+06,2.315152356999999902e+05,3.481466470000000118e+04,0.000000000000000000e+00,5.064395058999999892e+05,-2.377102163600000087e+06,2.978428999999999860e+02,-2.883541669499999844e+06,-2.376634047600000165e+06,2.979553000000000225e+02,-1.062964999999999947e+02,-5.082699999999999818e+01,8.031692600999999791e+06,-5.130680000000000263e+01,2.716600000000000126e+00
1.620000000000000000e+03,1.769578580000000147e+04,4.207866419999999925e+04,5.593253250000000116e+04,9.087770000000000437e+02,-3.268074942900000140e+06,2.330090178000000014e+05,3.471834150000000227e+04,0.000000000000000000e+00,5.064777945000000182e+05,-2.377254029600000009e+06,2.978654000000000224e+02,-2.883731824099999852e+06,-2.376671942199999932e+06,2.979402999999999793e+02,-5.514171999999999798e+02,-4.974578000000000202e+02,8.031849166699999943e+06,-3.232589999999999719e+01,2.172429999999999950e+01
1.630000000000000000e+03,1.789202249999999913e+04,4.193415989999999874e+04,5.589837000000000262e+04,9.069754000000000360e+02,-3.268566084799999837e+06,2.334437600000000093e+05,3.477271809999999823e+04,0.000000000000000000e+00,5.069162625000000116e+05,-2.376801816500000190e+06,2.981232999999999720e+02,-2.883718078999999911e+06,-2.376695401300000027e+06,2.979590999999999781e+02,4.555684999999999718e+02,5.099644000000000119e+02,8.031952902800000273e+06,-4.598109999999999786e+01,8.233200000000000074e+00
1.640000000000000000e+03,1.775169440000000031e+04,4.179054220000000350e+04,5.592558780000000115e+04,9.431803999999999633e+02,-3.268375362499999814e+06,2.333605999000000011e+05,3.474005320000000211e+04,0.000000000000000000e+00,5.072220218999999925e+05,-2.376641682699999772e+06,2.983030999999999722e+02,-2.883863704599999823e+06,-2.376700378500000108e+06,2.979734000000000265e+02,-8.090610000000000355e+02,-7.554846000000000004e+02,8.032133207100000232e+06,-5.904240000000000066e+01,-4.869500000000000384e+00
1.650000000000000000e+03,1.783855419999999867e+04,4.193992489999999816e+04,5.586489239999999700e+04,9.099330999999999676e+02,-3.266700534200000111e+06,2.320053935000000056e+05,3.465069559999999910e+04,0.000000000000000000e+00,5.064382261999999755e+05,-2.377052914400000125e+06,2.978421000000000163e+02,-2.883491140600000042e+06,-2.376742621700000018e+06,2.979673000000000229e+02,5.886450999999999567e+02,6.453777000000000044e+02,8.032222290900000371e+06,-3.431629999999999825e+01,2.000799999999999912e+01
1.660000000000000000e+03,1.785688810000000012e+04,4.205607510000000184e+04,5.590046729999999661e+04,9.186041000000000167e+02,-3.266475178700000048e+06,2.318972468999999983e+05,3.477786080000000220e+04,0.000000000000000000e+00,5.065037888999999850e+05,-2.376564247500000056e+06,2.978806999999999903e+02,-2.883068036400000099e+06,-2.376763686100000050e+06,2.979350999999999772e+02,-7.014619999999999891e+02,-6.497631000000000085e+02,8.032413660699999891e+06,-6.803900000000000148e+01,-1.387720000000000020e+01
1.670000000000000000e+03,1.779973150000000169e+04,4.205426870000000054e+04,5.590876720000000205e+04,8.832125999999999522e+02,-3.266577573400000110e+06,2.321330621000000101e+05,3.470816389999999956e+04,0.000000000000000000e+00,5.067205030000000261e+05,-2.376369864500000142e+06,2.980081999999999880e+02,-2.883090367500000168e+06,-2.376756459900000133e+06,2.979452999999999747e+02,-8.157529999999999859e+01,-2.600590000000000046e+01,8.032507906600000337e+06,-5.130270000000000152e+01,2.838200000000000056e+00
1.680000000000000000e+03,1.777454430000000139e+04,4.220073879999999917e+04,5.587600460000000021e+04,9.174729999999999563e+02,-3.267116380299999844e+06,2.328165719999999856e+05,3.460224130000000150e+04,0.000000000000000000e+00,5.062153437000000267e+05,-2.376713462600000203e+06,2.977110999999999876e+02,-2.882928806199999992e+06,-2.376773479400000069e+06,2.979400999999999726e+02,-1.965632999999999981e+02,-1.429859999999999900e+02,8.032642940100000240e+06,-7.587909999999999400e+01,-2.178490000000000038e+01
1.690000000000000000e+03,1.778988969999999972e+04,4.205589039999999659e+04,5.588954750000000058e+04,9.405655000000000427e+02,-3.267196234800000209e+06,2.325210123000000021e+05,3.464888029999999708e+04,0.000000000000000000e+00,5.066091726999999955e+05,-2.376741276599999983e+06,2.979427000000000021e+02,-2.883350449299999978e+06,-2.376787188899999950e+06,2.979146999999999821e+02,-1.055713999999999970e+02,-5.428840000000000288e+01,8.032747606200000271e+06,-6.430880000000000507e+01,-1.036379999999999946e+01
1.700000000000000000e+03,1.777356569999999920e+04,4.170520700000000215e+04,5.582547630000000208e+04,9.436905000000000427e+02,-3.265560716299999971e+06,2.320028592000000062e+05,3.470596110000000044e+04,0.000000000000000000e+00,5.053164472999999998e+05,-2.377287509200000204e+06,2.971823999999999728e+02,-2.882603956600000151e+06,-2.376797634099999908e+06,2.978704000000000178e+02,5.230899999999999750e+01,1.075075999999999965e+02,8.032843729399999604e+06,-7.440800000000000125e+01,-2.046740000000000137e+01
1.710000000000000000e+03,1.781233360000000175e+04,4.194175220000000263e+04,5.587239059999999881e+04,9.080454999999999472e+02,-3.266150762999999803e+06,2.320211114999999991e+05,3.460352870000000257e+04,0.000000000000000000e+00,5.057790504000000074e+05,-2.377212550400000066e+06,2.974544999999999959e+02,-2.882991600800000131e+06,-2.376795685300000012e+06,2.978564999999999827e+02,-1.106032699999999977e+03,-1.052397400000000061e+03,8.032931844299999997e+06,-1.328134000000000015e+02,-7.878979999999999961e+01
1.720000000000000000e+03,1.742799970000000030e+04,4.175915050000000338e+04,5.587950020000000222e+04,8.884614000000000260e+02,-3.266079982799999882e+06,2.325154090999999898e+05,3.463366139999999723e+04,0.000000000000000000e+00,5.059128290999999736e+05,-2.377062971299999859e+06,2.975330999999999904e+02,-2.882975800499999896e+06,-2.376793481800000183e+06,2.978324999999999818e+02,9.269279000000000224e+02,9.783355000000000246e+02,8.032883197399999946e+06,-6.663360000000000127e+01,-1.268520000000000003e+01
1.730000000000000000e+03,1.750970160000000033e+04,4.213777909999999974e+04,5.597483439999999973e+04,9.026771999999999707e+02,-3.266854842300000135e+06,2.324790505999999878e+05,3.457014650000000256e+04,0.000000000000000000e+00,5.063771241000000155e+05,-2.376903528700000141e+06,2.978061999999999898e+02,-2.883280652799999807e+06,-2.376789780100000091e+06,2.978136000000000081e+02,-5.853683999999999514e+02,-5.300693999999999733e+02,8.032963949400000274e+06,-1.056354999999999933e+02,-5.163159999999999883e+01
1.740000000000000000e+03,1.780051949999999852e+04,4.194774799999999959e+04,5.588860240000000340e+04,9.012655999999999494e+02,-3.267759732299999800e+06,2.330102270000000135e+05,3.487793400000000111e+04,0.000000000000000000e+00,5.068517371999999741e+05,-2.376481698499999940e+06,2.980853000000000179e+02,-2.883333435699999798e+06,-2.376775508799999952e+06,2.978242999999999938e+02,2.991218999999999824e+02,3.562459999999999809e+02,8.032965402400000021e+06,-1.068057000000000016e+02,-5.255749999999999744e+01
1.750000000000000000e+03,1.777787629999999990e+04,4.178621729999999661e+04,5.590241990000000078e+04,9.201616000000000213e+02,-3.267226043899999931e+06,2.326305783999999985e+05,3.482852479999999923e+04,0.000000000000000000e+00,5.066241187999999966e+05,-2.376756146800000221e+06,2.979515000000000100e+02,-2.883380265600000042e+06,-2.376767762999999803e+06,2.978419000000000096e+02,-3.084202999999999975e+02,-2.558009999999999877e+02,8.032986078800000250e+06,-8.657620000000000005e+01,-3.257920000000000016e+01
1.760000000000000000e+03,1.785748489999999947e+04,4.180890409999999974e+04,5.589094969999999739e+04,9.253071999999999662e+02,-3.267623252100000158e+06,2.326499872000000032e+05,3.488379060000000027e+04,0.000000000000000000e+00,5.065651455999999889e+05,-2.377041682800000068e+06,2.979168000000000234e+02,-2.883606828499999829e+06,-2.376805836899999995e+06,2.978416000000000281e+02,-4.577499999999999858e+01,7.674900000000000055e+00,8.032967411399999633e+06,-1.540561999999999898e+02,-1.001724999999999994e+02
1.770000000000000000e+03,1.785910829999999987e+04,4.180623640000000159e+04,5.592347649999999703e+04,8.891552000000000362e+02,-3.267051390300000086e+06,2.320842185999999929e+05,3.494176709999999730e+04,0.000000000000000000e+00,5.063944896999999764e+05,-2.377152938300000038e+06,2.978163999999999874e+02,-2.883547427999999840e+06,-2.376835438000000082e+06,2.978394000000000119e+02,2.280090999999999894e+02,2.827110000000000127e+02,8.032934696999999695e+06,-8.689939999999999998e+01,-3.283500000000000085e+01
1.780000000000000000e+03,1.779935080000000016e+04,4.206620799999999872e+04,5.586346080000000075e+04,8.941734000000000151e+02,-3.265854609999999870e+06,2.312321389999999956e+05,3.474643510000000242e+04,0.000000000000000000e+00,5.058631381999999867e+05,-2.377389704700000118e+06,2.975038999999999874e+02,-2.883252842900000047e+06,-2.376892598199999891e+06,2.978288999999999760e+02,-7.286988999999999805e+02,-6.735394999999999754e+02,8.032951775200000033e+06,-1.699309000000000083e+02,-1.158006000000000029e+02
1.790000000000000000e+03,1.788729349999999977e+04,4.190603340000000026e+04,5.588501200000000244e+04,9.258764999999999645e+02,-3.266034315299999900e+06,2.317455657000000065e+05,3.462863940000000002e+04,0.000000000000000000e+00,5.058878025999999954e+05,-2.377168092300000135e+06,2.975183999999999855e+02,-2.883055894900000188e+06,-2.376920645299999975e+06,2.978211999999999762e+02,3.112010000000000218e+02,3.636331000000000131e+02,8.032859569699999876e+06,-1.036229000000000013e+02,-4.961710000000000065e+01
1.800000000000000000e+03,1.780009979999999996e+04,4.167109440000000177e+04,5.596675269999999728e+04,8.776948999999999614e+02,-3.265830793899999931e+06,2.315489741999999969e+05,3.467344950000000244e+04,0.000000000000000000e+00,5.057463457000000053e+05,-2.377546382699999958e+06,2.974352000000000089e+02,-2.883292728399999905e+06,-2.376962233200000133e+06,2.977862000000000080e+02,-1.383103999999999871e+02,-8.586209999999999809e+01,8.032815448099999689e+06,-1.301384999999999934e+02,-7.615160000000000196e+01
1.810000000000000000e+03,1.786246589999999924e+04,4.176507549999999901e+04,5.607314899999999761e+04,8.821037999999999784e+02,-3.267293991400000174e+06,2.319791969000000099e+05,3.474372050000000309e+04,0.000000000000000000e+00,5.065869933999999776e+05,-2.377401286499999929e+06,2.979295999999999935e+02,-2.883988279999999795e+06,-2.376977189300000202e+06,2.977905000000000086e+02,-2.398003999999999962e+02,-1.864117999999999995e+02,8.032733450400000438e+06,-1.368137000000000114e+02,-8.293080000000000496e+01
1.820000000000000000e+03,1.775712759999999980e+04,4.185369079999999667e+04,5.593185650000000169e+04,9.089356999999999971e+02,-3.265880083099999931e+06,2.316700764999999956e+05,3.465260599999999977e+04,0.000000000000000000e+00,5.061532397999999812e+05,-2.376952550299999770e+06,2.976745000000000232e+02,-2.883105790200000163e+06,-2.376962115400000010e+06,2.977810000000000059e+02,5.044649000000000001e+02,5.580599999999999454e+02,8.032641040900000371e+06,-8.401959999999999695e+01,-3.015500000000000114e+01
1.830000000000000000e+03,1.780209189999999944e+04,4.191693039999999746e+04,5.600300720000000001e+04,9.204148999999999887e+02,-3.266283667899999768e+06,2.317899251999999979e+05,3.488097039999999834e+04,0.000000000000000000e+00,5.063979927000000025e+05,-2.376572335099999793e+06,2.978184999999999718e+02,-2.882970327800000086e+06,-2.376950641299999785e+06,2.977656999999999812e+02,-2.246329000000000065e+02,-1.725562999999999931e+02,8.032632328599999659e+06,-1.180296000000000021e+02,-6.428100000000000591e+01
1.840000000000000000e+03,1.767258030000000144e+04,4.200566210000000137e+04,5.596595160000000033e+04,9.000117000000000189e+02,-3.266386686199999880e+06,2.320516514000000025e+05,3.495210839999999735e+04,0.000000000000000000e+00,5.065459315000000061e+05,-2.376292789100000169e+06,2.979055000000000177e+02,-2.882838720600000117e+06,-2.376933196599999908e+06,2.977457999999999743e+02,1.922926999999999964e+02,2.443442000000000007e+02,8.032640317400000058e+06,-6.796200000000000330e+01,-1.428950000000000031e+01
1.850000000000000000e+03,1.783054149999999936e+04,4.197507759999999689e+04,5.594376329999999871e+04,8.903273000000000366e+02,-3.266656799099999946e+06,2.322536363999999885e+05,3.476935010000000329e+04,0.000000000000000000e+00,5.070043679000000120e+05,-2.375989734800000209e+06,2.981750999999999863e+02,-2.882994102799999993e+06,-2.376880037599999923e+06,2.977624999999999886e+02,-3.681265000000000214e+02,-3.146671000000000049e+02,8.032692543399999849e+06,-1.158004999999999995e+02,-6.229180000000000206e+01
1.860000000000000000e+03,1.792119510000000082e+04,4.176989229999999952e+04,5.604536099999999715e+04,9.113871000000000322e+02,-3.266127451299999841e+06,2.322214672000000137e+05,3.480422520000000077e+04,0.000000000000000000e+00,5.068959940000000061e+05,-2.375557929500000086e+06,2.981114000000000033e+02,-2.882453923500000034e+06,-2.376829721700000111e+06,2.977740000000000009e+02,3.865178000000000225e+02,4.410085000000000264e+02,8.032728257899999619e+06,-6.140160000000000196e+01,-7.753199999999999648e+00
1.870000000000000000e+03,1.775129079999999885e+04,4.202039830000000075e+04,5.594421970000000147e+04,8.888112999999999602e+02,-3.266044314199999906e+06,2.314130756000000110e+05,3.497651189999999769e+04,0.000000000000000000e+00,5.076147570999999880e+05,-2.375435249600000214e+06,2.985341000000000236e+02,-2.883050006699999794e+06,-2.376782990999999922e+06,2.978002999999999929e+02,-9.344565000000000055e+02,-8.837928000000000566e+02,8.032825640700000338e+06,-1.040455999999999932e+02,-5.064260000000000161e+01
1.880000000000000000e+03,1.801273579999999856e+04,4.203617109999999957e+04,5.600650009999999747e+04,9.148681000000000267e+02,-3.266168893300000113e+06,2.318033398999999918e+05,3.495870769999999902e+04,0.000000000000000000e+00,5.071235352999999886e+05,-2.375313035399999935e+06,2.982452000000000112e+02,-2.882436570700000040e+06,-2.376712969599999953e+06,2.978269999999999982e+02,8.269528000000000247e+02,8.820480999999999767e+02,8.032821334400000051e+06,-5.286979999999999791e+01,6.091999999999999638e-01
1.890000000000000000e+03,1.796141839999999866e+04,4.195989860000000044e+04,5.598623679999999877e+04,8.951029999999999518e+02,-3.265947485100000165e+06,2.319203411999999953e+05,3.498466249999999854e+04,0.000000000000000000e+00,5.068318363999999710e+05,-2.375407988200000022e+06,2.980735999999999990e+02,-2.882239824500000104e+06,-2.376646305199999828e+06,2.978335999999999899e+02,-8.648510999999999740e+02,-8.092809999999999491e+02,8.032939792999999598e+06,-9.083379999999999654e+01,-3.714050000000000296e+01
1.900000000000000000e+03,1.768566370000000097e+04,4.212497340000000258e+04,5.590867259999999806e+04,9.324020000000000437e+02,-3.266105763199999928e+06,2.315024238999999943e+05,3.480380520000000251e+04,0.000000000000000000e+00,5.080362059000000008e+05,-2.375111616400000174e+06,2.987819000000000074e+02,-2.883147822300000116e+06,-2.376537510600000154e+06,2.979134999999999991e+02,3.028654000000000224e+02,3.546960000000000264e+02,8.032958408599999733e+06,-7.830599999999999739e+01,-2.478109999999999857e+01
1.910000000000000000e+03,1.791609850000000006e+04,4.184712649999999849e+04,5.591453910000000178e+04,9.211720000000000255e+02,-3.266365698100000154e+06,2.320710958999999857e+05,3.467931900000000314e+04,0.000000000000000000e+00,5.070232029999999795e+05,-2.375993143900000025e+06,2.981861999999999853e+02,-2.883016346899999771e+06,-2.376476540299999993e+06,2.979501000000000204e+02,5.907549999999999812e+01,1.125614000000000061e+02,8.033025409699999727e+06,-2.005059999999999931e+01,3.346690000000000254e+01
1.920000000000000000e+03,1.800615480000000025e+04,4.180714179999999760e+04,5.584758699999999953e+04,9.123304000000000542e+02,-3.265846279099999927e+06,2.318784274999999907e+05,3.457248419999999896e+04,0.000000000000000000e+00,5.064792366000000038e+05,-2.376342916900000069e+06,2.978663000000000238e+02,-2.882822153500000015e+06,-2.376440537500000093e+06,2.979667999999999779e+02,-3.027015000000000100e+02,-2.482528000000000077e+02,8.033095257000000216e+06,-8.153199999999999648e+01,-2.786250000000000071e+01
1.930000000000000000e+03,1.800663609999999971e+04,4.212624100000000180e+04,5.601041000000000349e+04,9.369547000000000025e+02,-3.265592931400000118e+06,2.313827399999999907e+05,3.466821790000000328e+04,0.000000000000000000e+00,5.062368750000000000e+05,-2.376224856699999887e+06,2.977237000000000080e+02,-2.882461731600000057e+06,-2.376406603899999987e+06,2.979626999999999839e+02,2.001354000000000042e+02,2.554802999999999997e+02,8.033150734600000083e+06,-4.225690000000000168e+01,1.141499999999999915e+01
1.940000000000000000e+03,1.803721440000000075e+04,4.196904710000000341e+04,5.594142960000000312e+04,9.190058000000000220e+02,-3.266402480500000063e+06,2.317674088000000047e+05,3.463234730000000127e+04,0.000000000000000000e+00,5.070990469000000157e+05,-2.376036980500000063e+06,2.982307999999999879e+02,-2.883136027499999851e+06,-2.376384367999999784e+06,2.979698999999999955e+02,-7.424509000000000469e+02,-6.874048999999999978e+02,8.033225276899999939e+06,-9.433549999999999613e+01,-4.076760000000000161e+01
1.950000000000000000e+03,1.809828919999999925e+04,4.224164740000000165e+04,5.584954050000000279e+04,9.466639999999999873e+02,-3.266574009500000160e+06,2.318274550999999919e+05,3.476980299999999988e+04,0.000000000000000000e+00,5.066608739000000060e+05,-2.376179736399999820e+06,2.979730999999999881e+02,-2.882840610299999826e+06,-2.376355547499999870e+06,2.979710000000000036e+02,5.940670000000000073e+02,6.485032999999999674e+02,8.033215831199999899e+06,-4.921110000000000184e+01,4.447600000000000442e+00
1.960000000000000000e+03,1.800213339999999880e+04,4.204133299999999872e+04,5.599786540000000241e+04,9.073989000000000260e+02,-3.266472434599999804e+06,2.314817478999999876e+05,3.467955189999999857e+04,0.000000000000000000e+00,5.069946491999999853e+05,-2.376367754900000058e+06,2.981693999999999960e+02,-2.883362404099999927e+06,-2.376321851100000087e+06,2.979836000000000240e+02,-1.250757000000000062e+03,-1.196225200000000086e+03,8.033241519700000063e+06,-1.094602000000000004e+02,-5.574739999999999895e+01
1.970000000000000000e+03,1.782245149999999921e+04,4.213668920000000071e+04,5.586185889999999927e+04,9.097892000000000507e+02,-3.265930804299999960e+06,2.319506037000000069e+05,3.464097080000000278e+04,0.000000000000000000e+00,5.057625203999999794e+05,-2.376845920700000133e+06,2.974447999999999865e+02,-2.882608441099999938e+06,-2.376306500200000126e+06,2.979651000000000067e+02,9.950472999999999502e+02,1.048241099999999960e+03,8.033136528800000437e+06,-7.110829999999999984e+01,-1.747090000000000032e+01
1.980000000000000000e+03,1.797364519999999902e+04,4.188183540000000357e+04,5.593499300000000221e+04,9.132856000000000449e+02,-3.267059828600000124e+06,2.323937569000000076e+05,3.485397490000000107e+04,0.000000000000000000e+00,5.059930749000000069e+05,-2.377115262699999847e+06,2.975803000000000225e+02,-2.883108337600000203e+06,-2.376292778100000229e+06,2.979689000000000192e+02,-1.329128600000000006e+03,-1.271698200000000043e+03,8.033124120799999684e+06,-1.011298000000000030e+02,-4.737879999999999825e+01
1.990000000000000000e+03,1.778227990000000136e+04,4.188345640000000276e+04,5.590493839999999909e+04,9.110162000000000262e+02,-3.266753927399999928e+06,2.318642735999999859e+05,3.468368929999999818e+04,0.000000000000000000e+00,5.066725828999999794e+05,-2.377051690599999856e+06,2.979800000000000182e+02,-2.883724273599999957e+06,-2.376286958099999931e+06,2.979920000000000186e+02,1.419939800000000105e+03,1.477271199999999908e+03,8.032963094999999739e+06,-4.569290000000000163e+01,8.303100000000000591e+00
2.000000000000000000e+03,1.783803879999999845e+04,4.185359750000000349e+04,5.589715969999999652e+04,9.070606000000000222e+02,-3.266776168800000101e+06,2.316990248000000138e+05,3.475098329999999987e+04,0.000000000000000000e+00,5.069745702000000165e+05,-2.376855734100000001e+06,2.981576000000000022e+02,-2.883830304200000130e+06,-2.376252425600000191e+06,2.980280999999999949e+02,-1.203088799999999992e+03,-1.150198499999999967e+03,8.032962912299999967e+06,-9.893179999999999552e+01,-4.491369999999999862e+01
2.010000000000000000e+03,1.791959950000000026e+04,4.203283630000000267e+04,5.595838450000000012e+04,9.285108000000000175e+02,-3.267858336300000083e+06,2.321756437999999907e+05,3.461559229999999661e+04,0.000000000000000000e+00,5.076187719999999972e+05,-2.376608997099999804e+06,2.985364000000000146e+02,-2.884227769100000151e+06,-2.376212811100000050e+06,2.980584000000000060e+02,9.681568999999999505e+02,1.022311599999999999e+03,8.032824683000000194e+06,-3.853390000000000271e+01,1.552250000000000085e+01
2.020000000000000000e+03,1.788233450000000084e+04,4.232629679999999644e+04,5.597793959999999788e+04,9.094566999999999553e+02,-3.268925767500000075e+06,2.330677025000000140e+05,3.471029540000000270e+04,0.000000000000000000e+00,5.067672668999999878e+05,-2.377284475099999923e+06,2.980357000000000198e+02,-2.884051742000000086e+06,-2.376229407399999909e+06,2.980765000000000100e+02,-8.207881999999999607e+02,-7.683921000000000276e+02,8.032776928899999708e+06,-1.047965999999999980e+02,-5.080019999999999669e+01
2.030000000000000000e+03,1.760199179999999978e+04,4.212882680000000255e+04,5.588829179999999906e+04,9.065933999999999742e+02,-3.268610052600000054e+06,2.329753416000000143e+05,3.468812350000000151e+04,0.000000000000000000e+00,5.067805026000000071e+05,-2.377640381200000178e+06,2.980434000000000196e+02,-2.884420883700000122e+06,-2.376282809700000100e+06,2.980876999999999839e+02,4.025308999999999742e+02,4.584947999999999979e+02,8.032633284699999727e+06,-7.343840000000000146e+01,-1.924759999999999849e+01
2.040000000000000000e+03,1.773789530000000013e+04,4.201338969999999972e+04,5.597324599999999919e+04,9.164357999999999720e+02,-3.269364314699999988e+06,2.331926443000000145e+05,3.467662640000000101e+04,0.000000000000000000e+00,5.067196231999999727e+05,-2.378134453900000080e+06,2.980076000000000249e+02,-2.884854077099999879e+06,-2.376374892899999861e+06,2.980928000000000111e+02,-4.096549999999999869e+01,1.369630000000000081e+01,8.032566425200000405e+06,-8.510129999999999484e+01,-3.078000000000000114e+01
2.050000000000000000e+03,1.761719029999999839e+04,4.196803760000000329e+04,5.589960289999999804e+04,8.990329000000000406e+02,-3.269700548500000034e+06,2.336753295999999973e+05,3.481053489999999874e+04,0.000000000000000000e+00,5.063872334999999730e+05,-2.378443586800000165e+06,2.978122000000000185e+02,-2.884830820299999788e+06,-2.376497585500000045e+06,2.980747000000000071e+02,-5.087567000000000235e+02,-4.538548000000000116e+02,8.032495968299999833e+06,-9.213280000000000314e+01,-3.773940000000000339e+01
2.060000000000000000e+03,1.761877530000000115e+04,4.192567599999999948e+04,5.594421029999999882e+04,9.221015999999999622e+02,-3.268804849200000055e+06,2.329242184000000125e+05,3.476032299999999668e+04,0.000000000000000000e+00,5.062298597999999765e+05,-2.378479684799999930e+06,2.977196000000000140e+02,-2.884709544600000139e+06,-2.376643673299999908e+06,2.980550999999999817e+02,7.652336000000000240e+02,8.193867000000000189e+02,8.032359282899999991e+06,-7.319700000000000273e+01,-1.882049999999999912e+01
2.070000000000000000e+03,1.768303250000000116e+04,4.202745829999999842e+04,5.593459569999999803e+04,9.242341000000000122e+02,-3.267718901099999901e+06,2.320657675999999919e+05,3.481413799999999901e+04,0.000000000000000000e+00,5.058232919000000111e+05,-2.378446383100000210e+06,2.974805000000000064e+02,-2.884269674899999984e+06,-2.376794229999999981e+06,2.980024000000000228e+02,-6.400659000000000560e+02,-5.837324999999999591e+02,8.032315667999999598e+06,-5.847749999999999915e+01,-3.817499999999999893e+00
2.080000000000000000e+03,1.791007619999999952e+04,4.210909820000000036e+04,5.593437890000000334e+04,8.905936000000000377e+02,-3.268495404200000223e+06,2.330177419999999984e+05,3.491590290000000095e+04,0.000000000000000000e+00,5.055673445000000065e+05,-2.378150267899999861e+06,2.973299999999999841e+02,-2.883717612399999984e+06,-2.376936091599999927e+06,2.979565999999999804e+02,3.967318000000000211e+02,4.514730000000000132e+02,8.032198000599999912e+06,-7.998850000000000193e+01,-2.534619999999999962e+01
2.090000000000000000e+03,1.789262269999999990e+04,4.191218510000000242e+04,5.594191720000000350e+04,9.024710000000000036e+02,-3.267823439799999818e+06,2.320689537000000128e+05,3.486807559999999648e+04,0.000000000000000000e+00,5.058772047000000020e+05,-2.378360009899999946e+06,2.975122000000000071e+02,-2.884237214499999769e+06,-2.377083692700000014e+06,2.979286000000000172e+02,-4.913790000000000191e+02,-4.345878999999999905e+02,8.032114995199999772e+06,-6.131490000000000151e+01,-6.611600000000000144e+00
2.100000000000000000e+03,1.790577490000000034e+04,4.169685960000000341e+04,5.587245779999999650e+04,9.161585000000000036e+02,-3.267888485100000165e+06,2.326167793999999994e+05,3.491611890000000130e+04,0.000000000000000000e+00,5.062860874000000185e+05,-2.377678248699999880e+06,2.977527000000000044e+02,-2.883964336099999957e+06,-2.377212024300000165e+06,2.978770999999999844e+02,1.221310000000000002e+02,1.738996999999999957e+02,8.031967546600000001e+06,-7.035160000000000480e+01,-1.565140000000000065e+01
2.110000000000000000e+03,1.778775479999999880e+04,4.178506199999999808e+04,5.592709799999999814e+04,8.990297000000000480e+02,-3.267147251300000120e+06,2.316696128000000026e+05,3.502750370000000112e+04,0.000000000000000000e+00,5.062135835000000079e+05,-2.377837606800000183e+06,2.977099999999999795e+02,-2.884051190200000070e+06,-2.377304247400000226e+06,2.978532999999999902e+02,-2.267682000000000073e+02,-1.733824999999999932e+02,8.031827179700000212e+06,-8.464379999999999882e+01,-2.994859999999999900e+01
2.120000000000000000e+03,1.784298600000000079e+04,4.200699930000000313e+04,5.599554959999999846e+04,9.360890000000000555e+02,-3.267568165200000163e+06,2.320420654999999970e+05,3.494168849999999657e+04,0.000000000000000000e+00,5.062589954000000143e+05,-2.377543791799999774e+06,2.977366999999999848e+02,-2.883802787299999967e+06,-2.377364291199999861e+06,2.978467999999999734e+02,3.588863000000000056e+02,4.129728999999999814e+02,8.031676334599999711e+06,-5.156439999999999912e+01,3.112699999999999800e+00
2.130000000000000000e+03,1.805367229999999836e+04,4.198674330000000191e+04,5.598744320000000153e+04,9.479135999999999740e+02,-3.266629472899999935e+06,2.310637791999999899e+05,3.491890610000000015e+04,0.000000000000000000e+00,5.062172368000000133e+05,-2.377453778299999889e+06,2.977121999999999957e+02,-2.883671015099999961e+06,-2.377425737300000153e+06,2.978462999999999852e+02,8.439899999999999736e+00,6.205040000000000333e+01,8.031568714800000191e+06,-6.114920000000000044e+01,-6.558799999999999741e+00
2.140000000000000000e+03,1.773782149999999820e+04,4.194067809999999736e+04,5.583623000000000320e+04,9.117009000000000469e+02,-3.266101583500000183e+06,2.311948010000000068e+05,3.505831799999999930e+04,0.000000000000000000e+00,5.059510088000000105e+05,-2.377471025200000033e+06,2.975556000000000267e+02,-2.883422033999999985e+06,-2.377497439499999862e+06,2.978125000000000000e+02,6.522279999999999518e+02,7.056427999999999656e+02,8.031490952899999917e+06,8.584699999999999775e+00,6.309360000000000213e+01
2.150000000000000000e+03,1.768248540000000139e+04,4.178103280000000086e+04,5.592384120000000257e+04,9.048506999999999607e+02,-3.267322044199999887e+06,2.317130470999999961e+05,3.498960050000000047e+04,0.000000000000000000e+00,5.065785020999999833e+05,-2.377748684400000144e+06,2.979245999999999981e+02,-2.884327186499999836e+06,-2.377575886899999809e+06,2.978100999999999772e+02,-3.285013999999999896e+02,-2.751277999999999793e+02,8.031503288300000131e+06,-3.754370000000000118e+01,1.691199999999999903e+01
2.160000000000000000e+03,1.779420260000000053e+04,4.189069359999999870e+04,5.596676490000000194e+04,9.199959999999999809e+02,-3.267916422699999996e+06,2.327341729000000050e+05,3.476873060000000260e+04,0.000000000000000000e+00,5.058503877000000211e+05,-2.377991474400000181e+06,2.974963999999999942e+02,-2.883841862000000197e+06,-2.377657072900000028e+06,2.977764000000000237e+02,3.466188999999999965e+02,3.998299000000000092e+02,8.031462443799999543e+06,4.232509999999999906e+01,9.671479999999999677e+01
2.170000000000000000e+03,1.785115690000000177e+04,4.211645670000000246e+04,5.593433410000000003e+04,9.187175999999999476e+02,-3.268163122400000226e+06,2.329243189000000129e+05,3.491928800000000047e+04,0.000000000000000000e+00,5.056391794000000227e+05,-2.377859670799999963e+06,2.973722000000000207e+02,-2.883498850200000219e+06,-2.377707760400000028e+06,2.977728000000000179e+02,-3.051084000000000174e+02,-2.504864000000000033e+02,8.031508686099999584e+06,-2.268270000000000053e+01,3.177840000000000131e+01
2.180000000000000000e+03,1.769487480000000141e+04,4.197553010000000359e+04,5.591960080000000016e+04,9.362958999999999605e+02,-3.267345030700000003e+06,2.318541995999999926e+05,3.492582929999999760e+04,0.000000000000000000e+00,5.059414085000000196e+05,-2.378097291600000113e+06,2.975500000000000114e+02,-2.884038700199999847e+06,-2.377756861800000072e+06,2.977712999999999965e+02,2.855036000000000058e+02,3.409784000000000219e+02,8.031523359199999832e+06,5.804890000000000327e+01,1.124123000000000019e+02
2.190000000000000000e+03,1.771989770000000135e+04,4.198523359999999957e+04,5.598911570000000211e+04,9.380756999999999834e+02,-3.267363235599999782e+06,2.314732221999999892e+05,3.486770259999999689e+04,0.000000000000000000e+00,5.059013831999999820e+05,-2.378488604900000151e+06,2.975264000000000237e+02,-2.884389988100000191e+06,-2.377828707500000019e+06,2.977486000000000104e+02,1.070219999999999949e+01,6.507810000000000628e+01,8.031606269700000063e+06,-1.241290000000000049e+01,4.180259999999999820e+01
2.200000000000000000e+03,1.800999269999999888e+04,4.179498240000000078e+04,5.599070420000000013e+04,8.811585999999999785e+02,-3.267199306700000074e+06,2.319592894000000088e+05,3.499511520000000019e+04,0.000000000000000000e+00,5.057092089000000269e+05,-2.377858855200000107e+06,2.974134000000000242e+02,-2.883568064100000076e+06,-2.377878863599999808e+06,2.977114000000000260e+02,-5.733885000000000218e+02,-5.186050999999999931e+02,8.031713137400000356e+06,1.907209999999999894e+01,7.338230000000000075e+01
2.210000000000000000e+03,1.770267559999999867e+04,4.198520519999999669e+04,5.595889719999999943e+04,8.889142000000000507e+02,-3.267315392200000118e+06,2.323002259999999951e+05,3.490317620000000170e+04,0.000000000000000000e+00,5.058177783000000054e+05,-2.377758519600000232e+06,2.974771999999999821e+02,-2.883576297900000121e+06,-2.377936339699999895e+06,2.976583999999999719e+02,6.141513999999999669e+02,6.678424999999999727e+02,8.031749254099999554e+06,1.371799999999999908e+00,5.565879999999999939e+01
2.220000000000000000e+03,1.783293449999999939e+04,4.226087440000000061e+04,5.596551449999999750e+04,9.125223999999999478e+02,-3.266861487199999858e+06,2.318391810999999871e+05,3.492433840000000055e+04,0.000000000000000000e+00,5.053474724000000278e+05,-2.377778649499999825e+06,2.972006999999999834e+02,-2.883126121900000144e+06,-2.377961048400000203e+06,2.976166999999999803e+02,-4.797008000000000152e+02,-4.264642999999999802e+02,8.031854277200000361e+06,1.842620000000000147e+01,7.275520000000000209e+01
2.230000000000000000e+03,1.781526910000000134e+04,4.215522879999999714e+04,5.596610459999999875e+04,8.831108000000000402e+02,-3.267807984100000001e+06,2.324690482999999949e+05,3.477259810000000289e+04,0.000000000000000000e+00,5.061593454999999958e+05,-2.377587278899999801e+06,2.976780999999999722e+02,-2.883746624299999792e+06,-2.377958393300000113e+06,2.975984000000000265e+02,4.532733000000000061e+02,5.085414999999999850e+02,8.031927833300000057e+06,2.096330000000000027e+01,7.525749999999999318e+01
2.240000000000000000e+03,1.806419719999999870e+04,4.185757869999999821e+04,5.597094829999999638e+04,8.782605999999999540e+02,-3.269036638999999966e+06,2.332764516000000003e+05,3.505626959999999963e+04,0.000000000000000000e+00,5.069723837000000058e+05,-2.376960549300000072e+06,2.981562999999999874e+02,-2.883932932899999898e+06,-2.377899698100000154e+06,2.976057999999999879e+02,-6.104036999999999580e+02,-5.602489000000000487e+02,8.032061648699999787e+06,-7.508600000000000385e+00,4.656029999999999802e+01
2.250000000000000000e+03,1.783478450000000157e+04,4.185561740000000282e+04,5.604761209999999846e+04,9.324280999999999722e+02,-3.267306249100000132e+06,2.326852369999999937e+05,3.503877279999999882e+04,0.000000000000000000e+00,5.057962211000000243e+05,-2.377115576100000180e+06,2.974646000000000186e+02,-2.882911797199999914e+06,-2.377833297600000165e+06,2.975885000000000105e+02,6.460675999999999704e+02,6.959981999999999971e+02,8.032123391099999659e+06,5.023259999999999792e+01,1.040528999999999940e+02
2.260000000000000000e+03,1.814202969999999914e+04,4.188951559999999881e+04,5.590922200000000157e+04,9.009193999999999960e+02,-3.267932608899999876e+06,2.321925019000000029e+05,3.477704239999999845e+04,0.000000000000000000e+00,5.062040119999999879e+05,-2.377917365900000092e+06,2.977044000000000210e+02,-2.884121377900000196e+06,-2.377805181599999778e+06,2.975876999999999839e+02,-8.090232999999999493e+02,-7.548895999999999731e+02,8.032296330599999987e+06,-2.848029999999999973e+01,2.533909999999999840e+01
2.270000000000000000e+03,1.797873249999999825e+04,4.209404320000000007e+04,5.586702569999999832e+04,9.248097000000000207e+02,-3.267776146600000095e+06,2.318568006999999925e+05,3.478102509999999893e+04,0.000000000000000000e+00,5.064239181000000099e+05,-2.377849791600000113e+06,2.978337000000000216e+02,-2.884273709700000007e+06,-2.377775351999999955e+06,2.976053999999999746e+02,3.514411000000000058e+02,4.058702999999999861e+02,8.032359807400000282e+06,2.109509999999999863e+01,7.481919999999999504e+01
2.280000000000000000e+03,1.785130229999999938e+04,4.193604469999999856e+04,5.589246080000000075e+04,9.131852000000000089e+02,-3.267790780700000003e+06,2.327930175999999919e+05,3.462383449999999721e+04,0.000000000000000000e+00,5.059912927999999956e+05,-2.377789642700000200e+06,2.975792999999999893e+02,-2.883780935500000138e+06,-2.377757320799999870e+06,2.976177999999999884e+02,4.156320000000000192e+01,9.706409999999999627e+01,8.032460581899999641e+06,3.336699999999999999e+00,5.709879999999999711e+01
2.290000000000000000e+03,1.785956499999999869e+04,4.217649169999999867e+04,5.591424930000000313e+04,8.868555000000000064e+02,-3.268794248900000006e+06,2.328520522000000055e+05,3.475340269999999873e+04,0.000000000000000000e+00,5.064152311999999802e+05,-2.377936401200000197e+06,2.978285999999999945e+02,-2.884351632400000002e+06,-2.377736140300000086e+06,2.976336999999999762e+02,-3.639130000000000109e+02,-3.101546000000000163e+02,8.032576212500000373e+06,9.710000000000000853e+00,6.332050000000000267e+01
2.300000000000000000e+03,1.772255329999999958e+04,4.211554400000000169e+04,5.593628530000000319e+04,8.981290000000000191e+02,-3.268035038100000005e+06,2.326707129000000132e+05,3.477507439999999769e+04,0.000000000000000000e+00,5.062294259999999776e+05,-2.377687313200000208e+06,2.977192999999999756e+02,-2.883916739099999890e+06,-2.377736593599999789e+06,2.976320000000000050e+02,1.918284999999999911e+02,2.480058999999999969e+02,8.032643436200000346e+06,1.319480000000000075e+01,6.702580000000000382e+01
2.310000000000000000e+03,1.773032900000000154e+04,4.205598109999999724e+04,5.587204929999999877e+04,8.977071999999999434e+02,-3.267069179800000042e+06,2.320410615999999864e+05,3.471466180000000168e+04,0.000000000000000000e+00,5.064174278000000049e+05,-2.377339961999999825e+06,2.978299000000000092e+02,-2.883757389700000174e+06,-2.377711711300000083e+06,2.976379999999999768e+02,-4.539313000000000216e+02,-3.995298000000000229e+02,8.032760623800000176e+06,1.836699999999999999e+00,5.571840000000000259e+01
2.320000000000000000e+03,1.772436679999999978e+04,4.198432379999999830e+04,5.591214130000000296e+04,9.157074999999999818e+02,-3.267689855899999849e+06,2.328229366999999911e+05,3.472481509999999980e+04,0.000000000000000000e+00,5.062487787999999709e+05,-2.377356785999999847e+06,2.977307000000000130e+02,-2.883605564799999818e+06,-2.377702361000000034e+06,2.976376999999999953e+02,1.653235999999999990e+02,2.211237000000000137e+02,8.032853126199999824e+06,-7.841499999999999915e+00,4.612599999999999767e+01
2.330000000000000000e+03,1.775521900000000096e+04,4.201699470000000292e+04,5.592569479999999749e+04,9.002064000000000306e+02,-3.267563527600000147e+06,2.329712220000000088e+05,3.479272819999999774e+04,0.000000000000000000e+00,5.057772359999999753e+05,-2.377424226499999873e+06,2.974533999999999878e+02,-2.883201462600000203e+06,-2.377700883400000166e+06,2.976247000000000185e+02,-4.313299000000000092e+02,-3.780337999999999852e+02,8.032970972000000067e+06,-2.982989999999999853e+01,2.412180000000000035e+01
2.340000000000000000e+03,1.794968519999999990e+04,4.209188139999999839e+04,5.591192689999999857e+04,8.738603000000000520e+02,-3.267198668800000101e+06,2.322472588000000105e+05,3.481310680000000139e+04,0.000000000000000000e+00,5.058625427999999956e+05,-2.377448406599999871e+06,2.975036000000000058e+02,-2.883310949399999809e+06,-2.377699752499999944e+06,2.976220999999999890e+02,-1.916925999999999988e+02,-1.361152999999999906e+02,8.033055225800000131e+06,-7.202599999999999625e+01,-1.796620000000000061e+01
2.350000000000000000e+03,1.791236119999999937e+04,4.208014630000000034e+04,5.601228749999999854e+04,8.865869000000000142e+02,-3.267122806700000074e+06,2.316742923000000010e+05,3.474105550000000221e+04,0.000000000000000000e+00,5.065314888999999966e+05,-2.377284588099999819e+06,2.978969999999999914e+02,-2.883816077000000048e+06,-2.377676547699999996e+06,2.976207999999999743e+02,-4.266819999999999879e+01,1.049360000000000070e+01,8.033110266699999571e+06,-5.773429999999999751e+01,-3.685099999999999820e+00
2.360000000000000000e+03,1.784659609999999884e+04,4.192318390000000363e+04,5.591302859999999782e+04,9.097382999999999811e+02,-3.266577340799999889e+06,2.314140166000000027e+05,3.484990200000000186e+04,0.000000000000000000e+00,5.064646255000000237e+05,-2.377256249799999874e+06,2.978577000000000226e+02,-2.883720875299999956e+06,-2.377639786499999929e+06,2.976388000000000034e+02,-1.389043000000000063e+02,-8.769089999999999918e+01,8.033188012299999595e+06,-8.201049999999999329e+01,-2.806109999999999971e+01
2.370000000000000000e+03,1.788258640000000014e+04,4.205636149999999907e+04,5.592807190000000264e+04,9.060267999999999802e+02,-3.265891663600000087e+06,2.308829542000000074e+05,3.491277780000000348e+04,0.000000000000000000e+00,5.058903090000000084e+05,-2.377432575999999885e+06,2.975199000000000069e+02,-2.883322884999999776e+06,-2.377618431700000074e+06,2.976462000000000216e+02,-4.498365999999999758e+02,-3.960398999999999887e+02,8.033232410600000061e+06,-8.924689999999999657e+01,-3.533879999999999910e+01
2.380000000000000000e+03,1.759792369999999937e+04,4.211045429999999760e+04,5.597375259999999980e+04,8.712430000000000518e+02,-3.265655618100000080e+06,2.304070174000000115e+05,3.475518890000000101e+04,0.000000000000000000e+00,5.069330378999999957e+05,-2.377007000399999786e+06,2.981331000000000131e+02,-2.883940038300000131e+06,-2.377563917200000025e+06,2.976754000000000246e+02,1.408415999999999997e+02,1.963899999999999864e+02,8.033223503200000152e+06,-9.648000000000000398e+01,-4.256819999999999737e+01
2.390000000000000000e+03,1.778968579999999929e+04,4.184327870000000257e+04,5.593591180000000168e+04,8.984584999999999582e+02,-3.265950439499999862e+06,2.313764073999999964e+05,3.466138079999999900e+04,0.000000000000000000e+00,5.065900564000000013e+05,-2.376855260100000072e+06,2.979313999999999965e+02,-2.883445316500000190e+06,-2.377482249900000170e+06,2.976956000000000131e+02,-3.706961999999999762e+02,-3.142948999999999842e+02,8.033248621199999936e+06,-1.155498999999999938e+02,-6.153690000000000282e+01
2.400000000000000000e+03,1.763222989999999845e+04,4.211151320000000123e+04,5.586424990000000253e+04,8.954045999999999594e+02,-3.266420050799999852e+06,2.325709128999999957e+05,3.465756019999999990e+04,0.000000000000000000e+00,5.057220524999999907e+05,-2.376966127499999944e+06,2.974209999999999923e+02,-2.882688180000000168e+06,-2.377437613599999808e+06,2.976960000000000264e+02,1.589358000000000004e+02,2.179078000000000088e+02,8.033241280000000261e+06,-7.893370000000000175e+01,-2.471120000000000161e+01
2.410000000000000000e+03,1.767132370000000083e+04,4.197133860000000277e+04,5.578433830000000307e+04,8.951257000000000517e+02,-3.265758241899999790e+06,2.318056124999999884e+05,3.492242639999999665e+04,0.000000000000000000e+00,5.061206692000000039e+05,-2.376587407500000205e+06,2.976553999999999860e+02,-2.882708076700000092e+06,-2.377379058000000194e+06,2.977049000000000092e+02,3.380310000000000059e+01,9.010330000000000439e+01,8.033265410500000231e+06,-1.079510999999999967e+02,-5.359819999999999851e+01
2.420000000000000000e+03,1.779779420000000027e+04,4.208524829999999929e+04,5.585756739999999991e+04,9.142688000000000557e+02,-3.267197484399999958e+06,2.320109048999999941e+05,3.483728859999999986e+04,0.000000000000000000e+00,5.067650051000000094e+05,-2.376929407099999953e+06,2.980342999999999734e+02,-2.883694412200000137e+06,-2.377336595799999777e+06,2.977466000000000008e+02,-4.460188999999999737e+02,-3.917799999999999727e+02,8.033293317200000398e+06,-1.062669999999999959e+02,-5.186399999999999721e+01
2.430000000000000000e+03,1.778427390000000014e+04,4.218229970000000321e+04,5.597424510000000009e+04,9.294237000000000535e+02,-3.265988092000000179e+06,2.315436692000000039e+05,3.478136860000000161e+04,0.000000000000000000e+00,5.065251869999999763e+05,-2.376267624799999874e+06,2.978933000000000106e+02,-2.882792811799999792e+06,-2.377270613100000191e+06,2.977572999999999865e+02,3.288772999999999911e+02,3.831039000000000101e+02,8.033261516699999571e+06,-1.124868000000000023e+02,-5.813580000000000325e+01
2.440000000000000000e+03,1.779240669999999955e+04,4.206536230000000069e+04,5.585813420000000042e+04,8.845025000000000546e+02,-3.265639786299999803e+06,2.308958428999999887e+05,3.466539660000000003e+04,0.000000000000000000e+00,5.068538718000000226e+05,-2.376624269199999981e+06,2.980865999999999758e+02,-2.883478140999999829e+06,-2.377253799099999946e+06,2.977538999999999874e+02,-5.299575999999999567e+02,-4.779589000000000283e+02,8.033273007699999958e+06,-1.084645000000000010e+02,-5.402129999999999654e+01
2.450000000000000000e+03,1.789299469999999928e+04,4.191912969999999768e+04,5.585695190000000002e+04,8.756558999999999742e+02,-3.266181660800000187e+06,2.323419317999999912e+05,3.497235859999999957e+04,0.000000000000000000e+00,5.054942410999999847e+05,-2.376828397100000177e+06,2.972869999999999777e+02,-2.882322638199999928e+06,-2.377239440200000070e+06,2.977450000000000045e+02,-1.715109999999999957e+01,3.623230000000000217e+01,8.033188556300000288e+06,-1.416254000000000133e+02,-8.700960000000000605e+01
2.460000000000000000e+03,1.790542499999999927e+04,4.164762019999999757e+04,5.591612210000000050e+04,8.937364000000000033e+02,-3.266652710299999919e+06,2.329025299999999988e+05,3.510012210000000050e+04,0.000000000000000000e+00,5.056002906000000075e+05,-2.376686864099999890e+06,2.973493000000000279e+02,-2.882287154600000009e+06,-2.377177915099999867e+06,2.977271999999999821e+02,2.809465000000000146e+02,3.377284999999999968e+02,8.033096379499999806e+06,-8.712690000000000623e+01,-3.237870000000000203e+01
2.470000000000000000e+03,1.781796970000000147e+04,4.180608619999999792e+04,5.584480069999999978e+04,8.956092999999999620e+02,-3.267281379399999976e+06,2.327341326999999874e+05,3.456833509999999660e+04,0.000000000000000000e+00,5.067274290000000037e+05,-2.376887016700000037e+06,2.980122000000000071e+02,-2.883614445700000040e+06,-2.377129776300000027e+06,2.977361999999999966e+02,-3.486965000000000146e+02,-2.943829999999999814e+02,8.033020927099999972e+06,-1.221337999999999937e+02,-6.739140000000000441e+01
2.480000000000000000e+03,1.796799139999999898e+04,4.168917740000000049e+04,5.583413139999999839e+04,8.980222999999999729e+02,-3.266293276999999769e+06,2.328193876999999920e+05,3.465151739999999700e+04,0.000000000000000000e+00,5.059999569999999949e+05,-2.376433092300000135e+06,2.975844000000000165e+02,-2.882433049300000072e+06,-2.377061948799999896e+06,2.977364000000000033e+02,3.748607999999999834e+02,4.274947999999999979e+02,8.032890939699999988e+06,-1.054689000000000050e+02,-5.086990000000000123e+01
2.490000000000000000e+03,1.803274260000000140e+04,4.183304780000000028e+04,5.581375510000000213e+04,9.279456999999999880e+02,-3.266923437100000214e+06,2.321408652000000002e+05,3.480973709999999846e+04,0.000000000000000000e+00,5.065037310999999754e+05,-2.376861612499999814e+06,2.978806999999999903e+02,-2.883365343599999789e+06,-2.377008209400000051e+06,2.977389999999999759e+02,-4.907620999999999754e+02,-4.336483999999999810e+02,8.032796793499999680e+06,-1.118114000000000061e+02,-5.704460000000000264e+01
2.500000000000000000e+03,1.781543040000000110e+04,4.184230569999999716e+04,5.586946169999999984e+04,9.066467000000000098e+02,-3.267525716200000141e+06,2.329284225999999908e+05,3.483305640000000130e+04,0.000000000000000000e+00,5.064522455000000191e+05,-2.376878147200000007e+06,2.978503999999999792e+02,-2.883330392700000200e+06,-2.376967751099999994e+06,2.977456000000000245e+02,3.748378000000000156e+02,4.303324000000000069e+02,8.032638127199999988e+06,-1.026608999999999980e+02,-4.792819999999999681e+01
2.510000000000000000e+03,1.791705570000000080e+04,4.184415739999999641e+04,5.589255189999999857e+04,8.448603000000000520e+02,-3.268537504300000146e+06,2.335552246999999916e+05,3.485990770000000339e+04,0.000000000000000000e+00,5.068104070000000065e+05,-2.376813339600000065e+06,2.980609999999999786e+02,-2.883623746600000188e+06,-2.376941419999999925e+06,2.977570999999999799e+02,1.377746999999999957e+02,1.908294999999999959e+02,8.032525059799999930e+06,-7.307559999999999434e+01,-1.841029999999999944e+01
2.520000000000000000e+03,1.778312970000000132e+04,4.208692220000000088e+04,5.585214719999999943e+04,9.146101999999999634e+02,-3.268250600600000005e+06,2.331695913000000000e+05,3.506064519999999902e+04,0.000000000000000000e+00,5.067765517000000109e+05,-2.376607003000000026e+06,2.980410999999999717e+02,-2.883383554800000042e+06,-2.376903930800000206e+06,2.977726000000000113e+02,2.694180000000000064e+01,7.902620000000000289e+01,8.032421663900000043e+06,-7.999469999999999459e+01,-2.551510000000000034e+01
2.530000000000000000e+03,1.792256699999999910e+04,4.208212400000000343e+04,5.582990260000000126e+04,8.916452000000000453e+02,-3.268608753699999768e+06,2.333366048000000010e+05,3.508723099999999977e+04,0.000000000000000000e+00,5.067573927000000258e+05,-2.376701286299999803e+06,2.980298000000000229e+02,-2.883458679099999834e+06,-2.376867783799999859e+06,2.978014999999999759e+02,4.527875000000000227e+02,5.101521999999999935e+02,8.032366022599999793e+06,-3.578889999999999816e+01,1.889420000000000144e+01
2.540000000000000000e+03,1.783056160000000091e+04,4.205375699999999779e+04,5.586632499999999709e+04,8.937215999999999667e+02,-3.268214385900000110e+06,2.333558655000000144e+05,3.472821040000000357e+04,0.000000000000000000e+00,5.069397025000000140e+05,-2.376546242399999872e+06,2.981370999999999754e+02,-2.883485944800000172e+06,-2.376822675600000191e+06,2.978331000000000017e+02,-5.989954999999999927e+02,-5.447231000000000449e+02,8.032392797799999826e+06,-5.615400000000000347e+01,-1.536200000000000010e+00
2.550000000000000000e+03,1.785138739999999962e+04,4.195949480000000040e+04,5.589486649999999645e+04,8.928608000000000402e+02,-3.268452780499999877e+06,2.330662754999999888e+05,3.494504540000000270e+04,0.000000000000000000e+00,5.074151315000000177e+05,-2.376427718599999789e+06,2.984166999999999916e+02,-2.883842850200000219e+06,-2.376779832100000232e+06,2.978591000000000122e+02,6.055667999999999438e+02,6.606336999999999762e+02,8.032346733799999580e+06,-2.374230000000000018e+01,3.097080000000000055e+01
2.560000000000000000e+03,1.782962940000000162e+04,4.203785429999999906e+04,5.588710160000000178e+04,9.226100000000000136e+02,-3.269038486399999820e+06,2.341452210999999952e+05,3.501123769999999786e+04,0.000000000000000000e+00,5.067320861000000150e+05,-2.376472746199999936e+06,2.980149999999999864e+02,-2.883204832299999893e+06,-2.376740656899999827e+06,2.978670000000000186e+02,-6.321064999999999827e+02,-5.775597000000000207e+02,8.032393418700000271e+06,-4.840240000000000009e+01,6.477299999999999613e+00
2.570000000000000000e+03,1.785535770000000048e+04,4.196512769999999728e+04,5.594953639999999723e+04,9.147314000000000078e+02,-3.268035451200000010e+06,2.329920388000000094e+05,3.488165869999999995e+04,0.000000000000000000e+00,5.070404906000000192e+05,-2.376436509899999946e+06,2.981963000000000079e+02,-2.883477000500000082e+06,-2.376690853600000031e+06,2.979008000000000038e+02,3.669309999999999832e+02,4.188953999999999951e+02,8.032378212700000033e+06,-7.564000000000000057e+00,4.722409999999999997e+01
2.580000000000000000e+03,1.781761449999999968e+04,4.205783260000000155e+04,5.587788229999999749e+04,9.080293000000000347e+02,-3.266899802900000010e+06,2.321011645000000135e+05,3.471340260000000126e+04,0.000000000000000000e+00,5.069776919999999809e+05,-2.376446185099999886e+06,2.981594000000000051e+02,-2.883423877100000158e+06,-2.376662812899999786e+06,2.979021000000000186e+02,-5.847261999999999489e+02,-5.304799000000000433e+02,8.032380684500000440e+06,-4.384239999999999782e+01,1.088059999999999938e+01
2.590000000000000000e+03,1.773904829999999856e+04,4.192710530000000290e+04,5.589925319999999920e+04,9.203885999999999967e+02,-3.266083324299999978e+06,2.319932014999999956e+05,3.472019479999999749e+04,0.000000000000000000e+00,5.065010802000000258e+05,-2.376383052300000098e+06,2.978790999999999940e+02,-2.882884132499999832e+06,-2.376639202500000130e+06,2.978994999999999891e+02,3.625960999999999785e+02,4.175061000000000035e+02,8.032333190100000240e+06,-7.177800000000000402e+00,4.747070000000000078e+01
2.600000000000000000e+03,1.784204539999999906e+04,4.192066309999999794e+04,5.584695219999999972e+04,8.974391000000000531e+02,-3.265984053400000092e+06,2.318531124999999884e+05,3.475654159999999683e+04,0.000000000000000000e+00,5.063380573999999906e+05,-2.376529242200000212e+06,2.977832000000000221e+02,-2.882867299600000028e+06,-2.376617358200000133e+06,2.979175999999999931e+02,6.204990000000000094e+01,1.136974000000000018e+02,8.032367978799999692e+06,-1.202210000000000001e+01,4.226010000000000133e+01
2.610000000000000000e+03,1.789710959999999977e+04,4.165230829999999696e+04,5.599600299999999697e+04,8.900533000000000357e+02,-3.266818824399999809e+06,2.324652620999999926e+05,3.500619490000000224e+04,0.000000000000000000e+00,5.068203427999999840e+05,-2.376091550199999940e+06,2.980668999999999755e+02,-2.882911893000000156e+06,-2.376592565400000196e+06,2.979381999999999948e+02,-3.714053999999999860e+02,-3.181557000000000244e+02,8.032411062800000422e+06,-3.228249999999999886e+01,2.184720000000000084e+01
2.620000000000000000e+03,1.776955589999999938e+04,4.207828790000000299e+04,5.588615849999999773e+04,9.215181999999999789e+02,-3.266234251900000032e+06,2.310583930999999866e+05,3.503519930000000022e+04,0.000000000000000000e+00,5.068772215999999898e+05,-2.376607917400000151e+06,2.981003000000000043e+02,-2.883485138900000136e+06,-2.376576490900000092e+06,2.979415000000000191e+02,4.815760000000000218e+01,9.947069999999999368e+01,8.032431056800000370e+06,-7.573699999999999655e+00,4.640970000000000084e+01
2.630000000000000000e+03,1.784632519999999931e+04,4.196379540000000270e+04,5.592506919999999809e+04,8.918469999999999800e+02,-3.266339862100000028e+06,2.322097989999999991e+05,3.483119950000000244e+04,0.000000000000000000e+00,5.063435804999999818e+05,-2.376328246300000232e+06,2.977864999999999895e+02,-2.882671826799999923e+06,-2.376579521900000051e+06,2.979361000000000104e+02,-3.752602999999999724e+02,-3.209943999999999846e+02,8.032436401600000449e+06,-4.278050000000000352e+01,1.120480000000000054e+01
2.640000000000000000e+03,1.771676150000000052e+04,4.199932190000000264e+04,5.587848210000000108e+04,9.153631000000000313e+02,-3.266591053499999922e+06,2.325610957000000053e+05,3.497871059999999852e+04,0.000000000000000000e+00,5.058923801000000094e+05,-2.376648938500000164e+06,2.975210999999999899e+02,-2.882541318700000178e+06,-2.376580755400000140e+06,2.979078999999999837e+02,6.507069000000000187e+02,7.092699999999999818e+02,8.032393932199999690e+06,1.625270000000000081e+01,7.056619999999999493e+01
2.650000000000000000e+03,1.766143639999999868e+04,4.209233660000000236e+04,5.593557620000000315e+04,9.074523000000000366e+02,-3.266457750599999912e+06,2.325492166999999899e+05,3.495006979999999749e+04,0.000000000000000000e+00,5.057969308999999776e+05,-2.376564731699999887e+06,2.974649999999999750e+02,-2.882361662599999923e+06,-2.376567572099999990e+06,2.979168000000000234e+02,-7.724847999999999502e+02,-7.171785999999999603e+02,8.032459344700000249e+06,-2.151399999999999935e+01,3.289569999999999794e+01
2.660000000000000000e+03,1.772052980000000025e+04,4.178441359999999986e+04,5.582338530000000173e+04,8.895919000000000096e+02,-3.266623568599999882e+06,2.319792993999999890e+05,3.491987500000000000e+04,0.000000000000000000e+00,5.073973307999999961e+05,-2.376109142800000031e+06,2.984062000000000126e+02,-2.883506473600000143e+06,-2.376538686100000050e+06,2.979696000000000140e+02,7.138365000000000009e+02,7.672012999999999465e+02,8.032459622600000352e+06,1.305000000000000049e-01,5.436930000000000263e+01
2.670000000000000000e+03,1.780683120000000054e+04,4.170996089999999822e+04,5.588150400000000081e+04,9.092770000000000437e+02,-3.265079854299999774e+06,2.314844925999999978e+05,3.489063629999999830e+04,0.000000000000000000e+00,5.062072506000000285e+05,-2.376189901800000109e+06,2.977062999999999988e+02,-2.882397152400000021e+06,-2.376503830300000031e+06,2.979542999999999893e+02,-4.358303999999999974e+02,-3.840233999999999810e+02,8.032586778500000015e+06,-4.226200000000000401e+00,4.988730000000000331e+01
2.680000000000000000e+03,1.802291059999999925e+04,4.219999010000000271e+04,5.588615030000000115e+04,9.126851000000000340e+02,-3.265788631200000178e+06,2.312963287000000128e+05,3.494893099999999686e+04,0.000000000000000000e+00,5.066841451000000234e+05,-2.375837490300000180e+06,2.979868000000000166e+02,-2.882521635400000028e+06,-2.376474050199999940e+06,2.979744000000000028e+02,1.120545000000000044e+02,1.691308999999999969e+02,8.032655400700000115e+06,-1.736649999999999849e+01,3.696909999999999741e+01
2.690000000000000000e+03,1.784373530000000028e+04,4.217642549999999756e+04,5.582196809999999823e+04,9.164115000000000464e+02,-3.266373991500000004e+06,2.315732257999999856e+05,3.482391950000000361e+04,0.000000000000000000e+00,5.068480055000000284e+05,-2.376370300299999770e+06,2.980831000000000017e+02,-2.883218305699999910e+06,-2.376449484600000083e+06,2.979846000000000004e+02,-3.245043999999999755e+02,-2.679261999999999944e+02,8.032766651399999857e+06,-9.053599999999999426e+00,4.525520000000000209e+01
2.700000000000000000e+03,1.747919050000000061e+04,4.191999309999999969e+04,5.587446070000000327e+04,9.125638000000000147e+02,-3.266695244599999860e+06,2.329249040000000095e+05,3.478876030000000173e+04,0.000000000000000000e+00,5.064351614999999874e+05,-2.376360210700000171e+06,2.978403000000000134e+02,-2.882795372200000100e+06,-2.376423587799999863e+06,2.979841000000000122e+02,-6.595013999999999896e+02,-6.040034000000000560e+02,8.032808320899999700e+06,-6.077060000000000173e+01,-6.461599999999999788e+00
2.710000000000000000e+03,1.769436630000000150e+04,4.187336879999999655e+04,5.606567779999999766e+04,8.626132999999999811e+02,-3.266295259000000078e+06,2.321941980000000040e+05,3.480642579999999725e+04,0.000000000000000000e+00,5.061417896000000183e+05,-2.376656819399999920e+06,2.976677999999999997e+02,-2.882798609000000171e+06,-2.376415761799999978e+06,2.979644000000000119e+02,7.806105999999999767e+02,8.336735999999999649e+02,8.032745818400000222e+06,-2.862879999999999825e+01,2.568059999999999832e+01
2.720000000000000000e+03,1.776548270000000048e+04,4.181226789999999892e+04,5.594471229999999923e+04,9.074294999999999618e+02,-3.267611652699999977e+06,2.329728826999999874e+05,3.475544989999999962e+04,0.000000000000000000e+00,5.064049234999999753e+05,-2.377048504199999850e+06,2.978226000000000226e+02,-2.883453427699999884e+06,-2.376437836800000165e+06,2.979535000000000196e+02,-9.345845000000000482e+02,-8.817205000000000155e+02,8.032782059600000270e+06,-7.670510000000000161e+01,-2.235670000000000002e+01
2.730000000000000000e+03,1.796836189999999988e+04,4.208123750000000291e+04,5.594893499999999767e+04,9.145991000000000213e+02,-3.267492361399999820e+06,2.328079265000000014e+05,3.477053209999999672e+04,0.000000000000000000e+00,5.061840312999999733e+05,-2.376816737999999896e+06,2.976926000000000272e+02,-2.883000769299999811e+06,-2.376443609399999958e+06,2.979365999999999985e+02,9.154833999999999605e+02,9.713229000000000042e+02,8.032736578800000250e+06,-5.357030000000000314e+01,7.017999999999999794e-01
2.740000000000000000e+03,1.783450809999999910e+04,4.202006760000000213e+04,5.591458570000000327e+04,9.363306999999999789e+02,-3.265604633100000210e+06,2.314692424999999930e+05,3.470324910000000091e+04,0.000000000000000000e+00,5.057408168999999762e+05,-2.376985832500000019e+06,2.974320000000000164e+02,-2.882726649399999995e+06,-2.376465588899999857e+06,2.979014000000000237e+02,-7.264593999999999596e+02,-6.713550999999999931e+02,8.032844820500000380e+06,-5.994350000000000023e+01,-5.629800000000000360e+00
2.750000000000000000e+03,1.794992420000000129e+04,4.207823249999999825e+04,5.586700899999999820e+04,8.750143000000000484e+02,-3.266124485199999996e+06,2.312456407999999938e+05,3.468777049999999872e+04,0.000000000000000000e+00,5.065558863000000129e+05,-2.376865007499999832e+06,2.979112999999999829e+02,-2.883420893900000025e+06,-2.376487453399999999e+06,2.978761000000000081e+02,2.870335999999999785e+02,3.429332999999999743e+02,8.032897860999999568e+06,-7.587019999999999698e+01,-2.151480000000000103e+01
2.760000000000000000e+03,1.813511869999999908e+04,4.198486540000000241e+04,5.584081390000000101e+04,8.893324000000000069e+02,-3.265759097500000149e+06,2.314779592000000121e+05,3.471263999999999942e+04,0.000000000000000000e+00,5.056250167999999830e+05,-2.377093351199999917e+06,2.973639000000000010e+02,-2.882718367999999784e+06,-2.376518483599999920e+06,2.978435000000000059e+02,-9.870449999999999591e+01,-4.428490000000000038e+01,8.033007059299999848e+06,-4.920009999999999906e+01,5.149000000000000021e+00
2.770000000000000000e+03,1.780261089999999967e+04,4.207194200000000274e+04,5.593278979999999865e+04,9.087202999999999520e+02,-3.265463322600000072e+06,2.308978613999999943e+05,3.497912520000000222e+04,0.000000000000000000e+00,5.060899884999999776e+05,-2.376780284599999897e+06,2.976372999999999820e+02,-2.882870273099999875e+06,-2.376535672300000209e+06,2.978156000000000176e+02,-9.202609999999999957e+01,-4.071300000000000097e+01,8.033117091300000437e+06,-7.214790000000000703e+01,-1.783149999999999835e+01
2.780000000000000000e+03,1.784111160000000018e+04,4.172475160000000324e+04,5.595654009999999835e+04,8.957749000000000024e+02,-3.265989769299999811e+06,2.317227405999999901e+05,3.487151529999999912e+04,0.000000000000000000e+00,5.064483132999999798e+05,-2.376529021999999881e+06,2.978480999999999881e+02,-2.882977335200000089e+06,-2.376539814199999906e+06,2.978000000000000114e+02,-1.390409999999999968e+02,-8.559999999999999432e+01,8.033195404400000349e+06,-4.986370000000000147e+01,4.412499999999999645e+00
2.790000000000000000e+03,1.793204479999999967e+04,4.184804119999999966e+04,5.584970939999999973e+04,8.818654999999999973e+02,-3.265836095000000205e+06,2.321729839999999967e+05,3.494572729999999865e+04,0.000000000000000000e+00,5.056888241000000271e+05,-2.376516898599999957e+06,2.974014000000000237e+02,-2.882205722699999809e+06,-2.376546506500000134e+06,2.977760999999999854e+02,-3.519732999999999947e+02,-2.954436000000000035e+02,8.033235376899999566e+06,-8.559210000000000207e+01,-3.123489999999999966e+01
2.800000000000000000e+03,1.777061539999999877e+04,4.204399889999999868e+04,5.586859820000000036e+04,9.218379999999999654e+02,-3.266588412599999923e+06,2.319982690000000002e+05,3.481631569999999920e+04,0.000000000000000000e+00,5.067746215000000084e+05,-2.376394155999999959e+06,2.980400000000000205e+02,-2.883168777400000021e+06,-2.376539752199999988e+06,2.977889999999999873e+02,2.759759000000000242e+02,3.315409999999999968e+02,8.033206963499999605e+06,-7.489579999999999416e+01,-2.034280000000000044e+01
2.810000000000000000e+03,1.786318950000000041e+04,4.205225190000000293e+04,5.588769260000000213e+04,9.070105999999999540e+02,-3.268129088700000197e+06,2.336453074999999953e+05,3.488550209999999788e+04,0.000000000000000000e+00,5.064623912000000128e+05,-2.376425743300000206e+06,2.978564000000000078e+02,-2.882888134500000160e+06,-2.376556461800000165e+06,2.977785000000000082e+02,-1.567190000000000083e+01,3.946000000000000085e+01,8.033188217400000431e+06,-5.710909999999999798e+01,-2.462000000000000188e+00
2.820000000000000000e+03,1.794744810000000143e+04,4.198602360000000044e+04,5.596134719999999652e+04,8.974519999999999982e+02,-3.266797018000000156e+06,2.319417608999999939e+05,3.500387810000000172e+04,0.000000000000000000e+00,5.072243514999999898e+05,-2.375834756599999964e+06,2.983045000000000186e+02,-2.883059108099999838e+06,-2.376517803799999878e+06,2.977887000000000057e+02,2.462212000000000103e+02,2.987350000000000136e+02,8.033197779099999927e+06,-4.720600000000000307e+01,7.501199999999999868e+00
2.830000000000000000e+03,1.765492269999999917e+04,4.210329409999999916e+04,5.586924259999999776e+04,8.861797000000000253e+02,-3.266936521399999969e+06,2.327029422999999952e+05,3.480126469999999972e+04,0.000000000000000000e+00,5.065189945999999763e+05,-2.376399680699999910e+06,2.978895999999999731e+02,-2.882918675400000066e+06,-2.376521375500000082e+06,2.977937999999999761e+02,-3.714218999999999937e+02,-3.188813000000000102e+02,8.033231286299999803e+06,-4.701400000000000290e+01,7.606900000000000439e+00
2.840000000000000000e+03,1.790394810000000143e+04,4.195947759999999835e+04,5.579942919999999867e+04,8.801113000000000284e+02,-3.267958793099999893e+06,2.333302066000000050e+05,3.469000140000000101e+04,0.000000000000000000e+00,5.067443177000000142e+05,-2.376651300999999978e+06,2.980221999999999980e+02,-2.883395618799999822e+06,-2.376521493699999992e+06,2.978188999999999851e+02,3.501974999999999909e+02,4.030899000000000001e+02,8.033234083499999717e+06,-6.203949999999999676e+01,-7.702099999999999724e+00
2.850000000000000000e+03,1.782417889999999898e+04,4.174392549999999756e+04,5.595815370000000257e+04,9.050836000000000467e+02,-3.267183080300000031e+06,2.328428807000000088e+05,3.460749089999999705e+04,0.000000000000000000e+00,5.065190099000000046e+05,-2.376782357100000139e+06,2.978897000000000048e+02,-2.883301367000000086e+06,-2.376532374900000170e+06,2.978401000000000067e+02,-3.390839000000000283e+02,-2.838938999999999737e+02,8.033289250699999742e+06,-4.036950000000000216e+01,1.396209999999999951e+01
2.860000000000000000e+03,1.791457519999999931e+04,4.194762630000000354e+04,5.593867169999999896e+04,9.252066999999999553e+02,-3.266735101499999873e+06,2.326425879999999888e+05,3.469354220000000350e+04,0.000000000000000000e+00,5.057717969000000157e+05,-2.376901094500000123e+06,2.974501999999999953e+02,-2.882672891400000080e+06,-2.376571972500000149e+06,2.977923000000000116e+02,2.414474999999999909e+02,2.943845000000000027e+02,8.033308946600000374e+06,-6.398890000000000100e+01,-9.678699999999999193e+00
2.870000000000000000e+03,1.795177809999999954e+04,4.206305180000000109e+04,5.599808219999999710e+04,9.503610999999999649e+02,-3.268351472300000023e+06,2.331518730999999971e+05,3.484441950000000361e+04,0.000000000000000000e+00,5.068219839999999967e+05,-2.376569922400000039e+06,2.980677999999999770e+02,-2.883391906500000041e+06,-2.376590973499999847e+06,2.978104000000000156e+02,-5.453010000000000446e+02,-4.913249999999999886e+02,8.033365337700000033e+06,-6.946250000000000568e+01,-1.504379999999999917e+01
2.880000000000000000e+03,1.781398410000000149e+04,4.178747469999999885e+04,5.598393959999999788e+04,8.972953999999999724e+02,-3.267751868300000206e+06,2.326636392000000051e+05,3.485937359999999899e+04,0.000000000000000000e+00,5.067825219999999972e+05,-2.376963639700000174e+06,2.980446000000000026e+02,-2.883746161700000055e+06,-2.376647280999999959e+06,2.978133000000000266e+02,1.968462000000000103e+02,2.512668999999999926e+02,8.033346821200000122e+06,-6.522289999999999566e+01,-1.093699999999999939e+01
2.890000000000000000e+03,1.800753779999999824e+04,4.213380170000000362e+04,5.588977580000000307e+04,9.258454000000000406e+02,-3.265380261599999852e+06,2.309850221000000020e+05,3.472146970000000147e+04,0.000000000000000000e+00,5.059601353000000236e+05,-2.376756673899999820e+06,2.975609999999999786e+02,-2.882716809200000018e+06,-2.376666599700000137e+06,2.977871999999999844e+02,-2.085954999999999870e+02,-1.564086000000000070e+02,8.033333600899999961e+06,-5.942739999999999867e+01,-5.361100000000000421e+00
2.900000000000000000e+03,1.804511549999999988e+04,4.218649590000000171e+04,5.581598840000000200e+04,8.997863999999999578e+02,-3.266307263900000136e+06,2.316395561999999918e+05,3.463379929999999877e+04,0.000000000000000000e+00,5.062029722000000183e+05,-2.376883550100000110e+06,2.977038000000000011e+02,-2.883086522299999837e+06,-2.376692766700000037e+06,2.977803000000000111e+02,6.218169999999999931e+01,1.166471999999999980e+02,8.033299679899999872e+06,-2.334329999999999927e+01,3.067139999999999844e+01
2.910000000000000000e+03,1.808142569999999978e+04,4.197700220000000263e+04,5.588076909999999771e+04,9.248803000000000338e+02,-3.267552548599999864e+06,2.324031183000000019e+05,3.471372609999999986e+04,0.000000000000000000e+00,5.068926240000000107e+05,-2.376679002900000196e+06,2.981093999999999937e+02,-2.883571626900000032e+06,-2.376693875800000038e+06,2.978023999999999774e+02,-1.098760000000000048e+02,-5.427029999999999887e+01,8.033286334499999881e+06,-6.786759999999999593e+01,-1.372579999999999956e+01
2.920000000000000000e+03,1.792844060000000172e+04,4.179436980000000040e+04,5.604819219999999768e+04,9.185793999999999642e+02,-3.266864762699999847e+06,2.327944081000000006e+05,3.466097409999999945e+04,0.000000000000000000e+00,5.063334638000000268e+05,-2.376386334600000177e+06,2.977805000000000177e+02,-2.882719798400000203e+06,-2.376660767399999779e+06,2.978002999999999929e+02,3.188838999999999828e+02,3.757484999999999786e+02,8.033276158099999651e+06,-5.194200000000000372e+00,4.914770000000000039e+01
2.930000000000000000e+03,1.787289740000000165e+04,4.203575379999999859e+04,5.593545769999999902e+04,8.673120999999999867e+02,-3.266200716000000015e+06,2.318402336000000068e+05,3.460078469999999652e+04,0.000000000000000000e+00,5.064096930000000284e+05,-2.376638583600000013e+06,2.978254000000000019e+02,-2.883048276599999983e+06,-2.376651859600000083e+06,2.978068999999999846e+02,-2.582128999999999905e+02,-2.013957000000000050e+02,8.033326795300000347e+06,-6.387899999999999778e+01,-9.488300000000000622e+00
2.940000000000000000e+03,1.818198660000000018e+04,4.169818469999999797e+04,5.583951039999999921e+04,9.244767000000000507e+02,-3.266530609100000001e+06,2.327589704999999958e+05,3.469936200000000099e+04,0.000000000000000000e+00,5.055137370000000228e+05,-2.376914381399999838e+06,2.972984000000000151e+02,-2.882428118400000036e+06,-2.376648287099999841e+06,2.978002999999999929e+02,-2.417699999999999960e+00,5.385159999999999769e+01,8.033345536799999885e+06,-2.767689999999999984e+01,2.677209999999999823e+01
2.950000000000000000e+03,1.801715629999999874e+04,4.207808669999999984e+04,5.582820629999999801e+04,9.316001999999999725e+02,-3.265266363299999852e+06,2.315891918000000005e+05,3.482948230000000331e+04,0.000000000000000000e+00,5.053791634000000195e+05,-2.376613476300000213e+06,2.972192999999999756e+02,-2.881992639800000004e+06,-2.376635710500000045e+06,2.977656999999999812e+02,1.241060000000000052e+01,6.595220000000000482e+01,8.033375951700000092e+06,-4.140809999999999746e+01,1.292300000000000004e+01
2.960000000000000000e+03,1.788501659999999902e+04,4.205726320000000123e+04,5.591915359999999782e+04,9.145824999999999818e+02,-3.266131500800000038e+06,2.320996627999999910e+05,3.465335480000000098e+04,0.000000000000000000e+00,5.055110986000000266e+05,-2.377091368699999992e+06,2.972968999999999937e+02,-2.882602467300000135e+06,-2.376635611399999820e+06,2.977622999999999820e+02,-1.383329999999999984e+02,-8.475839999999999463e+01,8.033409540300000459e+06,-4.338949999999999818e+01,1.089939999999999998e+01
2.970000000000000000e+03,1.771476120000000083e+04,4.192879239999999845e+04,5.582809419999999955e+04,9.450049999999999955e+02,-3.265460941199999768e+06,2.311458514000000141e+05,3.443231450000000041e+04,0.000000000000000000e+00,5.067946048999999766e+05,-2.376671517700000200e+06,2.980516999999999825e+02,-2.883466122599999886e+06,-2.376630173099999782e+06,2.977830000000000155e+02,-1.948237000000000023e+02,-1.376167000000000087e+02,8.033432216000000015e+06,-4.852940000000000254e+01,6.054199999999999804e+00
2.980000000000000000e+03,1.787225639999999839e+04,4.192376279999999679e+04,5.588627010000000155e+04,9.125236999999999625e+02,-3.265159751399999950e+06,2.311125897000000114e+05,3.458943690000000061e+04,0.000000000000000000e+00,5.060731875000000000e+05,-2.376789724100000225e+06,2.976274999999999977e+02,-2.882862911700000055e+06,-2.376643208200000226e+06,2.977719999999999914e+02,-1.746799999999999997e+01,3.702579999999999671e+01,8.033419289900000207e+06,-4.245069999999999766e+01,1.218549999999999933e+01
2.990000000000000000e+03,1.796100560000000041e+04,4.192541219999999885e+04,5.595323939999999857e+04,8.840723000000000411e+02,-3.265849390199999791e+06,2.312872369999999937e+05,3.477589579999999842e+04,0.000000000000000000e+00,5.064331881999999750e+05,-2.376629339600000065e+06,2.978392000000000053e+02,-2.883062527799999807e+06,-2.376648830200000200e+06,2.977939000000000078e+02,1.056445999999999970e+02,1.604964999999999975e+02,8.033420139000000432e+06,-1.956980000000000075e+01,3.498250000000000171e+01
3.000000000000000000e+03,1.775361920000000100e+04,4.227703149999999732e+04,5.587816459999999643e+04,9.226258000000000266e+02,-3.266149816000000108e+06,2.314248348000000115e+05,3.474140050000000338e+04,0.000000000000000000e+00,5.069297495999999810e+05,-2.376222390199999791e+06,2.981311999999999784e+02,-2.883152139800000004e+06,-2.376640241899999790e+06,2.977984999999999900e+02,-2.439047999999999945e+02,-1.921716000000000122e+02,8.033462398099999875e+06,-4.556389999999999674e+01,8.796799999999999287e+00
3.010000000000000000e+03,1.791757900000000154e+04,4.194847449999999662e+04,5.586803889999999956e+04,9.183432000000000244e+02,-3.266220201599999797e+06,2.322779023999999918e+05,3.449862049999999726e+04,0.000000000000000000e+00,5.074989696000000113e+05,-2.375292273500000127e+06,2.984660000000000082e+02,-2.882791243100000080e+06,-2.376583568400000222e+06,2.978288999999999760e+02,-2.669341999999999757e+02,-2.163332000000000050e+02,8.033469408499999903e+06,-5.812700000000000244e+01,-3.992799999999999905e+00
3.020000000000000000e+03,1.782402669999999853e+04,4.207082379999999830e+04,5.589537520000000222e+04,9.336046000000000049e+02,-3.266252435300000012e+06,2.324504548000000068e+05,3.468094989999999962e+04,0.000000000000000000e+00,5.075868890999999712e+05,-2.374810311300000176e+06,2.985176999999999907e+02,-2.882397200300000142e+06,-2.376532346200000029e+06,2.978396000000000186e+02,9.149630000000000507e+01,1.451785999999999888e+02,8.033452608799999580e+06,-6.586320000000000618e+01,-1.167060000000000031e+01
3.030000000000000000e+03,1.801392680000000109e+04,4.206543050000000221e+04,5.590512049999999726e+04,9.314853000000000520e+02,-3.265759122500000056e+06,2.317820811999999860e+05,3.497371770000000106e+04,0.000000000000000000e+00,5.067049713999999803e+05,-2.375382389099999797e+06,2.979990000000000236e+02,-2.882087360499999952e+06,-2.376481481600000057e+06,2.978451000000000022e+02,-6.717177000000000362e+02,-6.159126999999999725e+02,8.033419788099999540e+06,-8.087800000000000011e+01,-2.652220000000000155e+01
3.040000000000000000e+03,1.785794729999999981e+04,4.183400830000000133e+04,5.590074480000000040e+04,9.222661000000000513e+02,-3.265410308900000062e+06,2.324989679999999935e+05,3.485279060000000027e+04,0.000000000000000000e+00,5.064957016999999760e+05,-2.375047881899999920e+06,2.978759000000000015e+02,-2.881543583699999843e+06,-2.376401310599999968e+06,2.978378000000000156e+02,5.946656000000000404e+02,6.483850999999999658e+02,8.033321351599999703e+06,-6.865460000000000207e+01,-1.425750000000000028e+01
3.050000000000000000e+03,1.791252679999999964e+04,4.180740810000000056e+04,5.586311400000000140e+04,9.184382000000000517e+02,-3.265483547499999870e+06,2.320955178000000014e+05,3.491278029999999853e+04,0.000000000000000000e+00,5.068613587999999872e+05,-2.375112403400000185e+06,2.980910000000000082e+02,-2.881973762300000060e+06,-2.376317813000000082e+06,2.978478000000000065e+02,-4.824291000000000054e+02,-4.298738000000000170e+02,8.033295703800000250e+06,-7.582189999999999941e+01,-2.155640000000000001e+01
3.060000000000000000e+03,1.773076090000000113e+04,4.184878560000000289e+04,5.582680649999999878e+04,9.221711000000000240e+02,-3.265631943700000178e+06,2.313190467000000062e+05,3.475519539999999688e+04,0.000000000000000000e+00,5.075354396999999881e+05,-2.375693737799999770e+06,2.984873999999999796e+02,-2.883229177500000224e+06,-2.376257445100000128e+06,2.978996999999999957e+02,4.073901000000000181e+02,4.609818000000000211e+02,8.033215309999999590e+06,-6.752469999999999573e+01,-1.322659999999999947e+01
3.070000000000000000e+03,1.782070639999999912e+04,4.158884419999999955e+04,5.586059279999999853e+04,9.376892000000000280e+02,-3.265955732600000221e+06,2.325612693999999901e+05,3.493169260000000213e+04,0.000000000000000000e+00,5.070474875999999931e+05,-2.375207450499999803e+06,2.982004999999999768e+02,-2.882254938000000082e+06,-2.376189321500000078e+06,2.979062999999999874e+02,-4.137914000000000101e+02,-3.596279000000000110e+02,8.033185919700000435e+06,-6.094930000000000092e+01,-6.641700000000000159e+00
3.080000000000000000e+03,1.775632219999999870e+04,4.177255649999999878e+04,5.590633520000000135e+04,9.108587999999999738e+02,-3.266742091500000097e+06,2.330593067999999912e+05,3.492485650000000169e+04,0.000000000000000000e+00,5.072182305000000051e+05,-2.375193625099999830e+06,2.983009000000000128e+02,-2.882411855599999893e+06,-2.376100820799999870e+06,2.979191000000000145e+02,-6.296560000000000201e+01,-8.794399999999999551e+00,8.033113378899999894e+06,-7.393980000000000530e+01,-1.964480000000000004e+01
3.090000000000000000e+03,1.788380529999999999e+04,4.160459640000000218e+04,5.596559999999999854e+04,9.134574999999999818e+02,-3.266215085500000045e+06,2.329360162999999884e+05,3.487857439999999769e+04,0.000000000000000000e+00,5.070832204999999958e+05,-2.374949815099999774e+06,2.982214999999999918e+02,-2.882033035600000061e+06,-2.376010477899999823e+06,2.979522000000000048e+02,2.445423000000000116e+02,2.999434999999999718e+02,8.033047469600000419e+06,-5.128300000000000125e+01,3.172800000000000065e+00
3.100000000000000000e+03,1.759718370000000141e+04,4.186073849999999948e+04,5.590029890000000159e+04,9.214411000000000058e+02,-3.265516097099999897e+06,2.320163545999999915e+05,3.479641359999999986e+04,0.000000000000000000e+00,5.072274316000000108e+05,-2.375196235100000165e+06,2.983063000000000216e+02,-2.882423666699999943e+06,-2.375926112100000028e+06,2.979823000000000093e+02,9.235760000000000502e+01,1.480837999999999965e+02,8.033039399600000121e+06,-4.977420000000000044e+01,4.744600000000000151e+00
3.110000000000000000e+03,1.766734790000000066e+04,4.160075269999999728e+04,5.581434889999999723e+04,9.014352000000000089e+02,-3.264107356300000101e+06,2.309474775000000081e+05,3.489001529999999912e+04,0.000000000000000000e+00,5.069892204999999958e+05,-2.375296758100000210e+06,2.981662000000000035e+02,-2.882285978600000031e+06,-2.375856999900000170e+06,2.979850999999999885e+02,7.938599999999999568e+01,1.336774000000000058e+02,8.033062219200000167e+06,-4.031110000000000326e+01,1.414199999999999946e+01
3.120000000000000000e+03,1.778424390000000130e+04,4.159013479999999981e+04,5.590758630000000267e+04,8.948898000000000366e+02,-3.264650816999999806e+06,2.314903868000000075e+05,3.498875789999999688e+04,0.000000000000000000e+00,5.068450971000000136e+05,-2.375149720399999991e+06,2.980813999999999737e+02,-2.881994817400000058e+06,-2.375795169100000057e+06,2.980002000000000066e+02,-2.193086999999999875e+02,-1.632930000000000064e+02,8.033081967799999751e+06,-6.722069999999999368e+01,-1.281000000000000050e+01
3.130000000000000000e+03,1.781507270000000062e+04,4.184172669999999925e+04,5.589798879999999917e+04,9.400200999999999567e+02,-3.263959256500000134e+06,2.306453003000000026e+05,3.476773509999999806e+04,0.000000000000000000e+00,5.062908551999999909e+05,-2.375760557500000112e+06,2.977554999999999836e+02,-2.882051412800000049e+06,-2.375751267800000031e+06,2.979966999999999757e+02,2.473750000000000000e+02,3.025919000000000096e+02,8.033077408800000325e+06,-4.194129999999999825e+01,1.238930000000000042e+01
3.140000000000000000e+03,1.775527639999999883e+04,4.172091290000000299e+04,5.584693420000000333e+04,8.850647999999999911e+02,-3.264671598199999891e+06,2.308386040999999968e+05,3.470033340000000317e+04,0.000000000000000000e+00,5.066358350000000210e+05,-2.376288637399999890e+06,2.979583999999999833e+02,-2.882924472399999853e+06,-2.375719980599999893e+06,2.980296999999999912e+02,-6.864393000000000029e+02,-6.299550000000000409e+02,8.033117029799999669e+06,-7.614239999999999498e+01,-2.180099999999999838e+01
3.150000000000000000e+03,1.775982949999999983e+04,4.149543430000000080e+04,5.590514179999999760e+04,8.983685000000000400e+02,-3.264732480899999849e+06,2.309767142999999924e+05,3.491308150000000023e+04,0.000000000000000000e+00,5.064816856999999727e+05,-2.376302225200000219e+06,2.978677000000000135e+02,-2.882783910999999847e+06,-2.375704418099999893e+06,2.980620999999999867e+02,5.864955999999999676e+02,6.410963000000000420e+02,8.033107696899999864e+06,-4.743809999999999860e+01,6.956199999999999939e+00
3.160000000000000000e+03,1.778020349999999962e+04,4.207299259999999776e+04,5.582497039999999834e+04,9.019153000000000020e+02,-3.264514856099999975e+06,2.313602856000000029e+05,3.491485760000000300e+04,0.000000000000000000e+00,5.061153699999999953e+05,-2.375544261200000066e+06,2.976523000000000252e+02,-2.881659631099999882e+06,-2.375627062700000126e+06,2.980799000000000092e+02,-3.895246999999999957e+02,-3.365301000000000045e+02,8.033193572100000456e+06,-5.999770000000000181e+01,-5.632399999999999629e+00
3.170000000000000000e+03,1.796311309999999867e+04,4.170277810000000318e+04,5.588283239999999932e+04,9.262255999999999858e+02,-3.264894506000000052e+06,2.310094592999999877e+05,3.486147329999999783e+04,0.000000000000000000e+00,5.070395665000000154e+05,-2.375509057699999772e+06,2.981958000000000197e+02,-2.882548624199999962e+06,-2.375568939699999988e+06,2.980871000000000208e+02,-4.531827000000000112e+02,-3.965000000000000000e+02,8.033211193900000304e+06,-7.291570000000000107e+01,-1.857649999999999935e+01
3.180000000000000000e+03,1.772229910000000018e+04,4.172982059999999910e+04,5.590334640000000218e+04,8.767033999999999878e+02,-3.266108401899999939e+06,2.323233067999999912e+05,3.485341750000000320e+04,0.000000000000000000e+00,5.068804162999999826e+05,-2.375819091599999927e+06,2.981021999999999821e+02,-2.882699507999999914e+06,-2.375520408100000117e+06,2.981107999999999834e+02,3.139266999999999825e+02,3.676567999999999756e+02,8.033151895700000226e+06,-5.634590000000000032e+01,-2.044999999999999929e+00
3.190000000000000000e+03,1.781433020000000033e+04,4.195539609999999811e+04,5.589671850000000268e+04,8.752177000000000362e+02,-3.265606730099999812e+06,2.308126106000000145e+05,3.486630240000000049e+04,0.000000000000000000e+00,5.072928890000000247e+05,-2.376093265500000212e+06,2.983448000000000206e+02,-2.883386154500000179e+06,-2.375493604400000069e+06,2.981360999999999990e+02,-6.346291999999999689e+02,-5.798316999999999553e+02,8.033117870299999602e+06,-9.335960000000000036e+01,-3.906139999999999901e+01
3.200000000000000000e+03,1.766864380000000165e+04,4.202383739999999671e+04,5.588685289999999804e+04,9.184886999999999944e+02,-3.265040510600000154e+06,2.315530215000000026e+05,3.487374229999999807e+04,0.000000000000000000e+00,5.061124356999999727e+05,-2.376003488299999852e+06,2.976505000000000223e+02,-2.882115924000000115e+06,-2.375482659299999941e+06,2.981120000000000232e+02,3.098032000000000039e+02,3.644988999999999919e+02,8.033022566700000316e+06,-6.567419999999999902e+01,-1.122789999999999999e+01
3.210000000000000000e+03,1.779272320000000036e+04,4.188731240000000253e+04,5.585040989999999874e+04,8.851869000000000369e+02,-3.266508783600000199e+06,2.328802656999999890e+05,3.481360010000000329e+04,0.000000000000000000e+00,5.063138006000000169e+05,-2.376085484800000209e+06,2.977690000000000055e+02,-2.882399285500000231e+06,-2.375522319900000002e+06,2.980772000000000048e+02,-2.637416000000000054e+02,-2.082313000000000045e+02,8.032972513500000350e+06,-6.551460000000000150e+01,-1.082280000000000086e+01
3.220000000000000000e+03,1.773079009999999835e+04,4.180307439999999769e+04,5.589377810000000318e+04,9.166000999999999976e+02,-3.266252676200000104e+06,2.324989269999999960e+05,3.457456659999999829e+04,0.000000000000000000e+00,5.066215838000000222e+05,-2.376213356099999975e+06,2.979499999999999886e+02,-2.882834939900000114e+06,-2.375592472099999897e+06,2.980488000000000284e+02,5.810724999999999909e+02,6.329722000000000435e+02,8.032906769299999811e+06,-4.103580000000000183e+01,1.356690000000000040e+01
3.230000000000000000e+03,1.784827179999999862e+04,4.195364560000000347e+04,5.584948960000000079e+04,8.944886000000000195e+02,-3.266906173099999782e+06,2.326590142000000051e+05,3.490892799999999988e+04,0.000000000000000000e+00,5.067897375999999931e+05,-2.376002597699999809e+06,2.980489000000000033e+02,-2.882792335200000089e+06,-2.375623482499999925e+06,2.980513000000000261e+02,-7.755018000000000029e+02,-7.207199000000000524e+02,8.032908369199999608e+06,-4.622500000000000142e+01,8.326499999999999346e+00
3.240000000000000000e+03,1.780496059999999852e+04,4.215958509999999660e+04,5.589012479999999778e+04,9.028685000000000400e+02,-3.267175912299999967e+06,2.331546916999999958e+05,3.493828820000000269e+04,0.000000000000000000e+00,5.065349480999999796e+05,-2.375790445400000084e+06,2.978990000000000009e+02,-2.882325393499999773e+06,-2.375660610700000077e+06,2.980525000000000091e+02,6.838031999999999471e+02,7.389022999999999683e+02,8.032840996100000106e+06,-4.176809999999999690e+01,1.285239999999999938e+01
3.250000000000000000e+03,1.790534259999999995e+04,4.213842809999999736e+04,5.587794230000000243e+04,9.080692999999999984e+02,-3.266487041300000157e+06,2.322630348999999987e+05,3.476285880000000179e+04,0.000000000000000000e+00,5.069174810000000289e+05,-2.375713884300000034e+06,2.981240000000000236e+02,-2.882631365300000180e+06,-2.375690684700000100e+06,2.980541000000000054e+02,-5.393363000000000511e+02,-4.847180000000000177e+02,8.032872805100000463e+06,-4.461350000000000193e+01,1.011020000000000074e+01
3.260000000000000000e+03,1.785436130000000048e+04,4.209658729999999923e+04,5.590635579999999754e+04,9.289099999999999682e+02,-3.266248617000000086e+06,2.327161308999999892e+05,3.458277399999999761e+04,0.000000000000000000e+00,5.062456327000000165e+05,-2.375917865000000224e+06,2.977289000000000101e+02,-2.882163497700000182e+06,-2.375701891100000124e+06,2.980162000000000262e+02,7.026123000000000047e+02,7.555644999999999527e+02,8.032849577399999835e+06,-2.985229999999999961e+01,2.483930000000000149e+01
3.270000000000000000e+03,1.793712310000000070e+04,4.195191150000000198e+04,5.584862930000000051e+04,9.285973999999999933e+02,-3.264861413499999791e+06,2.315337167999999947e+05,3.487280129999999917e+04,0.000000000000000000e+00,5.059393764000000083e+05,-2.375849257600000128e+06,2.975488000000000284e+02,-2.881788634000000078e+06,-2.375733981500000227e+06,2.979836000000000240e+02,-4.297796999999999912e+02,-3.763729000000000156e+02,8.032939626699999906e+06,-3.065180000000000149e+01,2.400209999999999866e+01
3.280000000000000000e+03,1.775178770000000077e+04,4.222935919999999896e+04,5.593360050000000047e+04,9.325729999999999791e+02,-3.267175745199999772e+06,2.330944402999999875e+05,3.490633389999999781e+04,0.000000000000000000e+00,5.066686456999999937e+05,-2.375659004900000058e+06,2.979777000000000271e+02,-2.882327650599999819e+06,-2.375757250399999786e+06,2.979673999999999978e+02,-1.844595999999999947e+02,-1.294767999999999972e+02,8.032992807099999860e+06,-3.672650000000000148e+01,1.796790000000000020e+01
3.290000000000000000e+03,1.782216960000000108e+04,4.179275319999999920e+04,5.591045059999999648e+04,8.860505000000000564e+02,-3.267367885400000028e+06,2.327805041999999958e+05,3.482682250000000204e+04,0.000000000000000000e+00,5.072637101999999722e+05,-2.376085424500000197e+06,2.983276000000000181e+02,-2.883349134699999820e+06,-2.375814030900000129e+06,2.979726999999999748e+02,3.054807000000000130e+02,3.580183000000000106e+02,8.033052727900000289e+06,-3.367949999999999733e+01,2.087170000000000059e+01
3.300000000000000000e+03,1.773291600000000108e+04,4.202099680000000080e+04,5.579645300000000134e+04,8.899226999999999634e+02,-3.268148848999999929e+06,2.333383760999999940e+05,3.473142240000000311e+04,0.000000000000000000e+00,5.068217356000000145e+05,-2.376817026399999857e+06,2.980677000000000021e+02,-2.883638762099999934e+06,-2.375895070499999914e+06,2.979608000000000061e+02,-4.515086000000000013e+02,-3.977164000000000215e+02,8.033164287499999627e+06,-6.087279999999999802e+01,-6.418300000000000338e+00
3.310000000000000000e+03,1.769708720000000176e+04,4.191995990000000165e+04,5.588798500000000058e+04,9.099542999999999893e+02,-3.267456160000000149e+06,2.327869812000000093e+05,3.506103029999999853e+04,0.000000000000000000e+00,5.059825280999999959e+05,-2.377210633899999782e+06,2.975740999999999872e+02,-2.883193162000000011e+06,-2.375990764299999923e+06,2.979311999999999898e+02,3.168247000000000071e+02,3.701899999999999977e+02,8.033244091500000097e+06,-4.900090000000000146e+01,5.407300000000000217e+00
3.320000000000000000e+03,1.776528970000000118e+04,4.175769389999999839e+04,5.593534649999999965e+04,9.109003000000000156e+02,-3.268245521499999799e+06,2.329188873000000021e+05,3.515660139999999956e+04,0.000000000000000000e+00,5.066192751999999746e+05,-2.377181527100000065e+06,2.979485999999999990e+02,-2.883800802399999928e+06,-2.376092354600000195e+06,2.979245999999999981e+02,-1.090399899999999889e+03,-1.036784499999999980e+03,8.033360928100000136e+06,-9.255549999999999500e+01,-3.826729999999999876e+01
3.330000000000000000e+03,1.799241229999999996e+04,4.213522580000000016e+04,5.585373990000000049e+04,8.939340999999999440e+02,-3.267322048299999908e+06,2.324821933000000136e+05,3.478315570000000298e+04,0.000000000000000000e+00,5.058498912000000128e+05,-2.377331496100000106e+06,2.974961000000000126e+02,-2.883181387300000060e+06,-2.376170901500000153e+06,2.979116000000000213e+02,8.357095000000000482e+02,8.905411000000000286e+02,8.033351288800000213e+06,-6.313870000000000005e+01,-8.869799999999999685e+00
3.340000000000000000e+03,1.764041149999999834e+04,4.183616610000000219e+04,5.592303429999999935e+04,9.105800000000000409e+02,-3.266268143999999855e+06,2.315852667000000074e+05,3.485210639999999694e+04,0.000000000000000000e+00,5.060620160000000033e+05,-2.377458563000000082e+06,2.976209000000000060e+02,-2.883520578900000080e+06,-2.376229397799999919e+06,2.978947000000000003e+02,-9.334696999999999889e+02,-8.795081000000000131e+02,8.033451451600000262e+06,-7.549030000000000484e+01,-2.134750000000000014e+01
3.350000000000000000e+03,1.770286309999999867e+04,4.205542300000000250e+04,5.589111129999999685e+04,8.823890999999999849e+02,-3.266264621499999892e+06,2.309243378000000084e+05,3.512336230000000069e+04,0.000000000000000000e+00,5.062159966000000131e+05,-2.377469138400000054e+06,2.977114000000000260e+02,-2.883685134899999946e+06,-2.376287743499999866e+06,2.978869000000000256e+02,2.097528000000000077e+02,2.634884000000000128e+02,8.033439671099999920e+06,-9.432739999999999725e+01,-4.022789999999999822e+01
3.360000000000000000e+03,1.777941990000000078e+04,4.203691219999999885e+04,5.590914590000000317e+04,9.069184999999999945e+02,-3.266862938399999868e+06,2.317870885999999882e+05,3.502178310000000056e+04,0.000000000000000000e+00,5.064448612999999896e+05,-2.376976808800000232e+06,2.978460000000000036e+02,-2.883421670100000221e+06,-2.376359370899999980e+06,2.978965999999999781e+02,-4.013210000000000264e+02,-3.466487999999999943e+02,8.033427907599999569e+06,-9.491719999999999402e+01,-4.073380000000000223e+01
3.370000000000000000e+03,1.793237129999999888e+04,4.186899410000000353e+04,5.591212449999999808e+04,8.962401999999999589e+02,-3.266667471499999985e+06,2.316369316000000108e+05,3.478526849999999831e+04,0.000000000000000000e+00,5.069718157999999821e+05,-2.376663725500000175e+06,2.981560000000000059e+02,-2.883635541399999987e+06,-2.376417104199999943e+06,2.978946000000000254e+02,4.778471999999999866e+02,5.357540000000000191e+02,8.033374790500000119e+06,-4.836569999999999681e+01,5.878899999999999793e+00
3.380000000000000000e+03,1.770823719999999958e+04,4.200060229999999865e+04,5.580948040000000037e+04,9.066259999999999764e+02,-3.266430637899999972e+06,2.319015446999999986e+05,3.478315969999999652e+04,0.000000000000000000e+00,5.065390888999999734e+05,-2.376781898599999957e+06,2.979014999999999986e+02,-2.883320987499999814e+06,-2.376465244599999860e+06,2.978845999999999776e+02,-3.353989000000000260e+02,-2.810507999999999811e+02,8.033398243300000206e+06,-8.083199999999999363e+01,-2.655649999999999977e+01
3.390000000000000000e+03,1.778239289999999892e+04,4.182194649999999820e+04,5.590393809999999939e+04,9.044006000000000540e+02,-3.266158937799999956e+06,2.321677166000000143e+05,3.492287890000000334e+04,0.000000000000000000e+00,5.055373577999999980e+05,-2.377118306299999822e+06,2.973122999999999934e+02,-2.882655664100000169e+06,-2.376516496600000188e+06,2.978328999999999951e+02,-2.049995999999999867e+02,-1.498164999999999907e+02,8.033385650500000454e+06,-5.935049999999999670e+01,-5.055699999999999861e+00
3.400000000000000000e+03,1.782056859999999870e+04,4.189733789999999863e+04,5.592085130000000208e+04,8.989288000000000238e+02,-3.266655874100000132e+06,2.326244667999999947e+05,3.476700400000000081e+04,0.000000000000000000e+00,5.059054378000000142e+05,-2.376821279000000097e+06,2.975287999999999897e+02,-2.882726716800000053e+06,-2.376557386200000066e+06,2.978269000000000233e+02,1.474455000000000098e+02,2.017616999999999905e+02,8.033368388500000350e+06,-6.746840000000000259e+01,-1.319260000000000055e+01
3.410000000000000000e+03,1.787917550000000119e+04,4.156881330000000162e+04,5.588237060000000201e+04,8.899257000000000062e+02,-3.265561438300000038e+06,2.315410020000000077e+05,3.455005150000000140e+04,0.000000000000000000e+00,5.061734561000000103e+05,-2.377076643699999899e+06,2.976863999999999919e+02,-2.883250099799999967e+06,-2.376606944099999964e+06,2.978226999999999975e+02,-5.312446999999999662e+02,-4.761770000000000209e+02,8.033335243700000457e+06,-8.084359999999999502e+01,-2.658990000000000009e+01
3.420000000000000000e+03,1.783613799999999901e+04,4.204293200000000070e+04,5.582679060000000027e+04,9.367537999999999556e+02,-3.266261435699999798e+06,2.321055548000000126e+05,3.476461310000000231e+04,0.000000000000000000e+00,5.062644861999999848e+05,-2.376484167200000025e+06,2.977400000000000091e+02,-2.882748653299999889e+06,-2.376620484699999914e+06,2.978122000000000185e+02,4.911664999999999850e+02,5.446849999999999454e+02,8.033257228299999610e+06,-8.533889999999999532e+01,-3.100420000000000087e+01
3.430000000000000000e+03,1.757310619999999835e+04,4.210343029999999999e+04,5.582470659999999771e+04,9.159129000000000360e+02,-3.266834528200000059e+06,2.323231792999999889e+05,3.479033279999999650e+04,0.000000000000000000e+00,5.070363241000000271e+05,-2.376267535999999847e+06,2.981938999999999851e+02,-2.883303860100000165e+06,-2.376633731600000057e+06,2.978195000000000050e+02,-6.149637000000000171e+02,-5.609683999999999742e+02,8.033239608000000007e+06,-7.731199999999999761e+01,-2.301670000000000016e+01
3.440000000000000000e+03,1.782166619999999966e+04,4.182365290000000095e+04,5.595168860000000132e+04,9.302658999999999878e+02,-3.266021065899999812e+06,2.322170628999999899e+05,3.480531769999999960e+04,0.000000000000000000e+00,5.063004724000000278e+05,-2.376170939300000202e+06,2.977610999999999990e+02,-2.882471411700000055e+06,-2.376652756300000008e+06,2.978125999999999749e+02,8.100009999999999764e+02,8.637050000000000409e+02,8.033164052400000393e+06,-7.100209999999999866e+01,-1.677649999999999864e+01
3.450000000000000000e+03,1.792152779999999984e+04,4.209293720000000030e+04,5.596048150000000169e+04,9.221875000000000000e+02,-3.266219348300000187e+06,2.317862455999999947e+05,3.472194879999999830e+04,0.000000000000000000e+00,5.068526435000000056e+05,-2.375961376300000120e+06,2.980858999999999810e+02,-2.882814019799999893e+06,-2.376665130900000222e+06,2.978106999999999971e+02,-7.550641000000000531e+02,-6.993256000000000085e+02,8.033226958399999887e+06,-8.178849999999999909e+01,-2.750690000000000168e+01
3.460000000000000000e+03,1.793262450000000172e+04,4.211305240000000049e+04,5.584056420000000071e+04,8.977030999999999494e+02,-3.265928682299999986e+06,2.312817629000000015e+05,3.458808709999999701e+04,0.000000000000000000e+00,5.073731623999999720e+05,-2.375901725800000131e+06,2.983919999999999959e+02,-2.883274888199999928e+06,-2.376664323900000192e+06,2.978437999999999874e+02,3.457898999999999887e+02,3.973922000000000025e+02,8.033215829400000162e+06,-9.962959999999999638e+01,-4.541550000000000153e+01
3.470000000000000000e+03,1.776848600000000079e+04,4.225919550000000163e+04,5.583728390000000218e+04,8.930739999999999554e+02,-3.266223334700000007e+06,2.316330713999999862e+05,3.482782190000000264e+04,0.000000000000000000e+00,5.073094415000000154e+05,-2.375694960599999875e+06,2.983544999999999732e+02,-2.883004402100000065e+06,-2.376656609100000001e+06,2.978840999999999894e+02,-2.783688999999999965e+02,-2.241619000000000028e+02,8.033259121799999848e+06,-9.205910000000000082e+01,-3.780499999999999972e+01
3.480000000000000000e+03,1.808720130000000063e+04,4.214164089999999851e+04,5.577778310000000056e+04,8.926353000000000293e+02,-3.267112497800000012e+06,2.325423796999999904e+05,3.506647499999999854e+04,0.000000000000000000e+00,5.068374091999999946e+05,-2.375766973300000187e+06,2.980769000000000233e+02,-2.882604382499999832e+06,-2.376662007499999832e+06,2.978890999999999849e+02,1.152595000000000027e+02,1.661160999999999888e+02,8.033288551900000311e+06,-7.707309999999999661e+01,-2.302530000000000143e+01
3.490000000000000000e+03,1.799443159999999989e+04,4.218375050000000192e+04,5.583808729999999923e+04,8.983146000000000413e+02,-3.266386513100000098e+06,2.327267538000000059e+05,3.495531560000000172e+04,0.000000000000000000e+00,5.058116221999999834e+05,-2.375978237499999814e+06,2.974735999999999763e+02,-2.881789859699999914e+06,-2.376656648099999875e+06,2.978464000000000169e+02,-2.375986000000000047e+02,-1.873551999999999964e+02,8.033356527900000103e+06,-1.042270999999999930e+02,-5.029399999999999693e+01
3.500000000000000000e+03,1.795603649999999834e+04,4.196287580000000162e+04,5.585874979999999778e+04,9.226508000000000038e+02,-3.266244809900000226e+06,2.325108828999999969e+05,3.488407130000000325e+04,0.000000000000000000e+00,5.065664022000000114e+05,-2.375583140699999873e+06,2.979175000000000182e+02,-2.882149542899999768e+06,-2.376594953799999785e+06,2.978389000000000237e+02,-2.088260999999999967e+02,-1.565427999999999997e+02,8.033430640599999577e+06,-9.209290000000000020e+01,-3.823530000000000229e+01
3.510000000000000000e+03,1.804808829999999944e+04,4.204882250000000204e+04,5.582013870000000315e+04,9.140833000000000084e+02,-3.265642899100000039e+06,2.321451743999999890e+05,3.478186910000000353e+04,0.000000000000000000e+00,5.061385410999999731e+05,-2.375746181799999904e+06,2.976659000000000219e+02,-2.881884722899999935e+06,-2.376521731199999806e+06,2.978435000000000059e+02,-2.551982000000000141e+02,-2.033940000000000055e+02,8.033443174300000072e+06,-1.206941000000000059e+02,-6.691450000000000387e+01
3.520000000000000000e+03,1.803182519999999931e+04,4.182305419999999867e+04,5.590809780000000319e+04,9.197373999999999796e+02,-3.265956195100000128e+06,2.320587259999999951e+05,3.486312520000000222e+04,0.000000000000000000e+00,5.066685335000000196e+05,-2.375683095900000073e+06,2.979775999999999954e+02,-2.882351629399999976e+06,-2.376446809700000100e+06,2.978448999999999955e+02,1.969950000000000045e+02,2.512352999999999952e+02,8.033436752600000240e+06,-5.632430000000000092e+01,-2.513500000000000068e+00
3.530000000000000000e+03,1.775587440000000061e+04,4.218044099999999889e+04,5.595975269999999728e+04,9.016051999999999680e+02,-3.266122734199999832e+06,2.320449713000000047e+05,3.488056250000000000e+04,0.000000000000000000e+00,5.066359903000000049e+05,-2.375763536900000181e+06,2.979583999999999833e+02,-2.882399527199999895e+06,-2.376368411700000055e+06,2.978679999999999950e+02,-3.971644000000000005e+02,-3.455341999999999985e+02,8.033471878999999724e+06,-1.179680000000000035e+02,-6.431730000000000302e+01
3.540000000000000000e+03,1.791558250000000044e+04,4.183253540000000066e+04,5.601288620000000083e+04,9.305286999999999580e+02,-3.266105586600000039e+06,2.322363092999999935e+05,3.481657630000000063e+04,0.000000000000000000e+00,5.064792949999999837e+05,-2.375881873099999968e+06,2.978663000000000238e+02,-2.882361168099999893e+06,-2.376289577200000174e+06,2.978802999999999770e+02,-8.839800000000000324e+00,4.235699999999999932e+01,8.033457539599999785e+06,-7.173650000000000659e+01,-1.822400000000000020e+01
3.550000000000000000e+03,1.801605099999999948e+04,4.181878010000000359e+04,5.588179879999999685e+04,9.003563000000000329e+02,-3.266759999100000132e+06,2.327961388999999908e+05,3.481552369999999792e+04,0.000000000000000000e+00,5.065582162000000244e+05,-2.375973133899999782e+06,2.979126999999999725e+02,-2.882531350099999923e+06,-2.376214776999999769e+06,2.978903999999999996e+02,2.675699999999999967e+00,5.647420000000000329e+01,8.033435855800000019e+06,-8.209040000000000248e+01,-2.857469999999999999e+01
3.560000000000000000e+03,1.780836330000000089e+04,4.186966750000000320e+04,5.587151460000000225e+04,9.156181000000000267e+02,-3.266226347800000105e+06,2.323241906000000017e+05,3.485062529999999970e+04,0.000000000000000000e+00,5.062616465999999782e+05,-2.376324721799999941e+06,2.977382999999999811e+02,-2.882586368400000036e+06,-2.376182172699999996e+06,2.978849999999999909e+02,3.586614000000000146e+02,4.128147999999999911e+02,8.033461593999999575e+06,-4.409129999999999683e+01,9.398400000000000531e+00
3.570000000000000000e+03,1.795245290000000023e+04,4.208935590000000229e+04,5.582893269999999757e+04,9.024397000000000162e+02,-3.266148989000000060e+06,2.311909623000000138e+05,3.493864059999999881e+04,0.000000000000000000e+00,5.069283784999999916e+05,-2.376317826400000136e+06,2.981304000000000087e+02,-2.883246204899999779e+06,-2.376164877700000070e+06,2.978836999999999762e+02,-7.558950999999999567e+02,-7.010982999999999947e+02,8.033536571700000204e+06,-1.057784000000000049e+02,-5.244420000000000215e+01
3.580000000000000000e+03,1.771224820000000182e+04,4.226612440000000061e+04,5.578715810000000056e+04,9.071603999999999814e+02,-3.265555477299999911e+06,2.321289046000000089e+05,3.482182480000000214e+04,0.000000000000000000e+00,5.058452937999999849e+05,-2.376086762999999803e+06,2.974934000000000083e+02,-2.881932056799999904e+06,-2.376130120899999980e+06,2.978632999999999811e+02,1.531228999999999871e+02,2.063924000000000092e+02,8.033524032899999991e+06,-8.135229999999999961e+01,-2.807199999999999918e+01
3.590000000000000000e+03,1.782453059999999823e+04,4.209839220000000205e+04,5.574586789999999746e+04,8.825072000000000116e+02,-3.265894691399999894e+06,2.319006363999999885e+05,3.463492420000000129e+04,0.000000000000000000e+00,5.065516453999999794e+05,-2.376256187599999830e+06,2.979087999999999852e+02,-2.882807833000000101e+06,-2.376087015000000130e+06,2.978931000000000040e+02,-1.959877999999999929e+02,-1.431511000000000138e+02,8.033492813099999912e+06,-8.090170000000000528e+01,-2.773870000000000147e+01
3.600000000000000000e+03,1.786856230000000141e+04,4.214900989999999729e+04,5.579049149999999645e+04,9.189221000000000004e+02,-3.265721526099999901e+06,2.316880436000000045e+05,3.471463829999999871e+04,0.000000000000000000e+00,5.065684650000000256e+05,-2.376023393300000113e+06,2.979187000000000012e+02,-2.882591858399999794e+06,-2.376047120699999854e+06,2.979125999999999976e+02,4.786123000000000047e+02,5.324783999999999651e+02,8.033462436900000088e+06,-6.434340000000000259e+01,-1.120289999999999964e+01
3.610000000000000000e+03,1.785667529999999897e+04,4.216578119999999763e+04,5.579962440000000061e+04,9.214171000000000049e+02,-3.265770821700000204e+06,2.317683800000000047e+05,3.480865720000000147e+04,0.000000000000000000e+00,5.069302300999999861e+05,-2.375520056400000118e+06,2.981315000000000168e+02,-2.882450286499999929e+06,-2.375969291300000157e+06,2.979349000000000274e+02,-5.344890000000000327e+02,-4.799898999999999774e+02,8.033498149799999781e+06,-6.450560000000000116e+01,-1.139359999999999928e+01
3.620000000000000000e+03,1.791406239999999889e+04,4.207124029999999766e+04,5.585016339999999764e+04,9.205860000000000127e+02,-3.266549447999999858e+06,2.328485895000000019e+05,3.493199270000000251e+04,0.000000000000000000e+00,5.068974732000000076e+05,-2.375115340499999933e+06,2.981121999999999730e+02,-2.882012813699999824e+06,-2.375900850000000093e+06,2.979535000000000196e+02,7.152786999999999580e+02,7.685230000000000246e+02,8.033500366200000048e+06,-5.329999999999999716e+01,-2.016999999999999904e-01
3.630000000000000000e+03,1.800852839999999924e+04,4.207533419999999751e+04,5.590417910000000120e+04,9.231568999999999505e+02,-3.266307359800000209e+06,2.318918912000000128e+05,3.480928779999999824e+04,0.000000000000000000e+00,5.073325496999999741e+05,-2.375362432399999816e+06,2.983681000000000267e+02,-2.882694982199999969e+06,-2.375855594800000079e+06,2.979621999999999957e+02,-7.408572000000000344e+02,-6.872525000000000546e+02,8.033596612599999644e+06,-5.959470000000000312e+01,-6.515900000000000247e+00
3.640000000000000000e+03,1.804430749999999898e+04,4.234639790000000357e+04,5.588692500000000291e+04,9.090801999999999907e+02,-3.266822573700000066e+06,2.323365003999999899e+05,3.465589050000000134e+04,0.000000000000000000e+00,5.070100554000000120e+05,-2.375633416900000069e+06,2.981784000000000106e+02,-2.882643472300000023e+06,-2.375828718700000085e+06,2.979830999999999790e+02,5.981085000000000491e+02,6.532738000000000511e+02,8.033602124499999918e+06,-7.018930000000000291e+01,-1.703740000000000165e+01
3.650000000000000000e+03,1.797391100000000006e+04,4.211651870000000054e+04,5.579091990000000078e+04,9.208297999999999774e+02,-3.267241764500000048e+06,2.326189783999999927e+05,3.473813270000000193e+04,0.000000000000000000e+00,5.068162579999999725e+05,-2.376266216000000015e+06,2.980645000000000095e+02,-2.883082474100000225e+06,-2.375843960700000171e+06,2.979820000000000277e+02,-5.733175999999999704e+02,-5.192417000000000371e+02,8.033679980800000019e+06,-6.110199999999999676e+01,-8.033200000000000784e+00
3.660000000000000000e+03,1.789493379999999888e+04,4.210186340000000200e+04,5.582031970000000001e+04,9.210780999999999494e+02,-3.267308128800000064e+06,2.325835591999999888e+05,3.483229720000000088e+04,0.000000000000000000e+00,5.066898190000000177e+05,-2.376464258400000166e+06,2.979900999999999840e+02,-2.883154077399999835e+06,-2.375872087299999781e+06,2.979619000000000142e+02,9.163169999999999504e+01,1.462978999999999985e+02,8.033675057300000452e+06,-7.380989999999999895e+01,-2.058790000000000120e+01
3.670000000000000000e+03,1.777820899999999892e+04,4.202505019999999786e+04,5.589771749999999884e+04,9.287038000000000011e+02,-3.266860312400000170e+06,2.326150146999999997e+05,3.477912079999999696e+04,0.000000000000000000e+00,5.063429000000000233e+05,-2.376493596499999985e+06,2.977860999999999763e+02,-2.882836496400000062e+06,-2.375912019100000151e+06,2.979334999999999809e+02,-2.997105000000000246e+02,-2.438288000000000011e+02,8.033682595700000413e+06,-7.487690000000000623e+01,-2.157130000000000081e+01
3.680000000000000000e+03,1.781708720000000176e+04,4.225479329999999754e+04,5.584464570000000094e+04,9.244578000000000202e+02,-3.266622424600000028e+06,2.320259682000000030e+05,3.465664039999999659e+04,0.000000000000000000e+00,5.063298791000000201e+05,-2.376768952899999917e+06,2.977783999999999764e+02,-2.883098831999999937e+06,-2.375962118100000080e+06,2.979186000000000263e+02,-1.288334999999999866e+02,-7.291330000000000666e+01,8.033620484699999914e+06,-8.708159999999999457e+01,-3.352279999999999660e+01
3.690000000000000000e+03,1.795669729999999981e+04,4.233070270000000164e+04,5.591871259999999893e+04,8.880682000000000471e+02,-3.266237992899999954e+06,2.310296224999999977e+05,3.454928059999999823e+04,0.000000000000000000e+00,5.061925107999999891e+05,-2.377372398300000001e+06,2.976976000000000226e+02,-2.883564909099999815e+06,-2.376031826100000180e+06,2.979298000000000002e+02,9.548040000000000305e+01,1.504533000000000129e+02,8.033551625400000252e+06,-7.042759999999999820e+01,-1.663230000000000075e+01
3.700000000000000000e+03,1.777958350000000064e+04,4.219624360000000161e+04,5.573987900000000081e+04,8.855546000000000504e+02,-3.266203718900000211e+06,2.316201008999999904e+05,3.468642639999999665e+04,0.000000000000000000e+00,5.065480434000000241e+05,-2.376747887399999890e+06,2.979067000000000007e+02,-2.883295930800000206e+06,-2.376090063500000164e+06,2.979291999999999803e+02,-5.033829999999999814e+02,-4.504823000000000093e+02,8.033510125799999572e+06,-8.515550000000000352e+01,-3.132929999999999993e+01
3.710000000000000000e+03,1.798796150000000125e+04,4.220966159999999945e+04,5.580941260000000329e+04,8.738119000000000369e+02,-3.266718003500000108e+06,2.318171100999999908e+05,3.492335970000000088e+04,0.000000000000000000e+00,5.063288376999999746e+05,-2.376767848499999847e+06,2.977778000000000134e+02,-2.883096686199999880e+06,-2.376141146800000221e+06,2.979347999999999956e+02,7.225942000000000007e+02,7.775615000000000236e+02,8.033405872299999930e+06,-3.626590000000000202e+01,1.771849999999999881e+01
3.720000000000000000e+03,1.773675449999999910e+04,4.168798219999999856e+04,5.585858049999999639e+04,9.103265000000000100e+02,-3.266594521800000221e+06,2.321523103000000119e+05,3.489290789999999834e+04,0.000000000000000000e+00,5.061000621999999858e+05,-2.377255597800000105e+06,2.976433000000000106e+02,-2.883355660000000149e+06,-2.376219771900000051e+06,2.979180999999999813e+02,-2.381312000000000069e+02,-1.817869000000000028e+02,8.033427245600000024e+06,-5.802219999999999800e+01,-3.932599999999999874e+00
3.730000000000000000e+03,1.766018649999999980e+04,4.221415720000000147e+04,5.583872759999999835e+04,9.111177999999999884e+02,-3.266933100800000131e+06,2.321638857000000135e+05,3.459029589999999735e+04,0.000000000000000000e+00,5.063517203999999911e+05,-2.377203009800000116e+06,2.977912999999999784e+02,-2.883554730200000107e+06,-2.376291745600000024e+06,2.979096999999999866e+02,-2.973394999999999868e+02,-2.445971000000000117e+02,8.033416551500000060e+06,-5.303090000000000259e+01,1.114200000000000079e+00
3.740000000000000000e+03,1.764968240000000151e+04,4.171681190000000061e+04,5.586254370000000199e+04,8.852500000000000000e+02,-3.267134767500000075e+06,2.322038206000000064e+05,3.484748610000000190e+04,0.000000000000000000e+00,5.069074201999999932e+05,-2.377061752400000114e+06,2.981181000000000267e+02,-2.883969172699999996e+06,-2.376350739500000142e+06,2.979223000000000070e+02,6.740632000000000517e+02,7.290041999999999689e+02,8.033410825899999589e+06,-1.888579999999999970e+01,3.544659999999999656e+01
3.750000000000000000e+03,1.772161790000000110e+04,4.169833649999999761e+04,5.580451799999999639e+04,9.166884000000000015e+02,-3.266766492300000042e+06,2.317382589999999909e+05,3.497887840000000142e+04,0.000000000000000000e+00,5.067149663999999757e+05,-2.377193227700000163e+06,2.980049000000000206e+02,-2.883908194099999964e+06,-2.376411744200000074e+06,2.979268999999999892e+02,-1.112724699999999984e+03,-1.054859099999999899e+03,8.033487480600000359e+06,-7.465579999999999927e+01,-2.012010000000000076e+01
3.760000000000000000e+03,1.771921770000000106e+04,4.180392809999999736e+04,5.585058060000000114e+04,9.282295000000000300e+02,-3.266573464600000065e+06,2.323987431999999972e+05,3.487828399999999965e+04,0.000000000000000000e+00,5.055887469000000274e+05,-2.377405734699999914e+06,2.973426000000000045e+02,-2.882994481600000057e+06,-2.376465794900000095e+06,2.979071000000000140e+02,1.205491500000000087e+03,1.260298900000000003e+03,8.033450327300000004e+06,-3.231430000000000291e+01,2.225410000000000110e+01
3.770000000000000000e+03,1.752944659999999931e+04,4.208836480000000302e+04,5.579879159999999683e+04,9.280517999999999574e+02,-3.266993429800000042e+06,2.317715750999999873e+05,3.464176290000000154e+04,0.000000000000000000e+00,5.066203464999999851e+05,-2.377615090400000103e+06,2.979492000000000189e+02,-2.884235436900000088e+06,-2.376530658100000117e+06,2.978980999999999995e+02,-1.326366899999999987e+03,-1.272873100000000022e+03,8.033561080299999565e+06,-6.083789999999999765e+01,-6.334600000000000009e+00
3.780000000000000000e+03,1.767221889999999985e+04,4.189508800000000338e+04,5.586471080000000075e+04,9.427617999999999938e+02,-3.266820289400000125e+06,2.318683616000000038e+05,3.470796229999999923e+04,0.000000000000000000e+00,5.062447583999999915e+05,-2.377624427699999884e+06,2.977284000000000219e+02,-2.883869186100000050e+06,-2.376607541300000157e+06,2.979098000000000184e+02,1.121205799999999954e+03,1.173755799999999908e+03,8.033507711699999869e+06,-1.243369999999999997e+01,4.203349999999999653e+01
3.790000000000000000e+03,1.790094450000000143e+04,4.195864609999999811e+04,5.580050069999999687e+04,9.197323999999999842e+02,-3.267184352299999911e+06,2.324989384999999893e+05,3.479542169999999896e+04,0.000000000000000000e+00,5.054908954999999842e+05,-2.377819272900000215e+06,2.972850000000000250e+02,-2.883310168399999849e+06,-2.376685695600000210e+06,2.978786000000000058e+02,-5.886766999999999825e+02,-5.308849000000000160e+02,8.033589424800000153e+06,-3.206819999999999737e+01,2.264679999999999893e+01
3.800000000000000000e+03,1.769526209999999992e+04,4.192863880000000063e+04,5.585533439999999973e+04,9.097160999999999831e+02,-3.266600090600000229e+06,2.318382198999999964e+05,3.451843160000000353e+04,0.000000000000000000e+00,5.058415116999999736e+05,-2.378012975999999791e+06,2.974911999999999921e+02,-2.883854487699999940e+06,-2.376785174699999858e+06,2.978573000000000093e+02,5.690691000000000486e+02,6.237218000000000302e+02,8.033622903500000015e+06,-2.754530000000000101e+01,2.720899999999999963e+01
3.810000000000000000e+03,1.773936049999999886e+04,4.175496880000000237e+04,5.581723109999999724e+04,9.067902000000000271e+02,-3.266815856999999844e+06,2.323078266000000003e+05,3.467718310000000201e+04,0.000000000000000000e+00,5.061172557999999844e+05,-2.377495240999999922e+06,2.976533999999999764e+02,-2.883612496700000018e+06,-2.376883933900000062e+06,2.978333999999999833e+02,-1.740178999999999974e+02,-1.194856999999999942e+02,8.033766043499999680e+06,-9.521800000000000708e+00,4.523420000000000130e+01
3.820000000000000000e+03,1.788963829999999871e+04,4.211431410000000324e+04,5.585411520000000019e+04,9.316019999999999754e+02,-3.266219686499999836e+06,2.319829952000000048e+05,3.480929860000000190e+04,0.000000000000000000e+00,5.055829078999999911e+05,-2.377054815099999774e+06,2.973390999999999735e+02,-2.882637723000000231e+06,-2.376980907600000035e+06,2.977946999999999775e+02,-4.106127999999999929e+02,-3.554306000000000267e+02,8.033906141200000420e+06,-6.581629999999999825e+01,-1.096349999999999980e+01
3.830000000000000000e+03,1.786491129999999976e+04,4.201832749999999942e+04,5.588511529999999766e+04,9.200675999999999704e+02,-3.265839807800000068e+06,2.318205438000000140e+05,3.466353820000000269e+04,0.000000000000000000e+00,5.055568734999999870e+05,-2.377110430699999910e+06,2.973238000000000056e+02,-2.882667304200000130e+06,-2.377068307599999942e+06,2.977425000000000068e+02,3.069123000000000161e+02,3.609923000000000002e+02,8.034038561400000006e+06,-1.342789999999999928e+01,4.144879999999999853e+01
3.840000000000000000e+03,1.782201150000000052e+04,4.181184939999999915e+04,5.584213059999999678e+04,9.638370999999999640e+02,-3.265373629600000102e+06,2.315941700000000128e+05,3.488479609999999957e+04,0.000000000000000000e+00,5.056447417000000132e+05,-2.376810093200000003e+06,2.973754999999999882e+02,-2.882454834900000133e+06,-2.377127141400000080e+06,2.977022999999999797e+02,-9.084624999999999773e+02,-8.524820999999999458e+02,8.034196333100000396e+06,-8.875639999999999930e+01,-3.383899999999999864e+01
3.850000000000000000e+03,1.772376569999999992e+04,4.199832620000000315e+04,5.590620700000000215e+04,9.047226000000000568e+02,-3.266313615300000180e+06,2.319870396999999939e+05,3.492927219999999943e+04,0.000000000000000000e+00,5.063788691000000108e+05,-2.376485412800000049e+06,2.978072000000000230e+02,-2.882864281899999827e+06,-2.377138101199999917e+06,2.976895000000000095e+02,1.134046499999999924e+03,1.190238800000000083e+03,8.034265621899999678e+06,-3.388199999999999878e+00,5.163499999999999801e+01
3.860000000000000000e+03,1.793040450000000055e+04,4.169702500000000146e+04,5.590290899999999965e+04,8.916900000000000546e+02,-3.265764995699999854e+06,2.319142351999999955e+05,3.484205799999999726e+04,0.000000000000000000e+00,5.067157284000000218e+05,-2.375870945499999914e+06,2.980052999999999770e+02,-2.882586673899999820e+06,-2.377108435599999968e+06,2.976902000000000044e+02,-1.374227100000000064e+03,-1.317643399999999929e+03,8.034498746000000276e+06,-7.668120000000000402e+01,-2.156200000000000117e+01
3.870000000000000000e+03,1.786849090000000069e+04,4.176330200000000332e+04,5.584250460000000021e+04,8.901291999999999689e+02,-3.264976964399999939e+06,2.315702097000000067e+05,3.473417670000000362e+04,0.000000000000000000e+00,5.064272327999999980e+05,-2.375880918399999849e+06,2.978356999999999744e+02,-2.882308151200000197e+06,-2.377077801700000186e+06,2.976927000000000021e+02,1.167378300000000081e+03,1.217560699999999997e+03,8.034603645800000057e+06,-3.326700000000000212e+00,5.150739999999999696e+01
3.880000000000000000e+03,1.795871900000000096e+04,4.183130440000000090e+04,5.588656459999999788e+04,9.331395999999999731e+02,-3.266129185200000182e+06,2.325625444999999891e+05,3.492109189999999944e+04,0.000000000000000000e+00,5.062922580999999773e+05,-2.375743563099999912e+06,2.977563000000000102e+02,-2.882035821200000122e+06,-2.377026532199999783e+06,2.976915999999999940e+02,-1.264271199999999908e+03,-1.212853200000000015e+03,8.034858617600000463e+06,-6.009859999999999758e+01,-5.489600000000000257e+00
3.890000000000000000e+03,1.788723990000000049e+04,4.204206319999999687e+04,5.584147499999999854e+04,9.036982000000000426e+02,-3.266005653799999971e+06,2.320712885999999999e+05,3.487787150000000111e+04,0.000000000000000000e+00,5.064506440999999759e+05,-2.375931373199999798e+06,2.978494000000000028e+02,-2.882382017299999949e+06,-2.376954480899999849e+06,2.976992000000000189e+02,3.833360999999999876e+02,4.406571000000000140e+02,8.034968064500000328e+06,-4.570580000000000354e+01,9.020599999999999952e+00
3.900000000000000000e+03,1.796876829999999973e+04,4.216559700000000157e+04,5.586620700000000215e+04,9.310267000000000053e+02,-3.265603276800000109e+06,2.322014854000000050e+05,3.476034120000000257e+04,0.000000000000000000e+00,5.059650030000000261e+05,-2.375744848199999891e+06,2.975638000000000147e+02,-2.881709851199999917e+06,-2.376904328999999911e+06,2.976820999999999913e+02,-2.601338000000000079e+02,-2.049684000000000026e+02,8.035172152800000273e+06,-3.354339999999999833e+01,2.129629999999999868e+01
3.910000000000000000e+03,1.758875460000000021e+04,4.198772280000000319e+04,5.577875899999999820e+04,9.243274000000000115e+02,-3.265644277300000191e+06,2.321121138999999966e+05,3.473525390000000334e+04,0.000000000000000000e+00,5.068168637999999919e+05,-2.375700481900000013e+06,2.980647999999999911e+02,-2.882517345699999947e+06,-2.376850960599999875e+06,2.976963999999999828e+02,-5.284959000000000060e+02,-4.739390000000000214e+02,8.035324473299999721e+06,-9.609789999999999566e+01,-4.127870000000000061e+01
3.920000000000000000e+03,1.782081490000000122e+04,4.198660229999999865e+04,5.581836069999999745e+04,9.008477000000000317e+02,-3.265090218799999915e+06,2.317165868999999948e+05,3.477395840000000317e+04,0.000000000000000000e+00,5.063833303999999771e+05,-2.375689717600000091e+06,2.978099000000000274e+02,-2.882073047999999952e+06,-2.376772666600000113e+06,2.977047000000000025e+02,5.902821000000000140e+02,6.467057999999999538e+02,8.035426849100000225e+06,-5.467719999999999914e+01,1.459000000000000019e-01
3.930000000000000000e+03,1.776811010000000169e+04,4.226450710000000254e+04,5.593357940000000235e+04,9.063278000000000247e+02,-3.265439414199999999e+06,2.321464539999999979e+05,3.471966240000000107e+04,0.000000000000000000e+00,5.058970437999999849e+05,-2.375803729600000195e+06,2.975239000000000260e+02,-2.881700773500000127e+06,-2.376702702599999961e+06,2.976913999999999874e+02,-1.114017399999999952e+03,-1.063173999999999978e+03,8.035609562599999830e+06,-9.551109999999999900e+01,-4.078289999999999793e+01
3.940000000000000000e+03,1.781929160000000047e+04,4.219275740000000224e+04,5.582571549999999843e+04,9.181250999999999749e+02,-3.267688038199999835e+06,2.333777724999999919e+05,3.477562120000000141e+04,0.000000000000000000e+00,5.069879383999999845e+05,-2.375790816500000190e+06,2.981653999999999769e+02,-2.882778754900000058e+06,-2.376639155799999833e+06,2.976936999999999784e+02,9.217984999999999900e+02,9.766636999999999489e+02,8.035671681300000288e+06,-8.312430000000000518e+01,-2.839989999999999881e+01
3.950000000000000000e+03,1.792178050000000076e+04,4.207681670000000304e+04,5.587006349999999657e+04,9.138401999999999816e+02,-3.268420012800000142e+06,2.336797950000000128e+05,3.488800549999999930e+04,0.000000000000000000e+00,5.075421532000000007e+05,-2.375527558199999854e+06,2.984913999999999987e+02,-2.883069711399999913e+06,-2.376555872299999930e+06,2.977180999999999926e+02,-8.968416999999999462e+02,-8.420189000000000306e+02,8.035877749499999918e+06,-7.233020000000000493e+01,-1.775789999999999935e+01
3.960000000000000000e+03,1.802855549999999857e+04,4.189281919999999809e+04,5.582001120000000083e+04,9.189615000000000009e+02,-3.267415193099999800e+06,2.333613485999999975e+05,3.482555849999999919e+04,0.000000000000000000e+00,5.070640148000000045e+05,-2.375503923799999990e+06,2.982101999999999862e+02,-2.882567938599999994e+06,-2.376460781799999997e+06,2.977613999999999805e+02,3.675479000000000269e+02,4.226727999999999952e+02,8.035992050400000066e+06,-1.142274000000000029e+02,-5.963920000000000243e+01
3.970000000000000000e+03,1.817265079999999944e+04,4.208016700000000128e+04,5.584233469999999943e+04,8.874818999999999960e+02,-3.265640736099999864e+06,2.316065652000000118e+05,3.477041129999999976e+04,0.000000000000000000e+00,5.068367817999999970e+05,-2.375444343400000129e+06,2.980765000000000100e+02,-2.882281125200000126e+06,-2.376352244400000200e+06,2.977678000000000225e+02,1.001291999999999973e+02,1.538445000000000107e+02,8.036163764700000174e+06,-4.290259999999999962e+01,1.169669999999999987e+01
3.980000000000000000e+03,1.801468779999999970e+04,4.200831970000000001e+04,5.583762870000000112e+04,9.069392000000000280e+02,-3.266013934299999848e+06,2.315548354000000108e+05,3.466807970000000205e+04,0.000000000000000000e+00,5.073174659000000102e+05,-2.375705977899999823e+06,2.983591999999999871e+02,-2.883023443800000008e+06,-2.376256322000000160e+06,2.977993999999999915e+02,-7.934125999999999976e+02,-7.416055999999999813e+02,8.036364317099999636e+06,-1.386334999999999980e+02,-8.407139999999999702e+01
3.990000000000000000e+03,1.793589549999999872e+04,4.210449319999999716e+04,5.590287440000000061e+04,8.994294999999999618e+02,-3.266168450499999803e+06,2.327046204000000143e+05,3.490633559999999852e+04,0.000000000000000000e+00,5.062868004000000074e+05,-2.375428001499999780e+06,2.977531000000000176e+02,-2.881714801899999846e+06,-2.376136758400000166e+06,2.978227999999999724e+02,3.958442999999999756e+02,4.469259000000000128e+02,8.036488116999999620e+06,-8.940739999999999554e+01,-3.518090000000000117e+01
4.000000000000000000e+03,1.786772130000000107e+04,4.213195820000000094e+04,5.587329310000000260e+04,9.301163999999999987e+02,-3.266605123500000220e+06,2.324017429000000120e+05,3.492839650000000256e+04,0.000000000000000000e+00,5.072927684000000008e+05,-2.375179126600000076e+06,2.983446999999999889e+02,-2.882471895099999849e+06,-2.375995065899999812e+06,2.978654000000000224e+02,-1.000403099999999995e+03,-9.475448000000000093e+02,8.036654410199999809e+06,-1.678810000000000002e+02,-1.137442000000000064e+02
4.010000000000000000e+03,1.787838890000000174e+04,4.195715630000000237e+04,5.589721229999999923e+04,8.983632000000000062e+02,-3.266603604600000195e+06,2.321490885000000126e+05,3.477095240000000194e+04,0.000000000000000000e+00,5.073125086000000010e+05,-2.375739934400000144e+06,2.983562999999999761e+02,-2.883052442999999970e+06,-2.375907300600000191e+06,2.979005999999999972e+02,5.552503000000000384e+02,6.078323000000000320e+02,8.036708992200000212e+06,-1.314175999999999931e+02,-7.737829999999999586e+01
4.020000000000000000e+03,1.799596489999999903e+04,4.216022250000000349e+04,5.591889379999999801e+04,9.034547000000000025e+02,-3.267212821599999908e+06,2.323008244999999879e+05,3.486428600000000006e+04,0.000000000000000000e+00,5.071816361000000034e+05,-2.375887538999999873e+06,2.982792999999999779e+02,-2.883069175100000110e+06,-2.375848936799999792e+06,2.979476000000000226e+02,-9.504022999999999683e+02,-8.994664999999999964e+02,8.036824058000000194e+06,-1.584071000000000140e+02,-1.045801000000000016e+02
4.030000000000000000e+03,1.786762640000000101e+04,4.204193209999999817e+04,5.586156240000000253e+04,9.255126999999999953e+02,-3.267198321899999864e+06,2.326643802999999898e+05,3.484204140000000189e+04,0.000000000000000000e+00,5.067366123999999836e+05,-2.376258654399999883e+06,2.980176000000000158e+02,-2.882995266799999867e+06,-2.375806348000000231e+06,2.979823000000000093e+02,4.115027999999999793e+02,4.658532999999999902e+02,8.036839048200000077e+06,-1.531776000000000124e+02,-9.933700000000000330e+01
4.040000000000000000e+03,1.801041349999999875e+04,4.196378749999999854e+04,5.586954099999999744e+04,9.132051999999999907e+02,-3.266738454700000118e+06,2.326304550999999919e+05,3.493424349999999686e+04,0.000000000000000000e+00,5.057793644000000204e+05,-2.376637444600000046e+06,2.974547000000000025e+02,-2.882416808999999892e+06,-2.375797715499999933e+06,2.979861999999999966e+02,-1.010885400000000004e+03,-9.580961999999999534e+02,8.036868416199999861e+06,-1.582986999999999966e+02,-1.046178000000000026e+02
4.050000000000000000e+03,1.816424550000000090e+04,4.188119150000000081e+04,5.595697239999999874e+04,9.444207999999999856e+02,-3.266901578000000212e+06,2.324818346000000020e+05,3.471805589999999938e+04,0.000000000000000000e+00,5.059527780999999959e+05,-2.376802079100000206e+06,2.975566000000000031e+02,-2.882754857299999800e+06,-2.375813548899999820e+06,2.979737000000000080e+02,7.435294000000000096e+02,7.958518000000000256e+02,8.036772272599999793e+06,-1.778246000000000038e+02,-1.243371000000000066e+02
4.060000000000000000e+03,1.813655059999999867e+04,4.174591530000000057e+04,5.584050690000000031e+04,8.886358999999999924e+02,-3.266170407600000035e+06,2.322009002000000037e+05,3.477399769999999990e+04,0.000000000000000000e+00,5.059046806000000215e+05,-2.376679220300000161e+06,2.975283999999999764e+02,-2.882583900899999775e+06,-2.375853962600000203e+06,2.979499000000000137e+02,-3.188808000000000220e+02,-2.655049999999999955e+02,8.036794492300000042e+06,-1.250572999999999979e+02,-7.173019999999999641e+01
4.070000000000000000e+03,1.789480770000000120e+04,4.217417029999999795e+04,5.591174279999999999e+04,9.126232999999999720e+02,-3.267170536799999885e+06,2.327172707999999984e+05,3.476430470000000059e+04,0.000000000000000000e+00,5.061113012999999919e+05,-2.376684316000000108e+06,2.976499000000000024e+02,-2.882795617300000042e+06,-2.375894132499999832e+06,2.979406000000000176e+02,-1.307882999999999925e+02,-7.588630000000000564e+01,8.036799097099999897e+06,-1.899655999999999949e+02,-1.364025000000000034e+02
4.080000000000000000e+03,1.802529499999999825e+04,4.205935010000000329e+04,5.582745190000000002e+04,8.972527999999999793e+02,-3.267894503899999894e+06,2.334338533999999927e+05,3.492726120000000083e+04,0.000000000000000000e+00,5.064147330000000075e+05,-2.376309306299999822e+06,2.978283000000000129e+02,-2.882724039400000125e+06,-2.375922419600000139e+06,2.979442000000000235e+02,3.954814000000000078e+02,4.479476999999999975e+02,8.036809893500000238e+06,-1.069779999999999944e+02,-5.336249999999999716e+01
4.090000000000000000e+03,1.789926190000000133e+04,4.212440159999999742e+04,5.577670010000000184e+04,9.254563000000000557e+02,-3.268766647599999793e+06,2.337078981999999960e+05,3.490195479999999952e+04,0.000000000000000000e+00,5.070181354000000283e+05,-2.376412839300000109e+06,2.981831999999999994e+02,-2.883430974599999841e+06,-2.375946492899999954e+06,2.979608999999999810e+02,-7.303006000000000313e+02,-6.758966000000000349e+02,8.036882498300000094e+06,-1.626597999999999900e+02,-1.091902000000000044e+02
4.100000000000000000e+03,1.784233459999999832e+04,4.213023389999999927e+04,5.581227689999999711e+04,9.341858999999999469e+02,-3.267952065299999900e+06,2.329151527000000060e+05,3.490439650000000256e+04,0.000000000000000000e+00,5.068690730999999796e+05,-2.376544411600000225e+06,2.980955000000000155e+02,-2.883413484800000209e+06,-2.375986471100000199e+06,2.979873999999999796e+02,6.881168999999999869e+02,7.420996000000000095e+02,8.036897391900000162e+06,-1.152472999999999956e+02,-6.183679999999999666e+01
4.110000000000000000e+03,1.779456590000000142e+04,4.169953570000000036e+04,5.587797529999999824e+04,8.987314999999999827e+02,-3.267166119200000074e+06,2.331409425000000047e+05,3.479698520000000281e+04,0.000000000000000000e+00,5.063287824999999721e+05,-2.376628600500000175e+06,2.977778000000000134e+02,-2.882957382999999914e+06,-2.376032876999999862e+06,2.979730999999999881e+02,-4.920033999999999992e+02,-4.394807999999999879e+02,8.037004280299999751e+06,-1.134226000000000028e+02,-6.011390000000000100e+01
4.120000000000000000e+03,1.798282019999999829e+04,4.172623960000000079e+04,5.582887819999999920e+04,8.877635999999999967e+02,-3.267778857900000177e+06,2.329540234000000055e+05,3.492002780000000348e+04,0.000000000000000000e+00,5.066574317000000156e+05,-2.376821673500000034e+06,2.979710999999999785e+02,-2.883479105200000107e+06,-2.376089474799999967e+06,2.979812000000000012e+02,1.260142000000000024e+02,1.787854000000000099e+02,8.037045175800000317e+06,-1.366359999999999957e+02,-8.350990000000000180e+01
4.130000000000000000e+03,1.774068639999999868e+04,4.214663680000000022e+04,5.588558619999999792e+04,9.210884999999999536e+02,-3.266873860400000121e+06,2.324438170000000100e+05,3.503719700000000012e+04,0.000000000000000000e+00,5.059603301000000210e+05,-2.376738518399999943e+06,2.975611000000000104e+02,-2.882698848400000017e+06,-2.376136214300000109e+06,2.979830000000000041e+02,5.499450000000000216e+01,1.108067000000000064e+02,8.037127646300000139e+06,-7.818540000000000134e+01,-2.481080000000000041e+01
4.140000000000000000e+03,1.779575379999999859e+04,4.197496020000000135e+04,5.580166330000000016e+04,8.887369999999999663e+02,-3.266365638900000136e+06,2.321881069999999891e+05,3.470993420000000333e+04,0.000000000000000000e+00,5.057995097999999998e+05,-2.377206973499999847e+06,2.974664999999999964e+02,-2.883006483399999794e+06,-2.376207022100000177e+06,2.979481000000000108e+02,-7.471612000000000080e+02,-6.913690000000000282e+02,8.037218965400000103e+06,-1.616333999999999946e+02,-1.082125000000000057e+02
4.150000000000000000e+03,1.775701680000000124e+04,4.181407360000000335e+04,5.575347209999999905e+04,9.198265999999999849e+02,-3.267246131699999794e+06,2.325621962000000058e+05,3.484325420000000304e+04,0.000000000000000000e+00,5.061032742999999900e+05,-2.377493017700000200e+06,2.976451999999999884e+02,-2.883596291999999899e+06,-2.376305295100000221e+06,2.979057999999999993e+02,9.832214999999999918e+02,1.038296800000000076e+03,8.037230682099999860e+06,-6.763030000000000541e+01,-1.419669999999999987e+01
4.160000000000000000e+03,1.773160469999999987e+04,4.204968959999999788e+04,5.587791870000000199e+04,9.415578000000000429e+02,-3.266682222899999935e+06,2.324889580000000133e+05,3.503442349999999715e+04,0.000000000000000000e+00,5.058623677000000025e+05,-2.376695702899999917e+06,2.975034999999999741e+02,-2.882558070600000210e+06,-2.376364884000000078e+06,2.978704000000000178e+02,-9.323628999999999678e+02,-8.777161999999999580e+02,8.037409866299999878e+06,-1.326257999999999981e+02,-7.921609999999999729e+01
4.170000000000000000e+03,1.769674239999999918e+04,4.200777019999999902e+04,5.584652640000000247e+04,9.230058999999999969e+02,-3.267683276000000071e+06,2.328720922999999893e+05,3.484524100000000180e+04,0.000000000000000000e+00,5.067526349000000046e+05,-2.376739262800000142e+06,2.980269999999999868e+02,-2.883491897700000089e+06,-2.376429629999999888e+06,2.978679000000000201e+02,2.532959999999999923e+02,3.115817999999999870e+02,8.037469123800000176e+06,-1.249675000000000011e+02,-7.132930000000000348e+01
4.180000000000000000e+03,1.754024469999999928e+04,4.177403949999999895e+04,5.578377900000000227e+04,9.060335000000000036e+02,-3.268212202699999791e+06,2.338570879999999888e+05,3.494933299999999872e+04,0.000000000000000000e+00,5.068568943999999901e+05,-2.376544790699999779e+06,2.980883999999999787e+02,-2.883401685099999886e+06,-2.376471570700000040e+06,2.978543999999999983e+02,-2.304672999999999945e+02,-1.756468999999999880e+02,8.037553709900000133e+06,-9.682019999999999982e+01,-4.303130000000000166e+01
4.190000000000000000e+03,1.776806230000000141e+04,4.161398840000000200e+04,5.586814179999999760e+04,9.042054000000000542e+02,-3.267448882100000046e+06,2.331310429000000004e+05,3.499473099999999977e+04,0.000000000000000000e+00,5.061680058999999892e+05,-2.377000704299999867e+06,2.976831999999999994e+02,-2.883168710200000089e+06,-2.376550205800000113e+06,2.978509000000000242e+02,9.690439999999999543e+01,1.508702999999999861e+02,8.037588159400000237e+06,-1.117672000000000025e+02,-5.783409999999999940e+01
4.200000000000000000e+03,1.767828600000000006e+04,4.173514289999999892e+04,5.594560740000000078e+04,9.142994999999999663e+02,-3.267003029500000179e+06,2.322604884000000020e+05,3.489160779999999795e+04,0.000000000000000000e+00,5.061752142999999924e+05,-2.377402383200000040e+06,2.976875000000000000e+02,-2.883577597500000149e+06,-2.376661368600000162e+06,2.978181000000000154e+02,2.568768000000000029e+02,3.127253000000000043e+02,8.037656477699999698e+06,-4.890319999999999823e+01,5.179400000000000226e+00
4.210000000000000000e+03,1.762156130000000121e+04,4.181615699999999924e+04,5.579771459999999934e+04,9.483386000000000422e+02,-3.267573512899999972e+06,2.326250997999999963e+05,3.461479089999999997e+04,0.000000000000000000e+00,5.066433057999999728e+05,-2.377506545100000221e+06,2.979628000000000156e+02,-2.884149850899999961e+06,-2.376749699200000148e+06,2.977984000000000151e+02,-5.493234999999999673e+02,-4.985145999999999731e+02,8.037757381500000134e+06,-1.041319000000000017e+02,-5.013799999999999812e+01
4.220000000000000000e+03,1.782726810000000114e+04,4.198523640000000159e+04,5.583511729999999807e+04,9.244571999999999434e+02,-3.267016185000000056e+06,2.329265816000000050e+05,3.473764289999999892e+04,0.000000000000000000e+00,5.053713126000000047e+05,-2.377408569000000134e+06,2.972146999999999935e+02,-2.882779881599999964e+06,-2.376825750700000208e+06,2.977450999999999794e+02,1.990115999999999872e+02,2.524960000000000093e+02,8.037801473699999973e+06,-4.666120000000000090e+01,7.460200000000000387e+00
4.230000000000000000e+03,1.790789089999999851e+04,4.175980900000000111e+04,5.578304699999999866e+04,9.079781000000000404e+02,-3.266904592600000091e+06,2.326256516000000120e+05,3.497949689999999828e+04,0.000000000000000000e+00,5.059346609000000171e+05,-2.377006058300000150e+06,2.975459999999999923e+02,-2.882940719200000167e+06,-2.376863120899999980e+06,2.977216000000000236e+02,-3.354191999999999894e+02,-2.804678999999999860e+02,8.037870135900000110e+06,-8.400730000000000075e+01,-2.985589999999999833e+01
4.240000000000000000e+03,1.789061969999999928e+04,4.217701729999999952e+04,5.580390989999999874e+04,9.124172999999999547e+02,-3.266616328799999785e+06,2.324224326000000001e+05,3.473678429999999935e+04,0.000000000000000000e+00,5.056808645000000251e+05,-2.376992283299999777e+06,2.973967000000000098e+02,-2.882673147799999919e+06,-2.376880862799999770e+06,2.977187000000000126e+02,-3.363030999999999722e+02,-2.874397999999999911e+02,8.037876933699999936e+06,-5.027819999999999823e+01,3.676899999999999835e+00
4.250000000000000000e+03,1.798667819999999847e+04,4.205407949999999983e+04,5.584764029999999912e+04,9.128405000000000200e+02,-3.266573542499999981e+06,2.316719723999999987e+05,3.439613999999999942e+04,0.000000000000000000e+00,5.062522686000000103e+05,-2.377451922900000121e+06,2.977327999999999975e+02,-2.883704191500000190e+06,-2.376913354999999981e+06,2.977275000000000205e+02,1.315629000000000133e+02,1.838101000000000056e+02,8.037823601900000125e+06,-8.087649999999999295e+01,-2.692520000000000024e+01
4.260000000000000000e+03,1.795182570000000123e+04,4.163590890000000218e+04,5.579352799999999843e+04,8.864886000000000195e+02,-3.266154497700000182e+06,2.311147435999999871e+05,3.493878639999999723e+04,0.000000000000000000e+00,5.067411143000000156e+05,-2.377092102200000081e+06,2.980203000000000202e+02,-2.883833216500000097e+06,-2.376933999100000132e+06,2.977520999999999844e+02,-8.966289999999999338e+01,-3.423299999999999699e+01,8.037781263399999589e+06,-6.941559999999999775e+01,-1.536159999999999926e+01
4.270000000000000000e+03,1.785559639999999854e+04,4.187762819999999920e+04,5.592918830000000162e+04,8.940555000000000518e+02,-3.266612170100000221e+06,2.314218883999999962e+05,3.499844370000000345e+04,0.000000000000000000e+00,5.060310582000000286e+05,-2.377604311400000006e+06,2.976027000000000271e+02,-2.883635369599999860e+06,-2.376979998800000176e+06,2.977497000000000185e+02,6.156600000000000072e+00,5.941550000000000153e+01,8.037737239500000142e+06,-6.256839999999999691e+01,-8.596500000000000696e+00
4.280000000000000000e+03,1.788495809999999983e+04,4.189887150000000111e+04,5.586925609999999870e+04,9.054906999999999471e+02,-3.267762424000000115e+06,2.326605229999999865e+05,3.496319750000000204e+04,0.000000000000000000e+00,5.060426689999999944e+05,-2.377537458099999931e+06,2.976095000000000255e+02,-2.883580127100000158e+06,-2.377041406400000211e+06,2.977388000000000261e+02,1.015659999999999918e+01,6.276120000000000232e+01,8.037697535600000061e+06,-8.183459999999999468e+01,-2.785579999999999856e+01
4.290000000000000000e+03,1.784206379999999990e+04,4.191200720000000001e+04,5.587517089999999735e+04,9.161028999999999769e+02,-3.267843397200000007e+06,2.330513748999999953e+05,3.492845599999999831e+04,0.000000000000000000e+00,5.062108533000000170e+05,-2.377107368300000206e+06,2.977083999999999833e+02,-2.883318221599999815e+06,-2.377076132900000084e+06,2.977149999999999750e+02,-6.538049999999999784e+01,-1.063560000000000016e+01,8.037649857900000177e+06,-4.858859999999999957e+01,5.407199999999999562e+00
4.300000000000000000e+03,1.800253989999999976e+04,4.192897950000000128e+04,5.578619299999999930e+04,8.870253999999999905e+02,-3.268035383700000122e+06,2.330682570999999880e+05,3.485631539999999950e+04,0.000000000000000000e+00,5.063839903000000049e+05,-2.377122083099999931e+06,2.978102000000000089e+02,-2.883506073400000110e+06,-2.377105016400000080e+06,2.977008000000000152e+02,2.871840000000000259e+02,3.408038999999999987e+02,8.037604022400000133e+06,-6.863519999999999754e+01,-1.465750000000000064e+01
4.310000000000000000e+03,1.795658729999999923e+04,4.183262090000000171e+04,5.582878689999999915e+04,9.186787000000000489e+02,-3.267900950199999847e+06,2.332363407000000007e+05,3.495816500000000087e+04,0.000000000000000000e+00,5.055453961000000127e+05,-2.377624374700000044e+06,2.973170999999999822e+02,-2.883169770800000057e+06,-2.377154805199999828e+06,2.976777000000000157e+02,-5.572201999999999771e+02,-5.013213999999999828e+02,8.037584996700000018e+06,-7.189610000000000412e+01,-1.774960000000000093e+01
4.320000000000000000e+03,1.784719700000000012e+04,4.186715580000000045e+04,5.578416790000000037e+04,9.141888000000000147e+02,-3.268118759800000116e+06,2.331506089999999967e+05,3.485397609999999986e+04,0.000000000000000000e+00,5.061911385000000009e+05,-2.377510326700000092e+06,2.976967999999999961e+02,-2.883701465100000147e+06,-2.377189237799999770e+06,2.976639999999999873e+02,6.879996999999999616e+02,7.383088000000000193e+02,8.037504000099999830e+06,-4.379679999999999751e+01,1.022659999999999947e+01
4.330000000000000000e+03,1.772388850000000093e+04,4.194506240000000253e+04,5.579829009999999835e+04,8.955751999999999953e+02,-3.267957969500000123e+06,2.331897590999999957e+05,3.473729170000000158e+04,0.000000000000000000e+00,5.062393849000000046e+05,-2.377428717600000091e+06,2.977251999999999725e+02,-2.883668102500000037e+06,-2.377223747800000012e+06,2.976721999999999753e+02,-5.668949999999999818e+02,-5.122042000000000144e+02,8.037526003999999724e+06,-7.489130000000000109e+01,-2.092399999999999949e+01
4.340000000000000000e+03,1.778834969999999885e+04,4.204581489999999758e+04,5.582423449999999866e+04,8.824392000000000280e+02,-3.268048819099999964e+06,2.334979030999999959e+05,3.484845079999999871e+04,0.000000000000000000e+00,5.061944126999999862e+05,-2.376967214199999813e+06,2.976988000000000056e+02,-2.883161626900000032e+06,-2.377211759800000116e+06,2.976838000000000193e+02,-7.666360000000000241e+01,-1.906429999999999936e+01,8.037480774100000039e+06,-4.136639999999999873e+01,1.269130000000000003e+01
4.350000000000000000e+03,1.793136630000000150e+04,4.191531489999999758e+04,5.589646480000000156e+04,9.068165999999999940e+02,-3.268435150100000203e+06,2.336763123999999953e+05,3.485896919999999955e+04,0.000000000000000000e+00,5.065034836999999825e+05,-2.376746422100000083e+06,2.978804999999999836e+02,-2.883249905799999833e+06,-2.377174430000000168e+06,2.976956000000000131e+02,7.483069999999999311e+01,1.291727999999999952e+02,8.037421599000000395e+06,-8.678589999999999804e+01,-3.276489999999999725e+01
4.360000000000000000e+03,1.775894250000000102e+04,4.187820919999999751e+04,5.586582069999999658e+04,9.124936999999999898e+02,-3.267690999900000170e+06,2.330259324999999953e+05,3.472963809999999648e+04,0.000000000000000000e+00,5.063872801999999792e+05,-2.377132683000000194e+06,2.978122000000000185e+02,-2.883519963200000115e+06,-2.377196279000000097e+06,2.977110000000000127e+02,1.282035999999999945e+02,1.831572999999999922e+02,8.037403860299999826e+06,-3.375759999999999650e+01,2.027880000000000038e+01
4.370000000000000000e+03,1.805346429999999964e+04,4.189766829999999754e+04,5.581710740000000078e+04,9.254428000000000338e+02,-3.267931547999999952e+06,2.333373684000000067e+05,3.468422290000000066e+04,0.000000000000000000e+00,5.065636621000000159e+05,-2.376652611699999776e+06,2.979159000000000219e+02,-2.883216273800000083e+06,-2.377191946500000078e+06,2.977054999999999723e+02,-3.407830999999999904e+02,-2.848337999999999965e+02,8.037437167000000365e+06,-6.346159999999999712e+01,-9.541999999999999815e+00
4.380000000000000000e+03,1.782658220000000074e+04,4.195107809999999881e+04,5.578490929999999935e+04,8.755318999999999505e+02,-3.268443526399999857e+06,2.335560090999999957e+05,3.492091230000000360e+04,0.000000000000000000e+00,5.065490671999999904e+05,-2.376979436300000176e+06,2.979073000000000206e+02,-2.883528503500000108e+06,-2.377213678799999878e+06,2.976963999999999828e+02,6.358140000000000214e+01,1.193196999999999974e+02,8.037434845800000243e+06,-4.875909999999999656e+01,5.206299999999999706e+00
4.390000000000000000e+03,1.789761490000000049e+04,4.198239910000000236e+04,5.589841449999999895e+04,8.782314000000000078e+02,-3.267420690899999812e+06,2.324787956000000122e+05,3.486414220000000205e+04,0.000000000000000000e+00,5.058229184000000241e+05,-2.377598174899999984e+06,2.974802999999999997e+02,-2.883421093299999833e+06,-2.377243552300000098e+06,2.976863000000000170e+02,-6.977849999999999397e+01,-1.646189999999999998e+01,8.037465787600000389e+06,-5.709329999999999927e+01,-3.160299999999999887e+00
4.400000000000000000e+03,1.816766319999999905e+04,4.175307510000000184e+04,5.589804729999999836e+04,9.113003999999999678e+02,-3.267100864899999928e+06,2.321264336999999941e+05,3.473318830000000162e+04,0.000000000000000000e+00,5.059245221000000020e+05,-2.377586634800000116e+06,2.975400000000000205e+02,-2.883511156899999827e+06,-2.377252764899999835e+06,2.976788999999999987e+02,-1.464252999999999929e+02,-9.436119999999999663e+01,8.037495794099999592e+06,-7.725839999999999463e+01,-2.351460000000000150e+01
4.410000000000000000e+03,1.804164380000000165e+04,4.190971199999999953e+04,5.585409889999999723e+04,8.934899000000000342e+02,-3.268063249900000170e+06,2.332426061000000045e+05,3.474223109999999724e+04,0.000000000000000000e+00,5.059374736999999732e+05,-2.377441994200000074e+06,2.975475999999999885e+02,-2.883379467999999877e+06,-2.377249537299999967e+06,2.976582000000000221e+02,2.375649999999999977e+02,2.925464000000000055e+02,8.037502779199999757e+06,-3.791400000000000148e+01,1.603839999999999932e+01
4.420000000000000000e+03,1.792789129999999932e+04,4.197017719999999827e+04,5.593815630000000237e+04,9.182427000000000135e+02,-3.268361513900000136e+06,2.332968179999999993e+05,3.487578179999999702e+04,0.000000000000000000e+00,5.058768895999999950e+05,-2.377557557099999860e+06,2.975120000000000005e+02,-2.883434446700000204e+06,-2.377256986699999776e+06,2.976730000000000018e+02,-4.791628999999999792e+02,-4.263607999999999834e+02,8.037543371000000276e+06,-7.182269999999999754e+01,-1.790439999999999898e+01
4.430000000000000000e+03,1.792936059999999998e+04,4.180157609999999841e+04,5.590832669999999780e+04,9.111182999999999765e+02,-3.267675397299999837e+06,2.325235186000000103e+05,3.473064979999999923e+04,0.000000000000000000e+00,5.066013862000000081e+05,-2.377269461199999787e+06,2.979381000000000199e+02,-2.883870847300000023e+06,-2.377270156899999827e+06,2.976926000000000272e+02,5.732531000000000176e+02,6.288695000000000164e+02,8.037520178999999538e+06,-2.638909999999999911e+01,2.756240000000000023e+01
4.440000000000000000e+03,1.772999329999999827e+04,4.199597209999999905e+04,5.575883540000000357e+04,9.362232999999999947e+02,-3.267283537099999841e+06,2.316504040000000095e+05,3.461802670000000217e+04,0.000000000000000000e+00,5.072625920000000042e+05,-2.377331490300000180e+06,2.983269999999999982e+02,-2.884594082299999893e+06,-2.377287117200000212e+06,2.977391000000000076e+02,-8.139387000000000398e+02,-7.602264000000000124e+02,8.037560104700000025e+06,-5.027080000000000126e+01,3.923099999999999810e+00
4.450000000000000000e+03,1.793292510000000038e+04,4.202425630000000092e+04,5.586666470000000118e+04,8.956643000000000256e+02,-3.267005884399999864e+06,2.323306349000000046e+05,3.474849970000000030e+04,0.000000000000000000e+00,5.059820663000000059e+05,-2.377225172999999952e+06,2.975738999999999805e+02,-2.883207239300000016e+06,-2.377275779699999839e+06,2.977312000000000012e+02,8.728291000000000395e+02,9.261885999999999513e+02,8.037529877399999648e+06,-1.320749999999999957e+01,4.104200000000000159e+01
4.460000000000000000e+03,1.785684470000000147e+04,4.177384859999999753e+04,5.596154849999999715e+04,8.823309000000000424e+02,-3.266974707500000019e+06,2.323671091000000015e+05,3.487828740000000107e+04,0.000000000000000000e+00,5.058432633999999962e+05,-2.377411475000000093e+06,2.974922000000000253e+02,-2.883254738400000148e+06,-2.377291748399999924e+06,2.977047999999999774e+02,-6.472513999999999896e+02,-5.935928000000000111e+02,8.037645880099999718e+06,-4.108700000000000330e+01,1.307399999999999984e+01
4.470000000000000000e+03,1.790465989999999874e+04,4.151814570000000094e+04,5.593462720000000263e+04,9.382236000000000331e+02,-3.266820351600000169e+06,2.328918245999999926e+05,3.476597600000000239e+04,0.000000000000000000e+00,5.058620846000000020e+05,-2.377004810099999886e+06,2.975033000000000243e+02,-2.882866894799999893e+06,-2.377261773300000001e+06,2.976997999999999820e+02,-1.347678999999999974e+02,-8.266240000000000521e+01,8.037702310999999754e+06,-4.813320000000000221e+01,5.970200000000000173e+00
4.480000000000000000e+03,1.780743189999999959e+04,4.175922699999999895e+04,5.580243029999999999e+04,9.109456000000000131e+02,-3.266269413999999873e+06,2.318820719999999856e+05,3.471767710000000079e+04,0.000000000000000000e+00,5.057470510999999824e+05,-2.377642578999999911e+06,2.974356999999999971e+02,-2.883389629999999888e+06,-2.377267029399999883e+06,2.976911000000000058e+02,-1.384095000000000084e+02,-8.696259999999999479e+01,8.037728420900000259e+06,-5.556150000000000233e+01,-1.516000000000000014e+00
4.490000000000000000e+03,1.783348310000000129e+04,4.181270700000000215e+04,5.579665559999999823e+04,8.746869000000000369e+02,-3.265759589300000109e+06,2.316587489000000060e+05,3.482278119999999763e+04,0.000000000000000000e+00,5.056670633999999845e+05,-2.377293463299999945e+06,2.973885999999999967e+02,-2.882960526699999813e+06,-2.377276334100000095e+06,2.976750999999999863e+02,-5.471925999999999704e+02,-4.931601999999999748e+02,8.037750303299999796e+06,-7.965210000000000434e+01,-2.564229999999999876e+01
4.500000000000000000e+03,1.780764140000000043e+04,4.214255460000000312e+04,5.578571899999999732e+04,9.066307000000000471e+02,-3.265523258599999826e+06,2.312539580999999889e+05,3.473887339999999676e+04,0.000000000000000000e+00,5.059090983000000124e+05,-2.376978783100000117e+06,2.975310000000000059e+02,-2.882887881399999838e+06,-2.377269169100000057e+06,2.976612000000000080e+02,5.412879000000000360e+02,5.953248999999999569e+02,8.037715976900000125e+06,-6.694689999999999941e+01,-1.291619999999999990e+01
4.510000000000000000e+03,1.790324439999999959e+04,4.192486699999999837e+04,5.584062249999999767e+04,9.228510999999999740e+02,-3.267257612999999896e+06,2.319571113999999943e+05,3.496121680000000197e+04,0.000000000000000000e+00,5.068971724999999860e+05,-2.376850527300000191e+06,2.981120999999999981e+02,-2.883747699800000060e+06,-2.377230476699999999e+06,2.977008999999999901e+02,-6.147578999999999496e+02,-5.627301999999999680e+02,8.037767185800000094e+06,-6.982380000000000564e+01,-1.598670000000000080e+01
4.520000000000000000e+03,1.789454780000000028e+04,4.184631739999999991e+04,5.579605320000000211e+04,8.894727000000000317e+02,-3.266841209799999837e+06,2.313546658999999927e+05,3.485881979999999749e+04,0.000000000000000000e+00,5.075157501000000047e+05,-2.376685582799999975e+06,2.984757999999999925e+02,-2.884201332899999805e+06,-2.377189239500000142e+06,2.977398999999999774e+02,-2.247541999999999973e+02,-1.694155000000000086e+02,8.037718327700000256e+06,-1.154615000000000009e+02,-6.137290000000000134e+01
4.530000000000000000e+03,1.785943140000000130e+04,4.174171830000000045e+04,5.588454690000000119e+04,9.191630999999999858e+02,-3.266049507499999832e+06,2.322276951000000117e+05,3.488148049999999785e+04,0.000000000000000000e+00,5.053853195999999880e+05,-2.377150152499999851e+06,2.972228999999999814e+02,-2.882535472099999897e+06,-2.377175311300000176e+06,2.977148000000000252e+02,-8.104259999999999309e+01,-2.806899999999999906e+01,8.037645942400000058e+06,-9.116889999999999361e+01,-3.716610000000000014e+01
4.540000000000000000e+03,1.781471930000000066e+04,4.208171379999999772e+04,5.587633540000000357e+04,9.065875999999999522e+02,-3.265182062100000214e+06,2.307907832000000053e+05,3.495798389999999927e+04,0.000000000000000000e+00,5.055761308999999892e+05,-2.377177808000000194e+06,2.973351000000000113e+02,-2.882753938899999950e+06,-2.377185841000000015e+06,2.976965999999999894e+02,-4.030688000000000102e+02,-3.516791000000000054e+02,8.037550553600000218e+06,-1.074890999999999934e+02,-5.379679999999999751e+01
4.550000000000000000e+03,1.782254089999999997e+04,4.196158140000000276e+04,5.594031169999999838e+04,9.044741000000000213e+02,-3.265845118799999822e+06,2.316256613000000070e+05,3.480896300000000338e+04,0.000000000000000000e+00,5.052738975000000210e+05,-2.377507688899999950e+06,2.971573999999999955e+02,-2.882781586500000209e+06,-2.377223904300000053e+06,2.976603999999999814e+02,6.291755000000000564e+02,6.837992000000000417e+02,8.037449970999999903e+06,-7.977190000000000225e+01,-2.606550000000000011e+01
4.560000000000000000e+03,1.768144550000000163e+04,4.206182220000000234e+04,5.591520420000000013e+04,9.435928000000000111e+02,-3.266200349500000011e+06,2.318329561999999860e+05,3.475534900000000198e+04,0.000000000000000000e+00,5.059122063000000198e+05,-2.377097773300000001e+06,2.975328000000000088e+02,-2.883009979600000195e+06,-2.377222158799999859e+06,2.976464000000000283e+02,-7.705309999999999491e+02,-7.164610000000000127e+02,8.037439609299999662e+06,-1.247086000000000041e+02,-7.104640000000000555e+01
4.570000000000000000e+03,1.784393980000000010e+04,4.197613270000000193e+04,5.589891709999999875e+04,9.363438999999999623e+02,-3.266012271499999799e+06,2.313462597999999998e+05,3.485353540000000066e+04,0.000000000000000000e+00,5.059035745999999926e+05,-2.377253568099999800e+06,2.975276999999999816e+02,-2.883157142700000200e+06,-2.377252206699999981e+06,2.976270000000000095e+02,7.493101000000000340e+02,8.013981999999999744e+02,8.037331451700000092e+06,-7.020399999999999352e+01,-1.673479999999999990e+01
4.580000000000000000e+03,1.791081429999999818e+04,4.189908709999999701e+04,5.589835800000000017e+04,9.318544000000000551e+02,-3.265824813099999912e+06,2.311055290000000095e+05,3.495011720000000059e+04,0.000000000000000000e+00,5.056448122999999905e+05,-2.377484240799999796e+06,2.973754999999999882e+02,-2.883129053100000136e+06,-2.377277446899999864e+06,2.976003999999999792e+02,-6.265728000000000293e+02,-5.725788000000000011e+02,8.037331722400000319e+06,-1.047116999999999933e+02,-5.132979999999999876e+01
4.590000000000000000e+03,1.775704760000000169e+04,4.203372409999999945e+04,5.584224309999999969e+04,9.083070999999999913e+02,-3.265410322300000116e+06,2.313574158999999927e+05,3.494342149999999674e+04,0.000000000000000000e+00,5.049730853999999817e+05,-2.377595077500000130e+06,2.969805000000000064e+02,-2.882568163000000175e+06,-2.377277291999999899e+06,2.975754999999999768e+02,6.700288000000000466e+02,7.241749999999999545e+02,8.037272500000000000e+06,-6.772129999999999939e+01,-1.429790000000000028e+01
4.600000000000000000e+03,1.758289400000000023e+04,4.216381599999999889e+04,5.576657229999999981e+04,8.992508000000000266e+02,-3.266475092699999921e+06,2.317689421999999904e+05,3.483105720000000292e+04,0.000000000000000000e+00,5.059288322000000044e+05,-2.377533728000000119e+06,2.975425999999999931e+02,-2.883462560200000182e+06,-2.377274646699999925e+06,2.975756000000000085e+02,-1.105777100000000019e+03,-1.051632599999999911e+03,8.037304846599999815e+06,-1.156889000000000038e+02,-6.216149999999999665e+01
4.610000000000000000e+03,1.775290859999999884e+04,4.192734739999999874e+04,5.571360869999999704e+04,8.923400000000000318e+02,-3.265866363499999978e+06,2.313528462000000000e+05,3.455868460000000050e+04,0.000000000000000000e+00,5.062549257000000216e+05,-2.377413702399999835e+06,2.977343000000000188e+02,-2.883668628099999856e+06,-2.377273232100000139e+06,2.975849000000000046e+02,9.988060000000000116e+01,1.576255999999999915e+02,8.037188227900000289e+06,-1.225730999999999966e+02,-6.890749999999999886e+01
4.620000000000000000e+03,1.804011109999999826e+04,4.199550439999999799e+04,5.584443540000000212e+04,8.736689000000000078e+02,-3.265807556400000118e+06,2.310281108999999997e+05,3.500862320000000182e+04,0.000000000000000000e+00,5.057994169000000111e+05,-2.377217685599999968e+06,2.974664000000000215e+02,-2.883017102500000037e+06,-2.377256238499999978e+06,2.975826000000000136e+02,8.423369999999999891e+01,1.408536000000000001e+02,8.037067827600000426e+06,-9.440330000000000155e+01,-4.054679999999999751e+01
4.630000000000000000e+03,1.775952590000000055e+04,4.191811720000000059e+04,5.584106919999999809e+04,9.319438000000000102e+02,-3.265913536700000055e+06,2.311411596000000136e+05,3.506757779999999912e+04,0.000000000000000000e+00,5.061228004000000074e+05,-2.377131342699999921e+06,2.976566000000000258e+02,-2.883254143099999987e+06,-2.377249332599999849e+06,2.975686000000000035e+02,-6.670959000000000287e+02,-6.124728999999999814e+02,8.036931877299999818e+06,-1.564207000000000107e+02,-1.026139000000000010e+02
4.640000000000000000e+03,1.792930489999999918e+04,4.205413640000000305e+04,5.586059279999999853e+04,8.936567999999999756e+02,-3.266244846499999985e+06,2.310468814999999886e+05,3.502450050000000192e+04,0.000000000000000000e+00,5.065892896000000183e+05,-2.376846484000000171e+06,2.979309999999999832e+02,-2.883435773599999957e+06,-2.377225082299999893e+06,2.975488000000000284e+02,5.707093999999999596e+02,6.279429000000000087e+02,8.036706230700000189e+06,-8.718829999999999814e+01,-3.320550000000000068e+01
4.650000000000000000e+03,1.796974919999999838e+04,4.213979529999999795e+04,5.582220949999999721e+04,9.178111999999999853e+02,-3.267084847500000149e+06,2.312227839000000095e+05,3.484090030000000115e+04,0.000000000000000000e+00,5.070151298999999999e+05,-2.377156468100000173e+06,2.981813999999999965e+02,-2.884171598000000231e+06,-2.377221646999999881e+06,2.975790999999999826e+02,-5.112636999999999716e+02,-4.537594000000000278e+02,8.036537547699999996e+06,-1.563930000000000007e+02,-1.022028999999999996e+02
4.660000000000000000e+03,1.770876399999999921e+04,4.200312010000000009e+04,5.585242519999999786e+04,9.171233999999999469e+02,-3.266549293000000063e+06,2.312817108000000007e+05,3.484658980000000156e+04,0.000000000000000000e+00,5.061017417000000132e+05,-2.377837817999999970e+06,2.976442999999999870e+02,-2.883939559799999930e+06,-2.377242964199999813e+06,2.975867000000000075e+02,4.901544000000000096e+02,5.449882999999999811e+02,8.036312740100000054e+06,-9.952270000000000039e+01,-4.527380000000000138e+01
4.670000000000000000e+03,1.770120490000000063e+04,4.206911879999999655e+04,5.586837389999999868e+04,9.309552999999999656e+02,-3.267339658600000199e+06,2.323024576999999990e+05,3.508021439999999711e+04,0.000000000000000000e+00,5.055778329999999842e+05,-2.377809500599999912e+06,2.973360999999999876e+02,-2.883387333600000013e+06,-2.377283198700000066e+06,2.975783999999999878e+02,-1.434302999999999884e+02,-9.014039999999999964e+01,8.036170994699999690e+06,-9.995579999999999643e+01,-4.564770000000000039e+01
4.680000000000000000e+03,1.788490850000000137e+04,4.213776419999999780e+04,5.581600469999999768e+04,9.068315000000000055e+02,-3.267686469299999997e+06,2.324437510999999940e+05,3.510991530000000057e+04,0.000000000000000000e+00,5.058313707000000286e+05,-2.377555923500000034e+06,2.974852000000000203e+02,-2.883387294100000057e+06,-2.377278865900000092e+06,2.975808999999999855e+02,4.150396999999999821e+02,4.709008999999999787e+02,8.036012663399999961e+06,-7.228329999999999700e+01,-1.775450000000000017e+01
4.690000000000000000e+03,1.785707860000000073e+04,4.186063139999999839e+04,5.588598930000000109e+04,8.958237000000000307e+02,-3.266938563500000164e+06,2.321585756999999867e+05,3.471212060000000201e+04,0.000000000000000000e+00,5.050323271999999997e+05,-2.378536017200000118e+06,2.970153000000000247e+02,-2.883568344399999827e+06,-2.377340993600000162e+06,2.975622000000000185e+02,1.054500000000000028e+02,1.611427999999999940e+02,8.035964194899999537e+06,-3.965120000000000289e+01,1.496059999999999945e+01
4.700000000000000000e+03,1.787419830000000002e+04,4.190449429999999847e+04,5.591812180000000080e+04,9.004207000000000107e+02,-3.266986376499999780e+06,2.319001755000000121e+05,3.489554710000000341e+04,0.000000000000000000e+00,5.055336143000000156e+05,-2.378059804399999790e+06,2.973100999999999772e+02,-2.883593418699999806e+06,-2.377395044699999969e+06,2.975511999999999944e+02,-5.923695999999999913e+02,-5.380022000000000162e+02,8.035943628200000152e+06,-9.633410000000000650e+01,-4.170570000000000022e+01
4.710000000000000000e+03,1.804437229999999909e+04,4.187829499999999825e+04,5.588304980000000069e+04,9.303428000000000111e+02,-3.266579703399999999e+06,2.312316412000000128e+05,3.494372080000000278e+04,0.000000000000000000e+00,5.055562548999999999e+05,-2.378112026699999813e+06,2.973233999999999924e+02,-2.883668281599999871e+06,-2.377458119700000156e+06,2.975117000000000189e+02,6.383663999999999987e+02,6.914142000000000507e+02,8.035859576700000092e+06,-3.367790000000000106e+01,2.100150000000000006e+01
4.720000000000000000e+03,1.808282790000000023e+04,4.186994849999999860e+04,5.587239669999999751e+04,8.822344000000000506e+02,-3.266750932200000156e+06,2.314497803000000131e+05,3.490696319999999832e+04,0.000000000000000000e+00,5.052876767000000109e+05,-2.378399104499999899e+06,2.971655000000000086e+02,-2.883686781200000085e+06,-2.377543795700000133e+06,2.974461999999999762e+02,-9.618459000000000287e+02,-9.068650000000000091e+02,8.035866039200000465e+06,-7.053249999999999886e+01,-1.587100000000000044e+01
4.730000000000000000e+03,1.773500879999999961e+04,4.192173610000000190e+04,5.590309730000000127e+04,9.475614000000000487e+02,-3.268204256399999838e+06,2.327223929000000062e+05,3.465357370000000083e+04,0.000000000000000000e+00,5.060142774000000209e+05,-2.378306608800000045e+06,2.975928000000000111e+02,-2.884320886200000066e+06,-2.377601618600000162e+06,2.974646999999999935e+02,7.443374999999999773e+02,7.989661999999999580e+02,8.035776655799999833e+06,-2.926340000000000074e+01,2.548079999999999856e+01
4.740000000000000000e+03,1.780739250000000175e+04,4.176538059999999678e+04,5.596420279999999912e+04,9.069614000000000260e+02,-3.268566680000000168e+06,2.332454652000000060e+05,3.479639050000000134e+04,0.000000000000000000e+00,5.061158820999999880e+05,-2.377965004800000228e+06,2.976526000000000067e+02,-2.884080886899999809e+06,-2.377640978399999905e+06,2.974805999999999813e+02,-8.188526000000000522e+02,-7.644242000000000417e+02,8.035801687199999578e+06,-5.005259999999999820e+01,4.843499999999999694e+00
4.750000000000000000e+03,1.801235060000000158e+04,4.201180010000000038e+04,5.581106859999999870e+04,9.317450999999999794e+02,-3.267676734199999832e+06,2.335291738999999943e+05,3.487790419999999722e+04,0.000000000000000000e+00,5.045552628000000259e+05,-2.377947428900000174e+06,2.967346999999999753e+02,-2.882502691699999850e+06,-2.377662965400000103e+06,2.974594999999999914e+02,-4.540379999999999683e+01,8.483700000000000685e+00,8.035697383799999952e+06,-8.378159999999999741e+01,-2.892220000000000013e+01
4.760000000000000000e+03,1.791832690000000002e+04,4.184345070000000123e+04,5.581682020000000193e+04,9.558126999999999498e+02,-3.267161975200000219e+06,2.323317075999999943e+05,3.481589970000000176e+04,0.000000000000000000e+00,5.057115128000000259e+05,-2.377768444600000046e+06,2.974148000000000138e+02,-2.883479957400000188e+06,-2.377696498999999836e+06,2.974535000000000196e+02,3.948041000000000054e+02,4.467391000000000076e+02,8.035592425200000405e+06,-2.551490000000000080e+01,2.923780000000000001e+01
4.770000000000000000e+03,1.798104620000000068e+04,4.192401269999999931e+04,5.583651440000000002e+04,9.544115000000000464e+02,-3.266973704400000162e+06,2.325254603000000061e+05,3.460683920000000217e+04,0.000000000000000000e+00,5.059796717000000062e+05,-2.377165748500000220e+06,2.975724999999999909e+02,-2.883145420200000051e+06,-2.377692108000000007e+06,2.974558000000000106e+02,-4.305701999999999998e+02,-3.795602999999999838e+02,8.035524948400000110e+06,-8.450889999999999702e+01,-2.981019999999999825e+01
4.780000000000000000e+03,1.789130830000000060e+04,4.201275050000000192e+04,5.591840269999999873e+04,8.945258999999999787e+02,-3.267417750500000082e+06,2.327621836999999941e+05,3.476990430000000197e+04,0.000000000000000000e+00,5.057032186000000220e+05,-2.377465456300000194e+06,2.974098999999999933e+02,-2.883168674899999984e+06,-2.377691168699999806e+06,2.974574999999999818e+02,3.492556000000000154e+02,4.031847999999999956e+02,8.035368617600000463e+06,-3.571739999999999782e+01,1.897800000000000153e+01
4.790000000000000000e+03,1.804507670000000144e+04,4.189414820000000327e+04,5.575498859999999695e+04,9.004156000000000404e+02,-3.267717016299999785e+06,2.324930861999999906e+05,3.498003540000000066e+04,0.000000000000000000e+00,5.065106829000000143e+05,-2.377138582700000145e+06,2.978847999999999843e+02,-2.883649265600000042e+06,-2.377668344000000041e+06,2.975027000000000044e+02,-5.799901999999999589e+02,-5.270217000000000098e+02,8.035219987599999644e+06,-9.821840000000000259e+01,-4.358180000000000121e+01
4.800000000000000000e+03,1.800734570000000167e+04,4.186263120000000345e+04,5.575953790000000299e+04,8.781046000000000049e+02,-3.266882461500000209e+06,2.325766896999999881e+05,3.511132170000000042e+04,0.000000000000000000e+00,5.058283752000000095e+05,-2.376858455599999987e+06,2.974834999999999923e+02,-2.882686830800000113e+06,-2.377634580399999861e+06,2.974997999999999934e+02,6.494062000000000126e+02,7.050057000000000471e+02,8.035023288399999961e+06,-1.045919999999999916e+01,4.425010000000000332e+01
4.810000000000000000e+03,1.805439510000000155e+04,4.189929030000000057e+04,5.580027840000000288e+04,8.952323000000000093e+02,-3.268583140199999791e+06,2.337558101000000024e+05,3.510615449999999691e+04,0.000000000000000000e+00,5.059463940999999759e+05,-2.377125585299999919e+06,2.975529000000000224e+02,-2.883071979400000069e+06,-2.377620174500000197e+06,2.974907000000000039e+02,-2.094939999999999998e+02,-1.556641999999999939e+02,8.034924170400000177e+06,-2.592800000000000082e+01,2.858559999999999945e+01
4.820000000000000000e+03,1.794111539999999877e+04,4.213624689999999828e+04,5.574606519999999728e+04,8.764088000000000420e+02,-3.268413925199999940e+06,2.332300487999999896e+05,3.490371839999999793e+04,0.000000000000000000e+00,5.060230042999999714e+05,-2.377557317400000058e+06,2.975978999999999814e+02,-2.883580321599999908e+06,-2.377637156099999789e+06,2.974972999999999956e+02,4.599549999999999983e+01,1.019453000000000031e+02,8.034757733900000341e+06,-2.783990000000000009e+01,2.664020000000000010e+01
4.830000000000000000e+03,1.801759000000000015e+04,4.203924070000000211e+04,5.576656990000000224e+04,9.231779999999999973e+02,-3.267161353999999817e+06,2.321468311000000103e+05,3.484326929999999993e+04,0.000000000000000000e+00,5.061996566999999923e+05,-2.377225018300000113e+06,2.977017999999999915e+02,-2.883424674999999814e+06,-2.377641839900000021e+06,2.974995000000000118e+02,1.703618999999999915e+02,2.242983999999999867e+02,8.034591894399999641e+06,1.403299999999999947e+01,6.847880000000000678e+01
4.840000000000000000e+03,1.778100760000000082e+04,4.191057770000000164e+04,5.585154490000000078e+04,9.190539999999999736e+02,-3.266393077699999791e+06,2.318714316000000108e+05,3.493143149999999878e+04,0.000000000000000000e+00,5.060054768000000040e+05,-2.377122553499999922e+06,2.975876000000000090e+02,-2.883128030300000217e+06,-2.377655643399999943e+06,2.974823999999999842e+02,-2.320634000000000015e+02,-1.815922999999999945e+02,8.034437701799999923e+06,-2.610559999999999903e+01,2.800199999999999889e+01
4.850000000000000000e+03,1.800257640000000174e+04,4.210287819999999920e+04,5.595502859999999782e+04,9.301919000000000324e+02,-3.267020998000000138e+06,2.322473249000000069e+05,3.487877470000000176e+04,0.000000000000000000e+00,5.062207113000000245e+05,-2.376683511899999809e+06,2.977142000000000053e+02,-2.882904223199999891e+06,-2.377631995600000024e+06,2.974590000000000032e+02,4.706016999999999939e+02,5.251746000000000549e+02,8.034248649000000209e+06,2.298760000000000048e+01,7.694870000000000232e+01
4.860000000000000000e+03,1.783160770000000048e+04,4.200938160000000062e+04,5.589093239999999787e+04,9.026444000000000187e+02,-3.265369950900000054e+06,2.307559563999999955e+05,3.505125690000000031e+04,0.000000000000000000e+00,5.059798965999999782e+05,-2.376948274999999907e+06,2.975726000000000226e+02,-2.882928171600000001e+06,-2.377587518399999943e+06,2.974553999999999974e+02,-3.147268000000000256e+02,-2.598446999999999889e+02,8.034121462299999781e+06,-1.725639999999999930e+01,3.670700000000000074e+01
4.870000000000000000e+03,1.797922009999999864e+04,4.191890589999999793e+04,5.589709419999999955e+04,8.969061000000000377e+02,-3.265695618799999822e+06,2.316494445000000123e+05,3.487065499999999884e+04,0.000000000000000000e+00,5.057469268000000156e+05,-2.376736466200000141e+06,2.974356000000000222e+02,-2.882483393000000156e+06,-2.377533866700000130e+06,2.974603999999999928e+02,4.603312000000000239e+02,5.125842999999999847e+02,8.033983444299999624e+06,1.293169999999999931e+01,6.684329999999999927e+01
4.880000000000000000e+03,1.781313690000000133e+04,4.207242500000000291e+04,5.598003880000000208e+04,9.092803000000000111e+02,-3.267262170700000133e+06,2.323819200999999885e+05,3.466764289999999892e+04,0.000000000000000000e+00,5.066309859999999753e+05,-2.376806740699999966e+06,2.979554999999999723e+02,-2.883437726699999999e+06,-2.377496407600000035e+06,2.974839000000000055e+02,-6.208128000000000384e+02,-5.671208000000000311e+02,8.033888507299999706e+06,-3.886099999999999710e+01,1.494219999999999970e+01
4.890000000000000000e+03,1.791667410000000018e+04,4.209068039999999746e+04,5.598743759999999747e+04,9.063921000000000276e+02,-3.268856808600000106e+06,2.339525634999999893e+05,3.473930660000000353e+04,0.000000000000000000e+00,5.065702138999999734e+05,-2.376693540500000119e+06,2.979198000000000093e+02,-2.883263754300000146e+06,-2.377404283700000029e+06,2.975291000000000281e+02,4.466548000000000229e+02,5.013498999999999910e+02,8.033719500799999572e+06,-2.180069999999999908e+01,3.195260000000000034e+01
4.900000000000000000e+03,1.795451229999999850e+04,4.222228899999999703e+04,5.589391159999999945e+04,8.949950000000000045e+02,-3.268893648000000045e+06,2.342551816999999864e+05,3.482954009999999835e+04,0.000000000000000000e+00,5.061933846999999951e+05,-2.376649833699999843e+06,2.976981000000000108e+02,-2.882843218299999833e+06,-2.377333785199999809e+06,2.975484999999999900e+02,-6.450857999999999493e+02,-5.923676000000000386e+02,8.033577254499999806e+06,-2.443649999999999878e+01,2.923430000000000106e+01
4.910000000000000000e+03,1.789947179999999935e+04,4.162739119999999821e+04,5.579981530000000203e+04,9.183169000000000324e+02,-3.268392095799999777e+06,2.334020334999999905e+05,3.490725379999999859e+04,0.000000000000000000e+00,5.072335255999999936e+05,-2.376604287800000049e+06,2.983099000000000274e+02,-2.883837813300000038e+06,-2.377258398200000171e+06,2.975978000000000065e+02,5.242378999999999678e+02,5.749217999999999620e+02,8.033339639999999665e+06,-3.014300000000000068e+01,2.340970000000000084e+01
4.920000000000000000e+03,1.797269619999999850e+04,4.194266580000000249e+04,5.585893720000000030e+04,9.074393999999999778e+02,-3.267051188699999824e+06,2.322408874000000069e+05,3.485770599999999831e+04,0.000000000000000000e+00,5.067288072999999858e+05,-2.376542049399999902e+06,2.980129999999999768e+02,-2.883270856699999887e+06,-2.377165545500000007e+06,2.976401999999999930e+02,-1.233439000000000050e+02,-6.819939999999999714e+01,8.033155162100000307e+06,1.178209999999999980e+01,6.534290000000000020e+01
4.930000000000000000e+03,1.826305919999999969e+04,4.197081049999999959e+04,5.593044840000000113e+04,9.084394999999999527e+02,-3.266978905100000091e+06,2.325244787000000069e+05,3.512164669999999751e+04,0.000000000000000000e+00,5.064285188000000198e+05,-2.375831503399999812e+06,2.978364000000000260e+02,-2.882260022200000007e+06,-2.377041790200000163e+06,2.976524000000000001e+02,5.577314000000000078e+02,6.128374999999999773e+02,8.032995365000000224e+06,2.451799999999999979e+00,5.603649999999999665e+01
4.940000000000000000e+03,1.800756460000000152e+04,4.223785710000000108e+04,5.589607830000000104e+04,9.048953999999999951e+02,-3.266960467999999877e+06,2.328711976000000141e+05,3.502658899999999994e+04,0.000000000000000000e+00,5.060293005000000121e+05,-2.375986985499999952e+06,2.976016000000000190e+02,-2.882016285999999847e+06,-2.376942889299999923e+06,2.976499000000000024e+02,-6.322899999999999636e+02,-5.769433999999999969e+02,8.032938696999999695e+06,1.177999999999999936e+01,6.541049999999999898e+01
4.950000000000000000e+03,1.770692169999999896e+04,4.195934659999999712e+04,5.581260050000000047e+04,9.091825999999999794e+02,-3.267439850699999835e+06,2.328919804000000004e+05,3.471314959999999701e+04,0.000000000000000000e+00,5.070857521999999881e+05,-2.376360917100000195e+06,2.982230000000000132e+02,-2.883446669300000183e+06,-2.376863563699999824e+06,2.977243000000000279e+02,3.495244000000000142e+02,4.039726999999999748e+02,8.032791767500000075e+06,3.152639999999999887e+01,8.518500000000000227e+01
4.960000000000000000e+03,1.798102160000000003e+04,4.194565200000000186e+04,5.586103530000000319e+04,8.818563000000000329e+02,-3.267078932800000068e+06,2.327675474000000104e+05,3.486361310000000231e+04,0.000000000000000000e+00,5.062385319000000018e+05,-2.376539675199999940e+06,2.977246999999999844e+02,-2.882778207100000232e+06,-2.376802125200000126e+06,2.977398000000000025e+02,3.147547000000000139e+02,3.687830999999999904e+02,8.032726667100000195e+06,2.752390000000000114e+01,8.128719999999999857e+01
4.970000000000000000e+03,1.798949569999999949e+04,4.169863229999999749e+04,5.592538279999999941e+04,8.922056999999999789e+02,-3.267153162299999967e+06,2.324377662000000128e+05,3.519575230000000010e+04,0.000000000000000000e+00,5.067967900999999838e+05,-2.376217137300000060e+06,2.980529999999999973e+02,-2.883013927399999928e+06,-2.376754694600000046e+06,2.977638000000000034e+02,-9.376580000000000155e+02,-8.814638999999999669e+02,8.032696053799999878e+06,2.169500000000000206e+00,5.619200000000000017e+01
4.980000000000000000e+03,1.764929009999999835e+04,4.182327259999999660e+04,5.577175400000000081e+04,8.989288999999999987e+02,-3.266809158700000029e+06,2.323708260000000009e+05,3.504806910000000062e+04,0.000000000000000000e+00,5.064947395999999717e+05,-2.376752278400000185e+06,2.978754000000000133e+02,-2.883247018099999987e+06,-2.376719035699999891e+06,2.977871000000000095e+02,1.430867899999999963e+03,1.485268900000000031e+03,8.032559549999999814e+06,5.625010000000000332e+01,1.102961999999999989e+02
4.990000000000000000e+03,1.780188190000000031e+04,4.194941219999999885e+04,5.583959640000000218e+04,9.294333000000000311e+02,-3.266065188999999780e+06,2.324571935999999987e+05,3.480188760000000184e+04,0.000000000000000000e+00,5.055648193999999785e+05,-2.376720964600000065e+06,2.973285000000000196e+02,-2.882285783999999985e+06,-2.376698154800000135e+06,2.977592999999999961e+02,-1.269126400000000103e+03,-1.217538099999999986e+03,8.032599441100000404e+06,2.179329999999999856e+01,7.577039999999999509e+01
5.000000000000000000e+03,1.770941300000000047e+04,4.186249829999999929e+04,5.585984060000000318e+04,8.934664000000000215e+02,-3.266190234499999788e+06,2.322240150999999896e+05,3.493147480000000360e+04,0.000000000000000000e+00,5.061537875999999815e+05,-2.376555738700000104e+06,2.976748999999999796e+02,-2.882709526300000027e+06,-2.376683018999999855e+06,2.977687999999999988e+02,1.170469299999999976e+03,1.225913900000000012e+03,8.032506498700000346e+06,4.784649999999999892e+01,1.018157999999999959e+02
