job_id,lineage_id,name_stem,size_class,arrangement,crossover_a,crossover_b,n_pair_combinations,duration_ps,n_frames,structural_gates_applied,valid_frames,pct_frames_structurally_valid,raw_mean_best_periodic_propensity,raw_pct_any_reactive_corner,mean_best_periodic_propensity,median_best_periodic_propensity,p95_best_periodic_propensity,pct_any_reactive_corner
0ad7fe0f7d9f,0ad7fe0f7d9f,6hb_2xT,larger_origami,2-2,d4de6f31-daf5-4f47-957b-4d6ab02dea6b,ebabccd4-7c2c-4786-88ae-06a3b0a41446,4,490.0000014608888,150,True,150,100.0,0.17585648582236377,0.0,0.17585648582236377,0.17476980247749474,0.2655181078144876,0.0
0ad7fe0f7d9f,0ad7fe0f7d9f,6hb_2xT,larger_origami,2-2,57ec5181-4756-48fa-8a32-d5a6d5aa5acc,73481d3c-7035-492d-8733-a4943de2d919,4,490.0000014608888,150,True,150,100.0,0.11274714705291117,0.0,0.11274714705291117,0.11202483120977387,0.15451906876010396,0.0
0ad7fe0f7d9f,0ad7fe0f7d9f,6hb_2xT,larger_origami,2-2,27508db6-884d-4b1e-8435-e1be95a32e0a,7cd35475-6a13-4004-b446-e67e71bd2de4,4,490.0000014608888,150,True,145,96.66666666666667,0.10324975057701902,0.0,0.1030407704324735,0.10238223413009029,0.13248795946814573,0.0
0ad7fe0f7d9f,0ad7fe0f7d9f,6hb_2xT,larger_origami,2-2,584b1faa-b569-4dcb-b382-cc95fdaa75cf,8c96d10b-f047-444f-ad3b-740f2c963bd5,4,490.0000014608888,150,True,150,100.0,0.030199176453811802,0.0,0.030199176453811802,0.023108489093392526,0.06910648174510835,0.0
0ad7fe0f7d9f,0ad7fe0f7d9f,6hb_2xT,larger_origami,2-2,accc07e6-a6df-431d-9090-d24cf77a8ec9,f03fbd93-0a6c-4e2c-a8ae-445c7ffb95bb,4,490.0000014608888,150,True,150,100.0,0.015720255249063408,0.0,0.015720255249063408,0.007801230120659041,0.049095466262079,0.0
0ad7fe0f7d9f,0ad7fe0f7d9f,6hb_2xT,larger_origami,2-2,2a28e63b-4756-43dd-bb45-5435edd57bd9,a29b35ed-406c-4b0c-add8-ef4f1822374e,4,490.0000014608888,150,True,150,100.0,0.016354221949486974,0.0,0.016354221949486974,0.015212686242431626,0.028693186931471267,0.0
0ad7fe0f7d9f,0ad7fe0f7d9f,6hb_2xT,larger_origami,2-2,41fcc558-4b99-4f21-9707-916061a18848,ab80dac9-8463-4a42-9475-c57dfcaee96d,4,490.0000014608888,150,True,150,100.0,0.011096037938216249,0.0,0.011096037938216249,0.003857255718894609,0.04500744886568744,0.0
0ad7fe0f7d9f,0ad7fe0f7d9f,6hb_2xT,larger_origami,2-2,04df3cd6-271d-4b2b-bbce-e067da20c9ce,e9b0bf88-e7ca-4c82-b297-7a121ab0b6d1,4,490.0000014608888,150,True,150,100.0,0.01067361329861563,0.0,0.01067361329861563,0.0072962959868553695,0.028341562666328125,0.0
0ad7fe0f7d9f,0ad7fe0f7d9f,6hb_2xT,larger_origami,2-2,46f301e7-006a-464f-8cd9-709d2ef35e4a,a9fec5a5-9462-4d69-8506-528ad6d779ec,4,490.0000014608888,150,True,150,100.0,0.011689240949599585,0.0,0.011689240949599585,0.008330034569583207,0.03178860614283111,0.0
0ad7fe0f7d9f,0ad7fe0f7d9f,6hb_2xT,larger_origami,2-2,a24c19c0-af3d-4a37-812b-3eeae7d7643e,bbaebf97-40b6-40c9-92ef-a9ff601820fc,4,490.0000014608888,150,True,150,100.0,0.0055438435134913455,0.0,0.0055438435134913455,0.0035899210902789044,0.017456271379133227,0.0
37418e309e59,37418e309e59,6hbx100_1xT,larger_origami,1-1,715d50c3-2031-424f-b6e6-deb5f514f22a,b46be18d-8a7e-4772-8a53-5c9083a70234,1,489.6000014596962,52,True,52,100.0,0.08026533829925898,0.0,0.08026533829925898,0.06403655533298373,0.19824867955195363,0.0
37418e309e59,37418e309e59,6hbx100_1xT,larger_origami,1-1,932e1ba5-5123-404e-a557-eb331bb79266,c86da97a-de95-4764-ba15-e2506bc8a0f2,1,489.6000014596962,52,True,52,100.0,0.058216891434685496,0.0,0.058216891434685496,0.05790315124330056,0.10049812571815557,0.0
37418e309e59,37418e309e59,6hbx100_1xT,larger_origami,1-1,723282f2-a744-4512-9242-9397c4ee5c5e,f90a3afc-b4f4-484e-a0fc-fbe29333b968,1,489.6000014596962,52,True,52,100.0,0.046515783900103885,0.0,0.046515783900103885,0.0437249537675093,0.0723188892586672,0.0
37418e309e59,37418e309e59,6hbx100_1xT,larger_origami,1-1,9b0bf67e-31e6-4353-9962-8b241e4830fd,b5af488f-e065-4b7c-96b5-c1dcaa9e5716,1,489.6000014596962,52,True,52,100.0,0.03717473457600938,0.0,0.03717473457600938,0.036418002720575285,0.06419285235885619,0.0
37418e309e59,37418e309e59,6hbx100_1xT,larger_origami,1-1,af6f6736-4b56-4ae9-a4e4-bb6ee5ccd31a,db4325ef-21b8-4631-9e34-fe60d5d6249b,1,489.6000014596962,52,True,5,9.615384615384617,0.02291594019451685,0.0,0.015804145300639585,0.017417989094875838,0.02601243852343768,0.0
37418e309e59,37418e309e59,6hbx100_1xT,larger_origami,1-1,842fca27-ff32-4cfa-8ee2-88f6c130ff1a,ad51907a-66a3-4e20-9975-6db6ac6276ea,1,489.6000014596962,52,True,52,100.0,0.022841858798550975,0.0,0.022841858798550975,0.021785980844514462,0.040407354684967554,0.0
37418e309e59,37418e309e59,6hbx100_1xT,larger_origami,1-1,335ea4ca-5c23-4e29-b04f-16571cad16a8,7da22aa0-ddb1-44c6-9b75-438532d1fd19,1,489.6000014596962,52,True,52,100.0,0.022198710846158924,0.0,0.022198710846158924,0.01934675768305341,0.05259890895153213,0.0
37418e309e59,37418e309e59,6hbx100_1xT,larger_origami,1-1,10dcd943-bf54-430c-b9d9-33b67746c966,7dccd2d2-3834-4d0e-9c2d-4bb7268d8a87,1,489.6000014596962,52,True,52,100.0,0.015409121141192122,0.0,0.015409121141192122,0.004591826692755782,0.06744515713789768,0.0
37418e309e59,37418e309e59,6hbx100_1xT,larger_origami,1-1,301be703-644b-4222-94bf-68d5901d5b51,e2fdd49a-5828-4c6e-a26c-1ea8918c89d1,1,489.6000014596962,52,True,52,100.0,0.015013943254749666,0.0,0.015013943254749666,0.002750098153903,0.07331613091390045,0.0
37418e309e59,37418e309e59,6hbx100_1xT,larger_origami,1-1,27f9c82f-3acc-4c54-8be7-3948148f7cd2,fc501a90-8295-486c-b7ec-51c8449764ce,1,489.6000014596962,52,True,52,100.0,0.014266916288732475,0.0,0.014266916288732475,0.012070352726277371,0.032209773690461914,0.0
37418e309e59,37418e309e59,6hbx100_1xT,larger_origami,1-1,433a5065-e3c3-4b84-bcf3-915ab6c65955,d839bd27-10bf-4741-bd99-d08fe6a959c2,1,489.6000014596962,52,True,52,100.0,0.01388793230062068,0.0,0.01388793230062068,0.01433809522791971,0.021609578398673432,0.0
37418e309e59,37418e309e59,6hbx100_1xT,larger_origami,1-1,2a42f52a-d371-4584-9347-ce1fb9d45464,d8565ee9-9f77-48dc-bde6-a4e9fa24e02c,1,489.6000014596962,52,True,52,100.0,0.013028277408346204,0.0,0.013028277408346204,0.012173676493917186,0.02227998916241597,0.0
37418e309e59,37418e309e59,6hbx100_1xT,larger_origami,1-1,cda11e43-1a30-4424-b5ab-f6487e66ef77,f7f0f244-3cf7-4261-a091-c32b830f55df,1,489.6000014596962,52,True,52,100.0,0.012415453670250792,0.0,0.012415453670250792,0.011307016587279603,0.025566129223147174,0.0
37418e309e59,37418e309e59,6hbx100_1xT,larger_origami,1-1,1a748e45-0335-4275-987b-c201e50369ae,f69c48d5-3da8-4851-b8fa-71e4e2271c53,1,489.6000014596962,52,True,52,100.0,0.01066411249821475,0.0,0.01066411249821475,0.009700965543729668,0.02158253423089818,0.0
37418e309e59,37418e309e59,6hbx100_1xT,larger_origami,1-1,8746148e-c11e-4dab-9472-382ae58be2d4,f7f1f11f-8f05-42b2-9b2c-849546253bc0,1,489.6000014596962,52,True,52,100.0,0.010422633800288615,0.0,0.010422633800288615,0.009638515945827389,0.0204402399074072,0.0
37418e309e59,37418e309e59,6hbx100_1xT,larger_origami,1-1,db4a6d72-de3c-460f-be3e-41e33c2addf5,fbcb9373-89f7-419e-9a70-2d030592a37b,1,489.6000014596962,52,True,52,100.0,0.010219934708108737,0.0,0.010219934708108737,0.006743387529439093,0.02879040486882836,0.0
37418e309e59,37418e309e59,6hbx100_1xT,larger_origami,1-1,180faa04-c63f-419c-8d1e-3f797176aced,efbdbaef-8b2e-4f4d-9f88-3f9014b0bba5,1,489.6000014596962,52,True,52,100.0,0.009520026261676123,0.0,0.009520026261676123,0.008771009475956812,0.018251122427693837,0.0
37418e309e59,37418e309e59,6hbx100_1xT,larger_origami,1-1,98b44d64-bb57-4e5f-830b-9270cab9905d,dedc48d6-3547-4071-832e-783e76457f1c,1,489.6000014596962,52,True,52,100.0,0.009469704209395158,0.0,0.009469704209395158,0.008778551452631633,0.018074211616910522,0.0
37418e309e59,37418e309e59,6hbx100_1xT,larger_origami,1-1,4c3677c1-003e-4ac1-a8f1-e3b5fcbae050,5d276e32-c276-4422-a745-9da530d78da6,1,489.6000014596962,52,True,52,100.0,0.009220767832614133,0.0,0.009220767832614133,0.007314678712060341,0.024320488035668428,0.0
37418e309e59,37418e309e59,6hbx100_1xT,larger_origami,1-1,1178ba6b-0419-457d-aa2d-65d35b26275b,9acdbcbc-9b36-4db4-8fee-b5fa632a049f,1,489.6000014596962,52,True,52,100.0,0.00840565644882025,0.0,0.00840565644882025,0.007987485191028522,0.014093284270100839,0.0
37418e309e59,37418e309e59,6hbx100_1xT,larger_origami,1-1,2695d23f-eb39-47a5-92b2-6a2d6f6c915d,84ccacc8-cf82-4859-9ea0-8802e8cc32e4,1,489.6000014596962,52,True,52,100.0,0.00702105178650412,0.0,0.00702105178650412,0.005284882003346444,0.018229876894447165,0.0
37418e309e59,37418e309e59,6hbx100_1xT,larger_origami,1-1,77cf36c0-ab23-4b9c-926d-1638a36bc0cd,9d6b4c05-29a1-4fec-902a-233ff5ba603b,1,489.6000014596962,52,True,52,100.0,0.006941009998385399,0.0,0.006941009998385399,0.001458449047853362,0.036430632053992745,0.0
37418e309e59,37418e309e59,6hbx100_1xT,larger_origami,1-1,cc2cec17-f2e2-42e9-8251-2af732ffbb73,fdc3fab1-96e5-4dc1-8d42-aa2ba66b3415,1,489.6000014596962,52,True,52,100.0,0.006146864266172966,0.0,0.006146864266172966,0.0023546927436345214,0.019068219872413025,0.0
37418e309e59,37418e309e59,6hbx100_1xT,larger_origami,1-1,64bba80c-bccb-4ed6-83a9-eeed4b83bbd2,f2d4d4c3-9564-4d7e-8dff-c4febde823b1,1,489.6000014596962,52,True,52,100.0,0.006142718314014816,0.0,0.006142718314014816,0.0021606356759031353,0.020637902066030858,0.0
37418e309e59,37418e309e59,6hbx100_1xT,larger_origami,1-1,94bd1222-e92d-42e3-8137-9a2f1c2ed05e,ba230854-9246-4c35-b3d7-b8e7968fd382,1,489.6000014596962,52,True,52,100.0,0.005797281358472486,0.0,0.005797281358472486,0.004993287226667432,0.013680640054489997,0.0
37418e309e59,37418e309e59,6hbx100_1xT,larger_origami,1-1,19f0417b-5101-4ec1-ab1f-ac059064b9ca,72685c47-4c25-4cd3-80c3-3ede26746613,1,489.6000014596962,52,True,52,100.0,0.002553395117456354,0.0,0.002553395117456354,0.0021966282966600836,0.0053180794760814935,0.0
37418e309e59,37418e309e59,6hbx100_1xT,larger_origami,1-1,68d566ac-1d78-4472-9710-95f69a5ef074,b6770a6e-beda-4016-8584-18d099760127,1,489.6000014596962,52,True,52,100.0,0.0014321363076418418,0.0,0.0014321363076418418,0.0009995161358220827,0.0035600725298689764,0.0
37418e309e59,37418e309e59,6hbx100_1xT,larger_origami,1-1,6669d584-a8df-443c-ad62-350b5fc6594d,948b3b73-788e-44ec-a535-890c35e73cb4,1,489.6000014596962,52,True,52,100.0,0.001179701781603228,0.0,0.001179701781603228,0.001048683753122621,0.0023873959180512514,0.0
992ab65c0d1a,992ab65c0d1a,6hbx100_1xT,larger_origami,1-1,715d50c3-2031-424f-b6e6-deb5f514f22a,b46be18d-8a7e-4772-8a53-5c9083a70234,1,489.6000014596962,52,True,52,100.0,0.07844503790946981,0.0,0.07844503790946981,0.06786741382514547,0.19357631886198506,0.0
992ab65c0d1a,992ab65c0d1a,6hbx100_1xT,larger_origami,1-1,932e1ba5-5123-404e-a557-eb331bb79266,c86da97a-de95-4764-ba15-e2506bc8a0f2,1,489.6000014596962,52,True,52,100.0,0.06254536158397589,0.0,0.06254536158397589,0.058045157808358686,0.09752892526583838,0.0
992ab65c0d1a,992ab65c0d1a,6hbx100_1xT,larger_origami,1-1,842fca27-ff32-4cfa-8ee2-88f6c130ff1a,ad51907a-66a3-4e20-9975-6db6ac6276ea,1,489.6000014596962,52,True,52,100.0,0.04711706208128811,0.0,0.04711706208128811,0.044255272010843026,0.07955017293921035,0.0
992ab65c0d1a,992ab65c0d1a,6hbx100_1xT,larger_origami,1-1,af6f6736-4b56-4ae9-a4e4-bb6ee5ccd31a,db4325ef-21b8-4631-9e34-fe60d5d6249b,1,489.6000014596962,52,True,38,73.07692307692307,0.029673616428028467,0.0,0.030170838520165947,0.02163338672444694,0.07317622035974908,0.0
992ab65c0d1a,992ab65c0d1a,6hbx100_1xT,larger_origami,1-1,433a5065-e3c3-4b84-bcf3-915ab6c65955,d839bd27-10bf-4741-bd99-d08fe6a959c2,1,489.6000014596962,52,True,52,100.0,0.02842851241503965,0.0,0.02842851241503965,0.02957377730506921,0.0542883380501879,0.0
992ab65c0d1a,992ab65c0d1a,6hbx100_1xT,larger_origami,1-1,723282f2-a744-4512-9242-9397c4ee5c5e,f90a3afc-b4f4-484e-a0fc-fbe29333b968,1,489.6000014596962,52,True,52,100.0,0.027095260516616506,0.0,0.027095260516616506,0.02022302939297222,0.06171569711748051,0.0
992ab65c0d1a,992ab65c0d1a,6hbx100_1xT,larger_origami,1-1,4c3677c1-003e-4ac1-a8f1-e3b5fcbae050,5d276e32-c276-4422-a745-9da530d78da6,1,489.6000014596962,52,True,52,100.0,0.025095303458475108,0.0,0.025095303458475108,0.015585766987879782,0.075542256118435,0.0
992ab65c0d1a,992ab65c0d1a,6hbx100_1xT,larger_origami,1-1,10dcd943-bf54-430c-b9d9-33b67746c966,7dccd2d2-3834-4d0e-9c2d-4bb7268d8a87,1,489.6000014596962,52,True,52,100.0,0.020878062205911815,0.0,0.020878062205911815,0.010403326998889465,0.06256274428165724,0.0
992ab65c0d1a,992ab65c0d1a,6hbx100_1xT,larger_origami,1-1,cc2cec17-f2e2-42e9-8251-2af732ffbb73,fdc3fab1-96e5-4dc1-8d42-aa2ba66b3415,1,489.6000014596962,52,True,52,100.0,0.017347089375381163,0.0,0.017347089375381163,0.003487981237838149,0.06873539489329045,0.0
992ab65c0d1a,992ab65c0d1a,6hbx100_1xT,larger_origami,1-1,1a748e45-0335-4275-987b-c201e50369ae,f69c48d5-3da8-4851-b8fa-71e4e2271c53,1,489.6000014596962,52,True,52,100.0,0.012868982289906922,0.0,0.012868982289906922,0.012339893907289245,0.021419800514328485,0.0
992ab65c0d1a,992ab65c0d1a,6hbx100_1xT,larger_origami,1-1,335ea4ca-5c23-4e29-b04f-16571cad16a8,7da22aa0-ddb1-44c6-9b75-438532d1fd19,1,489.6000014596962,52,True,52,100.0,0.012301452661078129,0.0,0.012301452661078129,0.006618146218991067,0.03971982797560676,0.0
992ab65c0d1a,992ab65c0d1a,6hbx100_1xT,larger_origami,1-1,180faa04-c63f-419c-8d1e-3f797176aced,efbdbaef-8b2e-4f4d-9f88-3f9014b0bba5,1,489.6000014596962,52,True,52,100.0,0.011557648541465933,0.0,0.011557648541465933,0.0088788600246302,0.025633553567962566,0.0
992ab65c0d1a,992ab65c0d1a,6hbx100_1xT,larger_origami,1-1,9b0bf67e-31e6-4353-9962-8b241e4830fd,b5af488f-e065-4b7c-96b5-c1dcaa9e5716,1,489.6000014596962,52,True,52,100.0,0.0115382518995025,0.0,0.0115382518995025,0.009689183258852546,0.027846193712817855,0.0
992ab65c0d1a,992ab65c0d1a,6hbx100_1xT,larger_origami,1-1,98b44d64-bb57-4e5f-830b-9270cab9905d,dedc48d6-3547-4071-832e-783e76457f1c,1,489.6000014596962,52,True,52,100.0,0.010748085445799544,0.0,0.010748085445799544,0.008773639674597652,0.02019117269672126,0.0
992ab65c0d1a,992ab65c0d1a,6hbx100_1xT,larger_origami,1-1,1178ba6b-0419-457d-aa2d-65d35b26275b,9acdbcbc-9b36-4db4-8fee-b5fa632a049f,1,489.6000014596962,52,True,52,100.0,0.0101993481599483,0.0,0.0101993481599483,0.009029557178280691,0.018671939518515906,0.0
992ab65c0d1a,992ab65c0d1a,6hbx100_1xT,larger_origami,1-1,27f9c82f-3acc-4c54-8be7-3948148f7cd2,fc501a90-8295-486c-b7ec-51c8449764ce,1,489.6000014596962,52,True,52,100.0,0.010004078111073789,0.0,0.010004078111073789,0.009480222091532528,0.019740657356655103,0.0
992ab65c0d1a,992ab65c0d1a,6hbx100_1xT,larger_origami,1-1,2a42f52a-d371-4584-9347-ce1fb9d45464,d8565ee9-9f77-48dc-bde6-a4e9fa24e02c,1,489.6000014596962,52,True,52,100.0,0.009955295938390011,0.0,0.009955295938390011,0.008333228172128062,0.021288448416803527,0.0
992ab65c0d1a,992ab65c0d1a,6hbx100_1xT,larger_origami,1-1,cda11e43-1a30-4424-b5ab-f6487e66ef77,f7f0f244-3cf7-4261-a091-c32b830f55df,1,489.6000014596962,52,True,52,100.0,0.009281531689245366,0.0,0.009281531689245366,0.005845596285065168,0.02711942958455077,0.0
992ab65c0d1a,992ab65c0d1a,6hbx100_1xT,larger_origami,1-1,2695d23f-eb39-47a5-92b2-6a2d6f6c915d,84ccacc8-cf82-4859-9ea0-8802e8cc32e4,1,489.6000014596962,52,True,52,100.0,0.00903493064432635,0.0,0.00903493064432635,0.0080055141997832,0.017553154569973882,0.0
992ab65c0d1a,992ab65c0d1a,6hbx100_1xT,larger_origami,1-1,8746148e-c11e-4dab-9472-382ae58be2d4,f7f1f11f-8f05-42b2-9b2c-849546253bc0,1,489.6000014596962,52,True,52,100.0,0.008196224380164886,0.0,0.008196224380164886,0.007345786178351116,0.015484215973562341,0.0
992ab65c0d1a,992ab65c0d1a,6hbx100_1xT,larger_origami,1-1,64bba80c-bccb-4ed6-83a9-eeed4b83bbd2,f2d4d4c3-9564-4d7e-8dff-c4febde823b1,1,489.6000014596962,52,True,52,100.0,0.0062322315354315806,0.0,0.0062322315354315806,0.003695327732822047,0.01799343077786766,0.0
992ab65c0d1a,992ab65c0d1a,6hbx100_1xT,larger_origami,1-1,301be703-644b-4222-94bf-68d5901d5b51,e2fdd49a-5828-4c6e-a26c-1ea8918c89d1,1,489.6000014596962,52,True,52,100.0,0.005950099251289363,0.0,0.005950099251289363,0.0019575866218524084,0.02363268634609566,0.0
992ab65c0d1a,992ab65c0d1a,6hbx100_1xT,larger_origami,1-1,94bd1222-e92d-42e3-8137-9a2f1c2ed05e,ba230854-9246-4c35-b3d7-b8e7968fd382,1,489.6000014596962,52,True,52,100.0,0.005872189671820825,0.0,0.005872189671820825,0.004800568991576106,0.012531383935533977,0.0
992ab65c0d1a,992ab65c0d1a,6hbx100_1xT,larger_origami,1-1,db4a6d72-de3c-460f-be3e-41e33c2addf5,fbcb9373-89f7-419e-9a70-2d030592a37b,1,489.6000014596962,52,True,52,100.0,0.0053267358372785095,0.0,0.0053267358372785095,0.004384983809069537,0.01375558716244117,0.0
992ab65c0d1a,992ab65c0d1a,6hbx100_1xT,larger_origami,1-1,77cf36c0-ab23-4b9c-926d-1638a36bc0cd,9d6b4c05-29a1-4fec-902a-233ff5ba603b,1,489.6000014596962,52,True,52,100.0,0.003384387147539942,0.0,0.003384387147539942,0.0024074681651022676,0.008404322851571356,0.0
992ab65c0d1a,992ab65c0d1a,6hbx100_1xT,larger_origami,1-1,19f0417b-5101-4ec1-ab1f-ac059064b9ca,72685c47-4c25-4cd3-80c3-3ede26746613,1,489.6000014596962,52,True,52,100.0,0.0030606051110670385,0.0,0.0030606051110670385,0.002802282890285465,0.005060693963575875,0.0
992ab65c0d1a,992ab65c0d1a,6hbx100_1xT,larger_origami,1-1,6669d584-a8df-443c-ad62-350b5fc6594d,948b3b73-788e-44ec-a535-890c35e73cb4,1,489.6000014596962,52,True,52,100.0,0.002909457781624085,0.0,0.002909457781624085,0.0015389584094728367,0.0077213208568452825,0.0
992ab65c0d1a,992ab65c0d1a,6hbx100_1xT,larger_origami,1-1,68d566ac-1d78-4472-9710-95f69a5ef074,b6770a6e-beda-4016-8584-18d099760127,1,489.6000014596962,52,True,52,100.0,0.0011378712192529226,0.0,0.0011378712192529226,0.0007541052964632085,0.003762321359001253,0.0
eb4953783dd3,eb4953783dd3,6hbx100_1xT,larger_origami,1-1,715d50c3-2031-424f-b6e6-deb5f514f22a,b46be18d-8a7e-4772-8a53-5c9083a70234,1,489.6000014596962,52,True,52,100.0,0.09702501266677202,0.0,0.09702501266677202,0.08532542972993568,0.1983034319675643,0.0
eb4953783dd3,eb4953783dd3,6hbx100_1xT,larger_origami,1-1,335ea4ca-5c23-4e29-b04f-16571cad16a8,7da22aa0-ddb1-44c6-9b75-438532d1fd19,1,489.6000014596962,52,True,52,100.0,0.07002656803479856,0.0,0.07002656803479856,0.06418554940305465,0.13246284231580155,0.0
eb4953783dd3,eb4953783dd3,6hbx100_1xT,larger_origami,1-1,9b0bf67e-31e6-4353-9962-8b241e4830fd,b5af488f-e065-4b7c-96b5-c1dcaa9e5716,1,489.6000014596962,52,True,52,100.0,0.03514759008278609,0.0,0.03514759008278609,0.03741156885723077,0.058409026643019724,0.0
eb4953783dd3,eb4953783dd3,6hbx100_1xT,larger_origami,1-1,723282f2-a744-4512-9242-9397c4ee5c5e,f90a3afc-b4f4-484e-a0fc-fbe29333b968,1,489.6000014596962,52,True,52,100.0,0.035090669990361006,0.0,0.035090669990361006,0.02873906879549477,0.06934227129926028,0.0
eb4953783dd3,eb4953783dd3,6hbx100_1xT,larger_origami,1-1,433a5065-e3c3-4b84-bcf3-915ab6c65955,d839bd27-10bf-4741-bd99-d08fe6a959c2,1,489.6000014596962,52,True,52,100.0,0.029203815798351646,0.0,0.029203815798351646,0.027399669021219417,0.04902158161837416,0.0
eb4953783dd3,eb4953783dd3,6hbx100_1xT,larger_origami,1-1,932e1ba5-5123-404e-a557-eb331bb79266,c86da97a-de95-4764-ba15-e2506bc8a0f2,1,489.6000014596962,52,True,52,100.0,0.028968542422400097,0.0,0.028968542422400097,0.02380001560443947,0.06531872910067434,0.0
eb4953783dd3,eb4953783dd3,6hbx100_1xT,larger_origami,1-1,10dcd943-bf54-430c-b9d9-33b67746c966,7dccd2d2-3834-4d0e-9c2d-4bb7268d8a87,1,489.6000014596962,52,True,52,100.0,0.025243605214017646,0.0,0.025243605214017646,0.016342213577192247,0.06363535582405833,0.0
eb4953783dd3,eb4953783dd3,6hbx100_1xT,larger_origami,1-1,4c3677c1-003e-4ac1-a8f1-e3b5fcbae050,5d276e32-c276-4422-a745-9da530d78da6,1,489.6000014596962,52,True,52,100.0,0.025213723683429404,0.0,0.025213723683429404,0.013571564174928118,0.08894888785964193,0.0
eb4953783dd3,eb4953783dd3,6hbx100_1xT,larger_origami,1-1,af6f6736-4b56-4ae9-a4e4-bb6ee5ccd31a,db4325ef-21b8-4631-9e34-fe60d5d6249b,1,489.6000014596962,52,True,24,46.15384615384615,0.017361892822386458,0.0,0.02200110354815413,0.01711452290230913,0.058920055652418465,0.0
eb4953783dd3,eb4953783dd3,6hbx100_1xT,larger_origami,1-1,180faa04-c63f-419c-8d1e-3f797176aced,efbdbaef-8b2e-4f4d-9f88-3f9014b0bba5,1,489.6000014596962,52,True,52,100.0,0.016270503199126117,0.0,0.016270503199126117,0.013693745006595762,0.031330322675825764,0.0
eb4953783dd3,eb4953783dd3,6hbx100_1xT,larger_origami,1-1,27f9c82f-3acc-4c54-8be7-3948148f7cd2,fc501a90-8295-486c-b7ec-51c8449764ce,1,489.6000014596962,52,True,52,100.0,0.015488997828990648,0.0,0.015488997828990648,0.014259365136564093,0.028208412807016234,0.0
eb4953783dd3,eb4953783dd3,6hbx100_1xT,larger_origami,1-1,cda11e43-1a30-4424-b5ab-f6487e66ef77,f7f0f244-3cf7-4261-a091-c32b830f55df,1,489.6000014596962,52,True,52,100.0,0.015337755765898985,0.0,0.015337755765898985,0.013082021880648033,0.03565476568289541,0.0
eb4953783dd3,eb4953783dd3,6hbx100_1xT,larger_origami,1-1,2a42f52a-d371-4584-9347-ce1fb9d45464,d8565ee9-9f77-48dc-bde6-a4e9fa24e02c,1,489.6000014596962,52,True,52,100.0,0.014579929850630724,0.0,0.014579929850630724,0.0132053920114841,0.025289383026029216,0.0
eb4953783dd3,eb4953783dd3,6hbx100_1xT,larger_origami,1-1,842fca27-ff32-4cfa-8ee2-88f6c130ff1a,ad51907a-66a3-4e20-9975-6db6ac6276ea,1,489.6000014596962,52,True,52,100.0,0.013874200309906947,0.0,0.013874200309906947,0.01278862334801422,0.025164519026395646,0.0
eb4953783dd3,eb4953783dd3,6hbx100_1xT,larger_origami,1-1,1a748e45-0335-4275-987b-c201e50369ae,f69c48d5-3da8-4851-b8fa-71e4e2271c53,1,489.6000014596962,52,True,52,100.0,0.013707062974214448,0.0,0.013707062974214448,0.01268819185204062,0.02516454575091304,0.0
eb4953783dd3,eb4953783dd3,6hbx100_1xT,larger_origami,1-1,98b44d64-bb57-4e5f-830b-9270cab9905d,dedc48d6-3547-4071-832e-783e76457f1c,1,489.6000014596962,52,True,52,100.0,0.012921019682582847,0.0,0.012921019682582847,0.01222126444671828,0.024314992508321653,0.0
eb4953783dd3,eb4953783dd3,6hbx100_1xT,larger_origami,1-1,8746148e-c11e-4dab-9472-382ae58be2d4,f7f1f11f-8f05-42b2-9b2c-849546253bc0,1,489.6000014596962,52,True,52,100.0,0.01132913326724514,0.0,0.01132913326724514,0.010337035410261493,0.025406536123149512,0.0
eb4953783dd3,eb4953783dd3,6hbx100_1xT,larger_origami,1-1,cc2cec17-f2e2-42e9-8251-2af732ffbb73,fdc3fab1-96e5-4dc1-8d42-aa2ba66b3415,1,489.6000014596962,52,True,52,100.0,0.010159046892559476,0.0,0.010159046892559476,0.0020740278759082513,0.04802638144954446,0.0
eb4953783dd3,eb4953783dd3,6hbx100_1xT,larger_origami,1-1,94bd1222-e92d-42e3-8137-9a2f1c2ed05e,ba230854-9246-4c35-b3d7-b8e7968fd382,1,489.6000014596962,52,True,52,100.0,0.008463520517327678,0.0,0.008463520517327678,0.007908766970677637,0.015815825234321394,0.0
eb4953783dd3,eb4953783dd3,6hbx100_1xT,larger_origami,1-1,2695d23f-eb39-47a5-92b2-6a2d6f6c915d,84ccacc8-cf82-4859-9ea0-8802e8cc32e4,1,489.6000014596962,52,True,52,100.0,0.007848590486277136,0.0,0.007848590486277136,0.00630636841057391,0.018270463997916764,0.0
eb4953783dd3,eb4953783dd3,6hbx100_1xT,larger_origami,1-1,64bba80c-bccb-4ed6-83a9-eeed4b83bbd2,f2d4d4c3-9564-4d7e-8dff-c4febde823b1,1,489.6000014596962,52,True,52,100.0,0.007306513058695553,0.0,0.007306513058695553,0.0016126693776440995,0.04191748356339865,0.0
eb4953783dd3,eb4953783dd3,6hbx100_1xT,larger_origami,1-1,db4a6d72-de3c-460f-be3e-41e33c2addf5,fbcb9373-89f7-419e-9a70-2d030592a37b,1,489.6000014596962,52,True,52,100.0,0.0061447214987564855,0.0,0.0061447214987564855,0.005041883025872411,0.017689814469576546,0.0
eb4953783dd3,eb4953783dd3,6hbx100_1xT,larger_origami,1-1,77cf36c0-ab23-4b9c-926d-1638a36bc0cd,9d6b4c05-29a1-4fec-902a-233ff5ba603b,1,489.6000014596962,52,True,52,100.0,0.005552677441400219,0.0,0.005552677441400219,0.0019508856335728754,0.01121610211316814,0.0
eb4953783dd3,eb4953783dd3,6hbx100_1xT,larger_origami,1-1,1178ba6b-0419-457d-aa2d-65d35b26275b,9acdbcbc-9b36-4db4-8fee-b5fa632a049f,1,489.6000014596962,52,True,52,100.0,0.005087667942099006,0.0,0.005087667942099006,0.00497298759543935,0.011399079259161334,0.0
eb4953783dd3,eb4953783dd3,6hbx100_1xT,larger_origami,1-1,19f0417b-5101-4ec1-ab1f-ac059064b9ca,72685c47-4c25-4cd3-80c3-3ede26746613,1,489.6000014596962,52,True,52,100.0,0.003025117219787412,0.0,0.003025117219787412,0.0028947232663884557,0.005169831923286506,0.0
eb4953783dd3,eb4953783dd3,6hbx100_1xT,larger_origami,1-1,301be703-644b-4222-94bf-68d5901d5b51,e2fdd49a-5828-4c6e-a26c-1ea8918c89d1,1,489.6000014596962,52,True,52,100.0,0.002357288363749904,0.0,0.002357288363749904,0.001573608780369743,0.005819614522834163,0.0
eb4953783dd3,eb4953783dd3,6hbx100_1xT,larger_origami,1-1,68d566ac-1d78-4472-9710-95f69a5ef074,b6770a6e-beda-4016-8584-18d099760127,1,489.6000014596962,52,True,52,100.0,0.0018185174284000487,0.0,0.0018185174284000487,0.0007473908153247254,0.006724688756270286,0.0
eb4953783dd3,eb4953783dd3,6hbx100_1xT,larger_origami,1-1,6669d584-a8df-443c-ad62-350b5fc6594d,948b3b73-788e-44ec-a535-890c35e73cb4,1,489.6000014596962,52,True,52,100.0,0.0009489240827620544,0.0,0.0009489240827620544,0.0007229564080239457,0.0026033186305375465,0.0
cb616816195f,cb616816195f,6hb_2xT,larger_origami,2-2,584b1faa-b569-4dcb-b382-cc95fdaa75cf,8c96d10b-f047-444f-ad3b-740f2c963bd5,4,6990.000020840026,500,True,500,100.0,0.3565162227728113,40.8,0.3565162227728113,0.35839077647520734,0.539507534300798,40.8
cb616816195f,cb616816195f,6hb_2xT,larger_origami,2-2,a24c19c0-af3d-4a37-812b-3eeae7d7643e,bbaebf97-40b6-40c9-92ef-a9ff601820fc,4,6990.000020840026,500,True,500,100.0,0.24592030495770562,0.6,0.24592030495770562,0.23262495238447742,0.40561486592358986,0.6
cb616816195f,cb616816195f,6hb_2xT,larger_origami,2-2,46f301e7-006a-464f-8cd9-709d2ef35e4a,a9fec5a5-9462-4d69-8506-528ad6d779ec,4,6990.000020840026,500,True,336,67.2,0.24257703322193228,4.8,0.22101766044918073,0.21374945051374433,0.4245913433902341,7.142857142857142
cb616816195f,cb616816195f,6hb_2xT,larger_origami,2-2,2a28e63b-4756-43dd-bb45-5435edd57bd9,a29b35ed-406c-4b0c-add8-ef4f1822374e,4,6990.000020840026,500,True,500,100.0,0.1513984261807607,0.6,0.1513984261807607,0.13025994735628937,0.29460334418577677,0.6
cb616816195f,cb616816195f,6hb_2xT,larger_origami,2-2,41fcc558-4b99-4f21-9707-916061a18848,ab80dac9-8463-4a42-9475-c57dfcaee96d,4,6990.000020840026,500,True,490,98.0,0.12303087622836557,1.6,0.12179349559773979,0.10359439868601088,0.2772437335563649,1.6326530612244898
cb616816195f,cb616816195f,6hb_2xT,larger_origami,2-2,accc07e6-a6df-431d-9090-d24cf77a8ec9,f03fbd93-0a6c-4e2c-a8ae-445c7ffb95bb,4,6990.000020840026,500,True,500,100.0,0.0317793279633701,0.0,0.0317793279633701,0.009122907280310549,0.1268559382506681,0.0
cb616816195f,cb616816195f,6hb_2xT,larger_origami,2-2,27508db6-884d-4b1e-8435-e1be95a32e0a,7cd35475-6a13-4004-b446-e67e71bd2de4,4,6990.000020840026,500,True,500,100.0,0.010227381176722856,0.0,0.010227381176722856,0.004602154512469843,0.042318464546856845,0.0
cb616816195f,cb616816195f,6hb_2xT,larger_origami,2-2,57ec5181-4756-48fa-8a32-d5a6d5aa5acc,73481d3c-7035-492d-8733-a4943de2d919,4,6990.000020840026,500,True,500,100.0,0.006924075941069094,0.0,0.006924075941069094,0.006160972603374429,0.015124258234238663,0.0
cb616816195f,cb616816195f,6hb_2xT,larger_origami,2-2,04df3cd6-271d-4b2b-bbce-e067da20c9ce,e9b0bf88-e7ca-4c82-b297-7a121ab0b6d1,4,6990.000020840026,500,True,500,100.0,0.0044861112503485,0.0,0.0044861112503485,0.0043572203581127575,0.006969149098343863,0.0
cb616816195f,cb616816195f,6hb_2xT,larger_origami,2-2,d4de6f31-daf5-4f47-957b-4d6ab02dea6b,ebabccd4-7c2c-4786-88ae-06a3b0a41446,4,6990.000020840026,500,True,500,100.0,0.004391382992055874,0.0,0.004391382992055874,0.0033257209308466627,0.012326143537876245,0.0
e4a49b2057a5,e4a49b2057a5,2hb_1xT,2hb,1-1,4a12dd44-bce2-46be-8296-093ce52d2ec9,54c5689d-127b-4693-bc11-f51121719fad,1,1990.0000059329973,201,True,201,100.0,0.03367182725816791,0.0,0.03367182725816791,0.02684669702770401,0.0852655618212746,0.0
6950d3b79138,6950d3b79138,24hb_1xT,larger_origami,1-1,0cc2ae9a-94ef-41b2-b7f0-f56bf85faffd,1fed1126-3535-4c42-a9d6-905b516e415f,1,223620.00066670193,500,True,497,99.4,0.17002198373241698,0.8,0.17049128794447913,0.12238759083650573,0.4223012415463346,0.8048289738430584
6950d3b79138,6950d3b79138,24hb_1xT,larger_origami,1-1,4ad1c9d9-edf8-4568-9150-c4480110a245,7f20c83a-55f5-47e4-9001-207c5feb3f82,1,223620.00066670193,500,True,219,43.8,0.1628719257427941,12.0,0.06785551352249579,0.05235376211269285,0.1685022893441081,0.0
6950d3b79138,6950d3b79138,24hb_1xT,larger_origami,1-1,59fd9282-3a30-4116-9238-c7574588a4af,e28bb508-468e-4605-a1e2-ac96ec18d7fd,1,223620.00066670193,500,True,208,41.6,0.16255516554400917,0.0,0.12951739178312438,0.11634677770267224,0.2590026279046562,0.0
6950d3b79138,6950d3b79138,24hb_1xT,larger_origami,1-1,2eec59da-fb23-4b34-8b38-6c254509c655,78e6c51f-594a-41dd-8c69-dba85c5760a3,1,223620.00066670193,500,True,437,87.4,0.14058932683388686,18.4,0.10103414009353995,0.022488814788539077,0.5008722094998959,11.212814645308924
6950d3b79138,6950d3b79138,24hb_1xT,larger_origami,1-1,1620526c-379f-4333-ab8f-61f3a4315e31,fb9d446c-b711-4e45-9306-2add1c561b60,1,223620.00066670193,500,True,499,99.8,0.1301295963914528,0.0,0.13011525553313352,0.11996723035384738,0.22809164547776428,0.0
6950d3b79138,6950d3b79138,24hb_1xT,larger_origami,1-1,25ccdd1b-b891-4a53-b44a-b5871d5be831,393bdf1c-4f8d-4630-85a0-16d89f7209ba,1,223620.00066670193,500,True,500,100.0,0.10326573533688888,0.0,0.10326573533688888,0.09695791873254514,0.23346510139810303,0.0
6950d3b79138,6950d3b79138,24hb_1xT,larger_origami,1-1,1715fbf8-7548-4705-af35-478e443d38f3,df6af4a5-573c-4182-9124-3bde6c856d82,1,223620.00066670193,500,True,494,98.8,0.09657511007811148,1.4000000000000001,0.09633753425137193,0.05940746663227753,0.3197962256693313,1.417004048582996
6950d3b79138,6950d3b79138,24hb_1xT,larger_origami,1-1,045faba9-b7aa-447d-88ef-6e69b0f153e4,31fccb07-bee5-4f1b-b0ca-bbbf89618013,1,223620.00066670193,500,True,500,100.0,0.09484538605082853,0.0,0.09484538605082853,0.09278552040203036,0.1828506130043834,0.0
6950d3b79138,6950d3b79138,24hb_1xT,larger_origami,1-1,538af0a3-8ce9-412d-bcac-e11292651aab,b6969811-6e6b-44cd-9cff-2ff770420798,1,223620.00066670193,500,True,392,78.4,0.09413815874906815,3.5999999999999996,0.07127494893636975,0.07294919639323297,0.13872228952639354,0.25510204081632654
6950d3b79138,6950d3b79138,24hb_1xT,larger_origami,1-1,83796f86-becf-4926-85f9-5ea2a856d786,fd52686b-a079-406c-aa0b-05c503472350,1,223620.00066670193,500,True,409,81.8,0.0918016720946209,0.0,0.091624855393109,0.0901880271908287,0.1437270900927564,0.0
6950d3b79138,6950d3b79138,24hb_1xT,larger_origami,1-1,00eed7d2-d16f-4b2d-8284-9647c8a9adec,c8241463-0e85-45c4-b96b-7376ad3ab8ae,1,223620.00066670193,500,True,363,72.6,0.08880328759741019,0.0,0.08243096810887748,0.0778303829702885,0.17849353850519273,0.0
6950d3b79138,6950d3b79138,24hb_1xT,larger_origami,1-1,196acc86-5acb-480d-a74d-6ef9f23ef258,24840f1c-8b8b-494a-83ff-4309087a5ec2,1,223620.00066670193,500,True,499,99.8,0.08547590235106288,0.0,0.08541265729373747,0.0633613477369918,0.22640926965013158,0.0
6950d3b79138,6950d3b79138,24hb_1xT,larger_origami,1-1,0e907dd4-b040-422a-9e4c-a009e6855f6e,3201b3a5-cfa9-4023-a894-00d1dbe6045f,1,223620.00066670193,500,True,404,80.80000000000001,0.08538496913092763,0.0,0.09422856253550235,0.08908467967839301,0.17866539494652425,0.0
6950d3b79138,6950d3b79138,24hb_1xT,larger_origami,1-1,4fb04c20-5a73-4f40-a033-4c1426088510,5f63d842-e359-4ff4-b838-b16bea4f60ad,1,223620.00066670193,500,True,417,83.39999999999999,0.08423946447099646,0.0,0.09810181521634843,0.08841259880111894,0.23439622441494806,0.0
6950d3b79138,6950d3b79138,24hb_1xT,larger_origami,1-1,d116b887-9351-4d6b-9cc5-f486c518c7c7,d3ae2a98-445c-47cd-b7ac-e120d1425c8c,1,223620.00066670193,500,True,499,99.8,0.08207574184568688,2.0,0.082173071940924,0.06552274107031486,0.2062824759446792,2.004008016032064
6950d3b79138,6950d3b79138,24hb_1xT,larger_origami,1-1,046a3408-0803-4a19-87e4-8ae7ae5b5355,bfbf6737-84b6-44de-8f9d-a44e79eb4a37,1,223620.00066670193,500,True,500,100.0,0.08202768685139249,0.0,0.08202768685139249,0.0667738998483581,0.2153470739539754,0.0
6950d3b79138,6950d3b79138,24hb_1xT,larger_origami,1-1,97ccf4ef-a0ea-4bb8-9b30-55e35077891a,f8609418-c72e-4722-8324-0942958d75d2,1,223620.00066670193,500,True,467,93.4,0.08077987572492963,0.0,0.08005686696428414,0.06587018486656457,0.1737816921364698,0.0
6950d3b79138,6950d3b79138,24hb_1xT,larger_origami,1-1,72dd88d6-43c8-4af6-98e6-e44f3f800ade,80bd169c-b4cb-4e0c-99aa-28c5d22887a2,1,223620.00066670193,500,True,500,100.0,0.08035510235559859,0.0,0.08035510235559859,0.06003747848589029,0.21546033035092757,0.0
6950d3b79138,6950d3b79138,24hb_1xT,larger_origami,1-1,661051fa-8ca3-4a7e-8f97-0dd8be0ff513,830ddc91-3b4d-462c-b82a-c48937bdad2a,1,223620.00066670193,500,True,490,98.0,0.08003801208971291,0.0,0.08074849708317489,0.07279990073594088,0.17243151303046061,0.0
6950d3b79138,6950d3b79138,24hb_1xT,larger_origami,1-1,518c5c21-e68c-4553-9dfe-d659bc024d5a,560a0963-0331-4998-ad65-5ec3ab4e6ff2,1,223620.00066670193,500,True,109,21.8,0.07783643982292054,0.0,0.06960980147828683,0.06360305912360169,0.13529194900878086,0.0
6950d3b79138,6950d3b79138,24hb_1xT,larger_origami,1-1,0108b201-9852-4ac1-8bce-b59610bc26dd,27d95e9c-d7dc-4741-8e27-133c9455d9e4,1,223620.00066670193,500,True,497,99.4,0.07705824089342254,0.0,0.07689220058903626,0.07122342133797599,0.16397409707818172,0.0
6950d3b79138,6950d3b79138,24hb_1xT,larger_origami,1-1,5b560008-3ddb-4f2a-a9bc-2e996d848d7b,c8153e0e-815b-46f4-ab51-404f690f3841,1,223620.00066670193,500,True,500,100.0,0.07516484790098855,0.0,0.07516484790098855,0.04507015688131215,0.22313547449860102,0.0
6950d3b79138,6950d3b79138,24hb_1xT,larger_origami,1-1,384f24bb-8c82-416e-91a5-59246a53f153,a428cf6d-fed4-4dbb-89a6-98772c2e2893,1,223620.00066670193,500,True,499,99.8,0.07436035737916703,0.0,0.0744894003722802,0.05781415869548599,0.22899309880388352,0.0
6950d3b79138,6950d3b79138,24hb_1xT,larger_origami,1-1,2792a370-9500-4b93-bf07-975b779c92de,f2d53620-5a3c-4a20-97be-f819d9aedf83,1,223620.00066670193,500,True,456,91.2,0.07420788634133302,0.0,0.06765408560412198,0.04754416700418468,0.1869386902763846,0.0
6950d3b79138,6950d3b79138,24hb_1xT,larger_origami,1-1,72258902-2503-4a02-98b8-ea9fe7dc047c,91323e36-b0ea-4135-b6d3-6df4cde066a8,1,223620.00066670193,500,True,500,100.0,0.07365882458407469,0.0,0.07365882458407469,0.06582543756906663,0.17192763645360276,0.0
6950d3b79138,6950d3b79138,24hb_1xT,larger_origami,1-1,1586d05a-2974-4801-8c0d-f1ae25cf1522,30889ac1-4071-4294-a563-4da7afff7ec7,1,223620.00066670193,500,True,464,92.80000000000001,0.07166306227251223,0.0,0.07037676344140342,0.05956518552434155,0.16453735244084663,0.0
6950d3b79138,6950d3b79138,24hb_1xT,larger_origami,1-1,22269d2b-41d5-4782-b6e7-5f16c3680ed1,a439965d-c5d2-40ff-a48c-05b2bafdab11,1,223620.00066670193,500,True,499,99.8,0.0714412679295821,0.0,0.07155624700875368,0.06352835155508994,0.16626675456684473,0.0
6950d3b79138,6950d3b79138,24hb_1xT,larger_origami,1-1,d085cfc1-9eb4-469a-a5f9-65f9e08ee4fd,dbc17770-0f73-443d-a4cd-51b94aa7821a,1,223620.00066670193,500,True,500,100.0,0.06969496145906996,0.0,0.06969496145906996,0.053920292113884244,0.19194954158784736,0.0
6950d3b79138,6950d3b79138,24hb_1xT,larger_origami,1-1,6a1557ef-88ea-497f-8744-9770f0b91d64,a1c99055-13f4-4845-b341-965d00d824c0,1,223620.00066670193,500,True,498,99.6,0.06922395416247427,0.0,0.06925160706805716,0.06420964313798949,0.12631636172435137,0.0
6950d3b79138,6950d3b79138,24hb_1xT,larger_origami,1-1,9ec4b2ea-1f21-4942-a191-673b90de94db,b109e65d-e947-4bad-84ea-f98e60f264b5,1,223620.00066670193,500,True,500,100.0,0.06915897591945923,0.0,0.06915897591945923,0.06112258076745623,0.15495865707185177,0.0
6950d3b79138,6950d3b79138,24hb_1xT,larger_origami,1-1,e05d797c-8862-4fc2-9971-8c86f0e331a7,e4a24452-b485-49f2-bfc9-8569c0efd92d,1,223620.00066670193,500,True,500,100.0,0.06895668014513957,0.0,0.06895668014513957,0.061575611516560935,0.14260383762194498,0.0
6950d3b79138,6950d3b79138,24hb_1xT,larger_origami,1-1,24954e5b-be3b-44f2-b8cd-dd44da06e4b2,48e6d986-f1b4-41e1-adbf-081075375648,1,223620.00066670193,500,True,500,100.0,0.0688109454367067,0.0,0.0688109454367067,0.06152412771468105,0.1678990178295315,0.0
6950d3b79138,6950d3b79138,24hb_1xT,larger_origami,1-1,204af187-15ba-40eb-bf2b-f449ef24da8c,ef97c53c-561a-49c1-8140-6d047fa1a788,1,223620.00066670193,500,True,416,83.2,0.06792288700528676,0.0,0.06826737249275791,0.06425247471650815,0.13969136435334464,0.0
6950d3b79138,6950d3b79138,24hb_1xT,larger_origami,1-1,7c2c6ca9-8f8e-482e-9dc1-c8e5be0d7b3b,c097df59-9a2d-4371-89ce-133542ebfc6a,1,223620.00066670193,500,True,498,99.6,0.06752028316641244,0.0,0.06758835595190055,0.05137026657601063,0.16286201334899472,0.0
6950d3b79138,6950d3b79138,24hb_1xT,larger_origami,1-1,358432c8-6cc6-4625-b45b-784fe6aad417,fbfbc718-095a-4156-8dee-92692beb52d0,1,223620.00066670193,500,True,500,100.0,0.0642087406856689,0.0,0.0642087406856689,0.059740454923217265,0.1309639144987105,0.0
6950d3b79138,6950d3b79138,24hb_1xT,larger_origami,1-1,0b14310f-f609-4f17-827d-617d2892f883,bae28c32-9558-4e7b-979f-57ee13572012,1,223620.00066670193,500,True,393,78.60000000000001,0.06098319790274284,0.0,0.05599140137192965,0.044427089441938766,0.13758934903162767,0.0
6950d3b79138,6950d3b79138,24hb_1xT,larger_origami,1-1,0d9abdde-3a80-4c1c-b3b8-1b3ed54268db,115ac9a6-3bdb-4f84-b7ca-61ccd47060b5,1,223620.00066670193,500,True,423,84.6,0.06068402449461418,0.0,0.07111520687446182,0.06926294337787456,0.13476558444986028,0.0
6950d3b79138,6950d3b79138,24hb_1xT,larger_origami,1-1,47e1713c-7979-4dda-b198-6c16760d0e1a,c5e42cd5-3af5-4541-af17-83edb9b0d49c,1,223620.00066670193,500,True,346,69.19999999999999,0.060413777397006256,0.0,0.060729422062397946,0.05107616933398686,0.14776111150965815,0.0
6950d3b79138,6950d3b79138,24hb_1xT,larger_origami,1-1,24068314-ec17-469e-a0a3-dfe6d32f5abb,a0b9880e-f97f-4f88-a67f-433cd2db6b92,1,223620.00066670193,500,True,487,97.39999999999999,0.060337207887426816,0.0,0.058441826795050965,0.04394227143215431,0.15745641388882142,0.0
6950d3b79138,6950d3b79138,24hb_1xT,larger_origami,1-1,5a671f42-24cd-4b35-811a-1db943e3aab0,6c9054f4-dc3c-4e59-9322-671fb982cc65,1,223620.00066670193,500,True,500,100.0,0.05979401894731466,0.0,0.05979401894731466,0.045832486238263345,0.1647092613628708,0.0
6950d3b79138,6950d3b79138,24hb_1xT,larger_origami,1-1,a501b7c8-c2f9-4888-ba6d-41911dfd60ac,f01e032a-a6f8-4b04-a1d7-ade8c033dfc8,1,223620.00066670193,500,True,500,100.0,0.05924745427068001,0.0,0.05924745427068001,0.05212809905570917,0.12312907917852946,0.0
6950d3b79138,6950d3b79138,24hb_1xT,larger_origami,1-1,01720011-b376-498c-9bec-add33c7fe24a,27b1873c-fc41-4db8-ae58-9ea81cf24d03,1,223620.00066670193,500,True,500,100.0,0.05881204163746538,0.0,0.05881204163746538,0.049471731411497605,0.15996546388691768,0.0
6950d3b79138,6950d3b79138,24hb_1xT,larger_origami,1-1,bc4c7b45-1a87-458b-88bf-741359ee191c,c39b46d1-4349-4e75-b31c-272c503719cf,1,223620.00066670193,500,True,494,98.8,0.05697673257815658,0.0,0.057153225366300645,0.045859580369553454,0.14802679771291913,0.0
6950d3b79138,6950d3b79138,24hb_1xT,larger_origami,1-1,0ad7ae39-8197-454e-af53-b9ba949030cd,6d9db1ba-083b-4660-bfe4-33f7abc0121c,1,223620.00066670193,500,True,489,97.8,0.05670725764068932,0.0,0.05534631417069604,0.023318014682971757,0.19605128427878546,0.0
6950d3b79138,6950d3b79138,24hb_1xT,larger_origami,1-1,53994109-81bf-4127-838c-5119c6b6cf58,84a3bcb6-7f91-40b3-ad22-7ccce759dbdc,1,223620.00066670193,500,True,496,99.2,0.05659239974064861,0.0,0.05645939587893956,0.03568039050446841,0.18379385785719546,0.0
6950d3b79138,6950d3b79138,24hb_1xT,larger_origami,1-1,98d68dcd-4c9f-46a1-905f-3ad5e7cbb42b,e43660fc-5d44-4310-aaf7-de532f779232,1,223620.00066670193,500,True,462,92.4,0.05530688509955073,0.0,0.05491699130540604,0.03922883540770235,0.15808012890367562,0.0
6950d3b79138,6950d3b79138,24hb_1xT,larger_origami,1-1,38ef95d1-4004-46e3-8df5-f124aeec3b99,47e52319-a942-4e20-af37-49a82fdfe2bd,1,223620.00066670193,500,True,492,98.4,0.05476748506811956,0.0,0.05427869652192807,0.042538485230208284,0.14501590507123185,0.0
6950d3b79138,6950d3b79138,24hb_1xT,larger_origami,1-1,36967851-83cd-438c-81b0-08b6d4be0d01,9ff7f901-d86d-49c8-bf3f-e07ceb0f17cf,1,223620.00066670193,500,True,491,98.2,0.05468861699372722,0.0,0.05348743288084528,0.033502986933415455,0.15700384049063362,0.0
6950d3b79138,6950d3b79138,24hb_1xT,larger_origami,1-1,55e4d411-a605-4628-9b68-edc81840e626,f6f8ce8e-ac60-4875-a9b1-f0ce46b9a301,1,223620.00066670193,500,True,355,71.0,0.053884162161499424,0.0,0.06125473976178344,0.05577513898640596,0.12418963599168635,0.0
6950d3b79138,6950d3b79138,24hb_1xT,larger_origami,1-1,61ec0055-1ec8-49ea-b3be-4b5aca9dbeac,f06db6d5-bbe9-4647-abf3-37ad189528e5,1,223620.00066670193,500,True,500,100.0,0.053553347288718425,0.0,0.053553347288718425,0.04235933770621693,0.1493501672630803,0.0
6950d3b79138,6950d3b79138,24hb_1xT,larger_origami,1-1,33f45a0e-4ccc-4e5d-8024-2f8e181cf5f0,481ace58-83fe-45ed-b8fd-7aec96e1baa4,1,223620.00066670193,500,True,493,98.6,0.05275936151742518,0.2,0.05315738472349807,0.049237334123596245,0.12427836696146038,0.2028397565922921
6950d3b79138,6950d3b79138,24hb_1xT,larger_origami,1-1,43252891-1853-4fa3-9826-b7fc15099ff4,c1ddfeb1-cbcb-468e-bf2c-2dc1ce2fed2b,1,223620.00066670193,500,True,498,99.6,0.052627256857509,0.0,0.05234069745871967,0.046069258461875956,0.12355445596389163,0.0
6950d3b79138,6950d3b79138,24hb_1xT,larger_origami,1-1,0a6c02a8-1bc5-454c-89ef-818888fc7e77,8d303cb6-e390-4914-920a-a2b4e16a3d95,1,223620.00066670193,500,True,487,97.39999999999999,0.05254307563723405,0.0,0.05192340247440651,0.021880087234927004,0.1869259102655406,0.0
6950d3b79138,6950d3b79138,24hb_1xT,larger_origami,1-1,4606f285-a764-4a8f-af8e-56e86170a48b,c2afb419-ad3f-4a3d-9f4d-cb14ee73efcb,1,223620.00066670193,500,True,496,99.2,0.05119639186265698,0.0,0.051049252602753496,0.03857196571143725,0.13575162950290254,0.0
6950d3b79138,6950d3b79138,24hb_1xT,larger_origami,1-1,86d63cea-bcab-40d3-bfa8-e1a043228b54,cfe2bf6e-c11b-49a1-a6fd-7651f3049367,1,223620.00066670193,500,True,500,100.0,0.051135561143149676,0.6,0.051135561143149676,0.022827547849019587,0.19262660044063026,0.6
6950d3b79138,6950d3b79138,24hb_1xT,larger_origami,1-1,5cf784a9-a439-4b4e-891d-e57a2aff3826,872738b6-44fb-4534-9c9c-ebe79ebcd4a9,1,223620.00066670193,500,True,473,94.6,0.05109787336249872,0.0,0.052591897483438746,0.031681672408000745,0.1616648531032498,0.0
6950d3b79138,6950d3b79138,24hb_1xT,larger_origami,1-1,5387bf0a-4226-463b-8b3d-bf154ec6af19,f8323f05-3e18-4002-a1ce-f081b72e2930,1,223620.00066670193,500,True,499,99.8,0.050759532339076284,0.0,0.05083319248014533,0.035746259054392035,0.14651685778048584,0.0
6950d3b79138,6950d3b79138,24hb_1xT,larger_origami,1-1,2edb278f-5580-44ce-9af3-b285a7003c5c,b41e656a-f30c-4af9-a0ec-e64fb1124bec,1,223620.00066670193,500,True,500,100.0,0.050299121917377974,0.2,0.050299121917377974,0.02135170992631956,0.23070613165257184,0.2
6950d3b79138,6950d3b79138,24hb_1xT,larger_origami,1-1,151100eb-b035-4af4-8d77-b1a22311fdf3,e97650b7-c5d1-4327-8c68-046d743c29ba,1,223620.00066670193,500,True,500,100.0,0.05021014355120637,0.0,0.05021014355120637,0.037696100130472115,0.13212302976266915,0.0
6950d3b79138,6950d3b79138,24hb_1xT,larger_origami,1-1,2b1edf52-30de-4c06-8099-1ff41365a15e,7fc2a0f9-b070-4c08-bfbc-ccc3ed78db20,1,223620.00066670193,500,True,500,100.0,0.04995061593390109,0.0,0.04995061593390109,0.03522359918487998,0.1500797620019639,0.0
6950d3b79138,6950d3b79138,24hb_1xT,larger_origami,1-1,b93aa853-8d24-476a-84aa-8eb2b9d448e3,d71d841e-f1b0-4e95-8e4a-d75e2ecd63b3,1,223620.00066670193,500,True,391,78.2,0.04981235760635387,0.2,0.04407953872634886,0.01827789065003741,0.16284254669050124,0.2557544757033248
6950d3b79138,6950d3b79138,24hb_1xT,larger_origami,1-1,67a50056-e00d-4e9b-b8c0-8ea7a7756982,c254f47e-0d39-4c29-b6b5-91999ae8db7b,1,223620.00066670193,500,True,500,100.0,0.04914016043258641,0.0,0.04914016043258641,0.0381536686395377,0.12310480175559377,0.0
6950d3b79138,6950d3b79138,24hb_1xT,larger_origami,1-1,3e22a7ac-15d4-453d-810d-9a2e52837807,6adebd25-be98-49ac-b6c8-de92ae92fc0f,1,223620.00066670193,500,True,482,96.39999999999999,0.0489158110416017,0.0,0.04812784632063306,0.033884810751584934,0.13813880715078136,0.0
6950d3b79138,6950d3b79138,24hb_1xT,larger_origami,1-1,38219493-cc31-44ba-9cb2-309e1d4a33bc,85406cac-15d3-4f35-8315-f97221ca45d7,1,223620.00066670193,500,True,500,100.0,0.04705997711938667,0.0,0.04705997711938667,0.038813937117578995,0.10956912079211534,0.0
6950d3b79138,6950d3b79138,24hb_1xT,larger_origami,1-1,4e1deda7-a07a-4a7a-937b-ded155b6a206,6312bfff-39f5-4e72-9961-ab8f1576f44d,1,223620.00066670193,500,True,500,100.0,0.04674367728744039,0.0,0.04674367728744039,0.036848311657933924,0.1177066554064066,0.0
6950d3b79138,6950d3b79138,24hb_1xT,larger_origami,1-1,2484bc57-8b09-4c3c-9bfa-1b089e239062,3290c018-c49e-4e6d-8365-af6b198823b5,1,223620.00066670193,500,True,500,100.0,0.04652432816463809,0.2,0.04652432816463809,0.03212820948151747,0.1287179430600585,0.2
6950d3b79138,6950d3b79138,24hb_1xT,larger_origami,1-1,6b5b9100-ebd4-4963-a459-0b5f8b28a421,744acfaf-3a06-4db3-80b5-e7ad48016272,1,223620.00066670193,500,True,493,98.6,0.04640014579421037,0.0,0.046131567719711185,0.03531543712757078,0.13207920423895464,0.0
6950d3b79138,6950d3b79138,24hb_1xT,larger_origami,1-1,6ada92de-1c80-4a37-bb77-11f77bbe1c4a,d0a0dd47-d057-4eff-9141-a9d279e84f19,1,223620.00066670193,500,True,420,84.0,0.04597013805968739,0.0,0.04188393014080961,0.021499839599533672,0.13562002716833912,0.0
6950d3b79138,6950d3b79138,24hb_1xT,larger_origami,1-1,63f6a978-0cb8-4a07-99e9-bc9922285f57,a4bcab79-4f61-41e9-8e6d-8cfda4ac41c0,1,223620.00066670193,500,True,498,99.6,0.04577396073837458,0.0,0.04595564391579818,0.031109932419016356,0.1272717026780378,0.0
6950d3b79138,6950d3b79138,24hb_1xT,larger_origami,1-1,6c0c403b-17c3-4fbf-b5eb-49a8f7b6afff,ef4a9240-3ea5-4fe0-ab54-ecf73a6b3e93,1,223620.00066670193,500,True,500,100.0,0.045067316016080265,0.0,0.045067316016080265,0.0038118835916511468,0.17318536210777338,0.0
6950d3b79138,6950d3b79138,24hb_1xT,larger_origami,1-1,2e2911f6-a535-494c-93f7-1f94cbe0b71f,573fa9e0-463c-4779-bbbb-679c5da4d92d,1,223620.00066670193,500,True,479,95.8,0.04452414683105095,0.0,0.04422604527981402,0.036510530181370966,0.11310438707996137,0.0
6950d3b79138,6950d3b79138,24hb_1xT,larger_origami,1-1,614f0f4b-b9ed-4339-8368-3b0e4ec9f38c,8810a0e8-ad0f-4527-b97a-72ce17aadae4,1,223620.00066670193,500,True,498,99.6,0.043657377736182924,0.0,0.04346248977507403,0.025064257660507183,0.14197018472862732,0.0
6950d3b79138,6950d3b79138,24hb_1xT,larger_origami,1-1,b3d46c38-53e0-4548-9385-f316a9619c4a,b5ba8ab1-824c-4cee-8459-e56051ad2e07,1,223620.00066670193,500,True,305,61.0,0.04339312964946748,0.0,0.037751067888885284,0.0318359888558492,0.09525302859639899,0.0
6950d3b79138,6950d3b79138,24hb_1xT,larger_origami,1-1,e8f1710a-ff05-4481-8f87-3955e2f7199e,f4dfac38-e125-48c4-87fb-affb4b022ed3,1,223620.00066670193,500,True,500,100.0,0.04097617256302806,0.0,0.04097617256302806,0.01596128440478691,0.12676978971551883,0.0
6950d3b79138,6950d3b79138,24hb_1xT,larger_origami,1-1,893156fa-e45d-4141-8958-313ca31ba967,f9b2871b-2421-430b-a5a3-5a0e959f64cd,1,223620.00066670193,500,True,500,100.0,0.04084887534512309,0.0,0.04084887534512309,0.025719033106483557,0.13994237885745794,0.0
6950d3b79138,6950d3b79138,24hb_1xT,larger_origami,1-1,1530fe0a-976e-4b7f-8ab2-29eabfaf4d9a,834b6e84-243f-491e-9b43-2d20d461c2ae,1,223620.00066670193,500,True,500,100.0,0.04081942351053742,0.0,0.04081942351053742,0.03193405035981445,0.11370759426933616,0.0
6950d3b79138,6950d3b79138,24hb_1xT,larger_origami,1-1,5e7c1d93-dbdf-4c27-a393-c9ae9a70dfe4,8c0136d4-784a-4933-8ac9-f57887c7b45f,1,223620.00066670193,500,True,500,100.0,0.04053599950935906,0.0,0.04053599950935906,0.020390932723940526,0.15834562431436366,0.0
6950d3b79138,6950d3b79138,24hb_1xT,larger_origami,1-1,3cfa1dda-b7c6-41ea-a602-211cc0de6149,bd7a6687-878f-45a2-892c-d92615a93f6b,1,223620.00066670193,500,True,393,78.60000000000001,0.0400828397191119,0.0,0.031158422031072226,0.004015362240102041,0.11940622498698794,0.0
6950d3b79138,6950d3b79138,24hb_1xT,larger_origami,1-1,2b5a761e-62e3-4cd1-a623-f5f110c0e03c,d278c588-9d64-44a1-92a4-e9eaff5f0fba,1,223620.00066670193,500,True,427,85.39999999999999,0.03999281277480348,0.0,0.037073543640397666,0.02410708523709217,0.10626464442358584,0.0
6950d3b79138,6950d3b79138,24hb_1xT,larger_origami,1-1,41012d99-60f9-4444-8aa0-947d89957b97,f5915cdb-7bfb-4148-a908-275f6a0205ca,1,223620.00066670193,500,True,500,100.0,0.03941454435404643,0.0,0.03941454435404643,0.029692491358820308,0.1045596691230543,0.0
6950d3b79138,6950d3b79138,24hb_1xT,larger_origami,1-1,370f4fd7-56f8-4ba1-8a54-7b3bde917049,4434b70e-ed5f-4189-a55d-a0d966039386,1,223620.00066670193,500,True,500,100.0,0.039024562338944975,0.0,0.039024562338944975,0.006837129405225302,0.14433716341407524,0.0
6950d3b79138,6950d3b79138,24hb_1xT,larger_origami,1-1,bc4ace90-8c94-408f-8a5b-61756940396c,f258b62b-4ea3-4e98-b8a3-7c4ea84420dc,1,223620.00066670193,500,True,499,99.8,0.03811303178310232,0.0,0.0381681540303308,0.02447006012264965,0.12092698549758381,0.0
6950d3b79138,6950d3b79138,24hb_1xT,larger_origami,1-1,24631961-6da3-4264-a3d6-e14c9939f67b,9d3a6e5f-526a-462f-a21d-ad8d5217ec9d,1,223620.00066670193,500,True,499,99.8,0.037585181897313885,0.0,0.03765744994882071,0.004324104134474266,0.2698931098282216,0.0
6950d3b79138,6950d3b79138,24hb_1xT,larger_origami,1-1,2ea7b85e-997c-43a7-997e-0f8f3805b59d,d827c681-6c47-4a04-84c0-78b7f53617a4,1,223620.00066670193,500,True,476,95.19999999999999,0.03722693324392145,0.0,0.03710859596923062,0.010608356488641597,0.1310742323019774,0.0
6950d3b79138,6950d3b79138,24hb_1xT,larger_origami,1-1,12eca75d-13f2-4240-beec-28a39a2fc83e,7bddc6c5-5d4d-423e-ad67-67e1fe0d0dc4,1,223620.00066670193,500,True,430,86.0,0.03677995906670118,1.2,0.041324548404785326,0.011832866453728587,0.17090252167424125,1.3953488372093024
6950d3b79138,6950d3b79138,24hb_1xT,larger_origami,1-1,82ec16a7-8ea0-4467-a61b-2d4db11c6f4a,b8c09086-67c2-4e60-a676-ba8c4ef9208b,1,223620.00066670193,500,True,496,99.2,0.036739030518887945,0.0,0.036854044228371644,0.023936025441357242,0.11899674020167729,0.0
6950d3b79138,6950d3b79138,24hb_1xT,larger_origami,1-1,0eb1a6e7-97fb-4928-979b-a6cd8a8167e5,cd95dfb1-01a6-43fd-901c-97f9a860074f,1,223620.00066670193,500,True,428,85.6,0.03647778792203973,0.0,0.03432359347592921,0.02471192723581287,0.11126203083070511,0.0
6950d3b79138,6950d3b79138,24hb_1xT,larger_origami,1-1,03b5f3d3-c4e9-49d4-a161-59ab22303ccf,a0e4d7ac-5f69-44ec-93c5-dd0b30d13e46,1,223620.00066670193,500,True,500,100.0,0.035741164330335994,0.0,0.035741164330335994,0.020963834027205638,0.12346253667558764,0.0
6950d3b79138,6950d3b79138,24hb_1xT,larger_origami,1-1,5780b6a8-8173-406d-8515-d1d1fb76ba2e,fd5d07f5-4837-4ee2-ab8e-f690f5bc9ad1,1,223620.00066670193,500,True,500,100.0,0.03546435119722072,0.0,0.03546435119722072,0.020442982703042824,0.12455578499049637,0.0
6950d3b79138,6950d3b79138,24hb_1xT,larger_origami,1-1,12cadc63-992f-4bc8-afab-1368b64e9585,ca07dc84-1722-44be-bcdf-17e9c8fd263d,1,223620.00066670193,500,True,500,100.0,0.035152095453377594,0.0,0.035152095453377594,0.026045886444393637,0.10245485522739786,0.0
6950d3b79138,6950d3b79138,24hb_1xT,larger_origami,1-1,0ac02136-e3f0-4ae3-8282-f1b335b094fc,6f6babc3-c40e-4aa9-8af4-5f49c4d75af9,1,223620.00066670193,500,True,500,100.0,0.03479559860782407,0.0,0.03479559860782407,0.021744329105480693,0.10985269017413063,0.0
6950d3b79138,6950d3b79138,24hb_1xT,larger_origami,1-1,7d5b07a8-ea9f-45dc-8955-1ec6aec1b553,7e80bfa5-4f3d-4531-b490-2b8384d434e0,1,223620.00066670193,500,True,500,100.0,0.034776504668175334,0.0,0.034776504668175334,0.012856467851672056,0.12857913700922746,0.0
6950d3b79138,6950d3b79138,24hb_1xT,larger_origami,1-1,77277e0c-9334-4f5c-b315-24ebc9c9bb8f,b77ca303-ac3c-4cae-aac1-81546006b401,1,223620.00066670193,500,True,500,100.0,0.034226588328039674,0.0,0.034226588328039674,0.027443131387719408,0.0990702993244142,0.0
6950d3b79138,6950d3b79138,24hb_1xT,larger_origami,1-1,50e515c7-19cc-4c03-921c-4710318b353e,8277b98a-5711-4c34-beeb-b0c446d874ce,1,223620.00066670193,500,True,472,94.39999999999999,0.03402086776664282,0.0,0.03186801002924088,0.025378656849950765,0.08442891953571884,0.0
6950d3b79138,6950d3b79138,24hb_1xT,larger_origami,1-1,e2af78e1-01d4-41ff-b1a6-b6f6b2927131,f5d35f68-8e24-4160-a70f-dbe0b8adbd27,1,223620.00066670193,500,True,500,100.0,0.033548498311906934,0.0,0.033548498311906934,0.014859083972930707,0.11431596209731276,0.0
6950d3b79138,6950d3b79138,24hb_1xT,larger_origami,1-1,3d17e8f8-cd9d-47b0-8da3-e7ed94a44a9f,7ea896c5-bd1c-4437-8583-4eca5d21d834,1,223620.00066670193,500,True,275,55.00000000000001,0.03303679107066772,0.0,0.04047202236647709,0.031247633610645573,0.1038832246583469,0.0
6950d3b79138,6950d3b79138,24hb_1xT,larger_origami,1-1,44cc40b3-2856-428f-b0ba-244dad2e91ae,8c4dd7f9-d9db-468e-96b6-47c3d9408369,1,223620.00066670193,500,True,500,100.0,0.03290340648678286,0.0,0.03290340648678286,0.02777929298538241,0.07669730804803798,0.0
6950d3b79138,6950d3b79138,24hb_1xT,larger_origami,1-1,aa75483d-44c7-4cb0-9379-ab434b0bfcb0,d7b6ec0e-91f3-470a-8b7c-1344edc44046,1,223620.00066670193,500,True,500,100.0,0.0323313196795543,0.0,0.0323313196795543,0.0208615996776916,0.10205593945855108,0.0
6950d3b79138,6950d3b79138,24hb_1xT,larger_origami,1-1,4dad7b3f-594e-4ca8-aac4-d8cadf41501c,8f0fb0f5-acc0-4096-8d63-1ac6dfcee229,1,223620.00066670193,500,True,500,100.0,0.03160046130268125,0.0,0.03160046130268125,0.0233979318281253,0.09934320938160618,0.0
6950d3b79138,6950d3b79138,24hb_1xT,larger_origami,1-1,0f4a3835-40fb-440a-8667-4765a1afd9c7,f48d8f29-85cc-416e-94cf-151e788ba86d,1,223620.00066670193,500,True,500,100.0,0.03120590987494512,0.0,0.03120590987494512,0.019816991170443304,0.09880416045656551,0.0
6950d3b79138,6950d3b79138,24hb_1xT,larger_origami,1-1,369f2d55-4493-4d4a-8353-1cb4367af9ac,519a4656-8438-4a89-a870-9b01ad7995ba,1,223620.00066670193,500,True,499,99.8,0.030781873521532176,0.0,0.030813390115839,0.020564177637361084,0.09486458995870754,0.0
6950d3b79138,6950d3b79138,24hb_1xT,larger_origami,1-1,735f3815-75bc-4443-af88-6ef5468d00e3,ddd8a398-4d30-48fe-982c-e85f8b00e27b,1,223620.00066670193,500,True,500,100.0,0.030739220747255838,0.0,0.030739220747255838,0.0182774589284626,0.1211714326084232,0.0
6950d3b79138,6950d3b79138,24hb_1xT,larger_origami,1-1,a648f8cf-9799-4d67-8cf8-332143cfe7c0,e96b3d76-228a-4bef-815c-2e54ce6bb610,1,223620.00066670193,500,True,477,95.39999999999999,0.030100014816180833,0.0,0.029809456853026307,0.018323924278167397,0.10541935529700869,0.0
6950d3b79138,6950d3b79138,24hb_1xT,larger_origami,1-1,103ece6f-67c3-4c86-b1e6-9b1fde77deaa,8fdb431f-1974-48fc-943a-6f8ac39c0283,1,223620.00066670193,500,True,500,100.0,0.029741948809546847,0.0,0.029741948809546847,0.020263161330389124,0.09588461823692267,0.0
6950d3b79138,6950d3b79138,24hb_1xT,larger_origami,1-1,6cbd8fb2-95f2-4897-9899-e15e61ed372b,8f326290-011a-45f0-87fd-80272646aa3a,1,223620.00066670193,500,True,500,100.0,0.028554278971083927,0.0,0.028554278971083927,0.01476461933355354,0.10322464496263317,0.0
6950d3b79138,6950d3b79138,24hb_1xT,larger_origami,1-1,66015e9c-5bcc-4714-b87d-38de449ca47c,7aec9dc3-1624-4f48-bd0c-fc2153c35da9,1,223620.00066670193,500,True,500,100.0,0.027695397497313527,0.0,0.027695397497313527,0.01139200737832501,0.12279146804900387,0.0
6950d3b79138,6950d3b79138,24hb_1xT,larger_origami,1-1,68d2db72-e848-4019-b689-a6851ba9552c,9e71fd30-b0db-4bf5-9596-39fd97eaf6bc,1,223620.00066670193,500,True,500,100.0,0.02748494350199362,0.0,0.02748494350199362,0.002434410430846176,0.13066805146044366,0.0
6950d3b79138,6950d3b79138,24hb_1xT,larger_origami,1-1,80c2fe63-0b54-49d1-8810-847fcc0d93a1,ee37c501-52fb-40f0-b08b-709cee80dbcd,1,223620.00066670193,500,True,489,97.8,0.027362177388807578,0.0,0.02575755295327876,0.016919648910787555,0.08387840251863261,0.0
6950d3b79138,6950d3b79138,24hb_1xT,larger_origami,1-1,b2a5f5c4-0ed3-4943-a5df-58da43d3c382,fd7a3b24-7e76-4a72-bb9e-a811b5bbe464,1,223620.00066670193,500,True,500,100.0,0.02677891049982881,0.0,0.02677891049982881,0.008205565576856397,0.11968065589573593,0.0
6950d3b79138,6950d3b79138,24hb_1xT,larger_origami,1-1,90d965c9-48c1-4470-aaf8-cd1db2f2ff02,a4ad0c7a-b103-4647-b696-e6e5f6ae9634,1,223620.00066670193,500,True,500,100.0,0.026415136755200182,0.0,0.026415136755200182,0.02356139289916029,0.06866504029812866,0.0
6950d3b79138,6950d3b79138,24hb_1xT,larger_origami,1-1,74ba5019-a759-4d80-a1c9-6c87842ed0e5,cb8a5808-972d-4666-9942-7e5844d728a2,1,223620.00066670193,500,True,482,96.39999999999999,0.026392586747936826,0.0,0.02672576765050193,0.016212090847953872,0.08806293425786273,0.0
6950d3b79138,6950d3b79138,24hb_1xT,larger_origami,1-1,76269307-3d96-42d4-9626-0a4ce13737d1,b67fc17f-4b34-4a49-824a-8a15736f1360,1,223620.00066670193,500,True,351,70.19999999999999,0.025616493839889256,0.0,0.0360457394074469,0.008713995696322325,0.14194550409540835,0.0
6950d3b79138,6950d3b79138,24hb_1xT,larger_origami,1-1,641d2e2b-34ed-4651-9c49-65ae108c9f55,b67e23a7-323c-42bb-a676-98ce2f095bea,1,223620.00066670193,500,True,500,100.0,0.024262943193097724,0.0,0.024262943193097724,0.013602634971782119,0.07844011505199268,0.0
6950d3b79138,6950d3b79138,24hb_1xT,larger_origami,1-1,3bc48f43-04a8-4de5-8c6a-ff921b1eeca3,4114d449-4578-4954-b979-2efd4e01f5a0,1,223620.00066670193,500,True,500,100.0,0.02396460784935186,0.0,0.02396460784935186,0.017894690384453148,0.07182819443535722,0.0
6950d3b79138,6950d3b79138,24hb_1xT,larger_origami,1-1,240cb931-d7ce-488d-b6ee-df0a8c3ea16d,e5f906a8-c587-433b-ba7d-e7e2960c1464,1,223620.00066670193,500,True,494,98.8,0.023817122433998122,0.0,0.0239301034560915,0.010567492074861212,0.08088581181655694,0.0
6950d3b79138,6950d3b79138,24hb_1xT,larger_origami,1-1,2e762013-7314-4fb8-a89a-14d507b74748,3e7978a9-ef14-465e-81e6-9497ec8a0872,1,223620.00066670193,500,True,473,94.6,0.021610301795681904,0.0,0.022053144058036534,0.005524211719539141,0.10196216436288574,0.0
6950d3b79138,6950d3b79138,24hb_1xT,larger_origami,1-1,6118519d-6e57-4663-b2a2-20637e3a1e57,ae35b8d6-1ffe-4316-beb0-1d202775f3ee,1,223620.00066670193,500,True,500,100.0,0.020616030535465117,0.0,0.020616030535465117,0.009802622250188884,0.08073616221243927,0.0
6950d3b79138,6950d3b79138,24hb_1xT,larger_origami,1-1,2373e03e-d887-406e-9987-5023792ebf08,6fe20908-ccb8-464e-9784-00226014b623,1,223620.00066670193,500,True,494,98.8,0.020272953183091764,0.0,0.019650952968205234,0.011528018883497979,0.06274978109140526,0.0
6950d3b79138,6950d3b79138,24hb_1xT,larger_origami,1-1,12808c30-2581-45e2-a58c-017e71a6f991,51b9ecd3-7362-4356-81ee-2c443729a022,1,223620.00066670193,500,True,337,67.4,0.019945218844476025,0.0,0.022857340006261138,0.009644984243140321,0.08282612806773364,0.0
6950d3b79138,6950d3b79138,24hb_1xT,larger_origami,1-1,38918e77-568c-44e9-a915-70766b3e848c,72d45acb-11a6-41d0-8a81-9378e417a56c,1,223620.00066670193,500,True,500,100.0,0.0193248961083836,0.0,0.0193248961083836,0.01279383050778911,0.0626208186680101,0.0
6950d3b79138,6950d3b79138,24hb_1xT,larger_origami,1-1,9c73f442-3739-40a5-bc92-7e39b56079d7,ec429129-8499-4362-8fca-832f5c024601,1,223620.00066670193,500,True,500,100.0,0.019262662700073995,0.0,0.019262662700073995,0.007261851711386847,0.07867956108854114,0.0
6950d3b79138,6950d3b79138,24hb_1xT,larger_origami,1-1,f2ec0423-2350-44e6-8361-b91166f38997,f76d1897-7304-4ff3-b267-7cf8c6711069,1,223620.00066670193,500,True,500,100.0,0.018750534398154856,0.0,0.018750534398154856,0.004356830524822176,0.1064417987514996,0.0
6950d3b79138,6950d3b79138,24hb_1xT,larger_origami,1-1,50cb7a62-a66a-4136-b9d6-92d54ad6d8ea,6a2c3306-82b8-4d8d-a582-ce9a16445898,1,223620.00066670193,500,True,500,100.0,0.01814421228787466,0.0,0.01814421228787466,0.006631034304690104,0.07739142825464707,0.0
6950d3b79138,6950d3b79138,24hb_1xT,larger_origami,1-1,065926d9-201f-46fc-839e-608d216cb75f,6a1d297e-9af2-4587-a1be-cdc2f0e075c1,1,223620.00066670193,500,True,500,100.0,0.01814146603958038,0.0,0.01814146603958038,0.0021939420511705404,0.07976211314724814,0.0
6950d3b79138,6950d3b79138,24hb_1xT,larger_origami,1-1,52382c34-09e7-469f-8d47-0640ef24efa3,65e75c01-b27f-46fd-aac6-50824c09de68,1,223620.00066670193,500,True,500,100.0,0.01812347370793538,0.0,0.01812347370793538,0.010522751046577263,0.059471025885153676,0.0
6950d3b79138,6950d3b79138,24hb_1xT,larger_origami,1-1,29262fb1-da8d-483e-a825-ca162bc3a9db,b41d3fbe-7d34-46c7-aa51-5a1e07487f94,1,223620.00066670193,500,True,500,100.0,0.018113459255002323,0.0,0.018113459255002323,0.010172697568985263,0.07240180417703572,0.0
6950d3b79138,6950d3b79138,24hb_1xT,larger_origami,1-1,857b4a60-2e01-407f-9cfa-9069d4db3f8a,b79ecc85-5bc0-4259-b3e1-6df4c9b2815b,1,223620.00066670193,500,True,487,97.39999999999999,0.018014123422594133,0.0,0.018349303562659743,0.005277898244790738,0.09970066468087947,0.0
6950d3b79138,6950d3b79138,24hb_1xT,larger_origami,1-1,35bcf917-aea3-42b1-8afe-2210b6d9c30b,bb0421f4-3f05-408d-8b9b-4731f6a832e5,1,223620.00066670193,500,True,500,100.0,0.017856497756147772,0.0,0.017856497756147772,0.0035545558181695044,0.08343363801191264,0.0
6950d3b79138,6950d3b79138,24hb_1xT,larger_origami,1-1,3a612d78-eaef-4381-8680-a1e2de1c210e,5ce5092e-3f86-4673-8397-74863ae859c0,1,223620.00066670193,500,True,500,100.0,0.01781971577412929,0.0,0.01781971577412929,0.012248268709561682,0.057329680311775766,0.0
6950d3b79138,6950d3b79138,24hb_1xT,larger_origami,1-1,8e3e09c4-2724-4ba0-b86a-60e47c2fa726,b2b4c53f-df18-4b46-a92c-3d4d54bf637d,1,223620.00066670193,500,True,499,99.8,0.017649422856250204,0.0,0.017664907818895167,0.005708799436109746,0.07986644449120073,0.0
6950d3b79138,6950d3b79138,24hb_1xT,larger_origami,1-1,c0c289cd-3590-4520-ad4b-be29bffba230,d648979f-44ef-47b3-a750-5093b0f8471b,1,223620.00066670193,500,True,500,100.0,0.017083406850855732,0.0,0.017083406850855732,0.012690330997001852,0.06428446984850823,0.0
6950d3b79138,6950d3b79138,24hb_1xT,larger_origami,1-1,240f0cd7-526d-4b70-b3dc-0a5a58958ee9,2b62857e-62d9-4b38-85b8-19f197b0a60a,1,223620.00066670193,500,True,500,100.0,0.016894763315834345,0.0,0.016894763315834345,0.004770059215598067,0.08314005967498189,0.0
6950d3b79138,6950d3b79138,24hb_1xT,larger_origami,1-1,a37c0f40-d971-4185-883b-7074af3b81d5,d059f014-f371-487b-8c2d-78e0e5163d22,1,223620.00066670193,500,True,495,99.0,0.016524364417194355,0.0,0.016586224116338363,0.007822903229123048,0.06429893519333413,0.0
6950d3b79138,6950d3b79138,24hb_1xT,larger_origami,1-1,5ed4d614-e61b-4a4f-81ff-ce2595c9485d,c7f664e2-265a-464e-9fac-3858f5a158ee,1,223620.00066670193,500,True,500,100.0,0.014758408963113454,0.0,0.014758408963113454,0.010780400709717024,0.03569922626712546,0.0
6950d3b79138,6950d3b79138,24hb_1xT,larger_origami,1-1,64448003-2326-458f-b045-ec1d71299c52,7eb2836f-e25e-483d-a7c4-4245329f0fff,1,223620.00066670193,500,True,500,100.0,0.014670796723427694,0.0,0.014670796723427694,0.001999380374884838,0.11170101319099258,0.0
6950d3b79138,6950d3b79138,24hb_1xT,larger_origami,1-1,678bc60c-d525-41c7-8116-4dd040edeeb1,690745d2-1971-4682-9248-57cc0caed4c3,1,223620.00066670193,500,True,500,100.0,0.014274286669422613,0.0,0.014274286669422613,0.009791701753486513,0.04159124314545303,0.0
6950d3b79138,6950d3b79138,24hb_1xT,larger_origami,1-1,156d78a7-3d3f-40ae-af39-69921b059b1a,aa0369b8-0d5a-4b95-82cb-2e46a3bfba3c,1,223620.00066670193,500,True,485,97.0,0.014093087959743685,0.0,0.014408739047495707,0.0020704280044814946,0.09665129465895067,0.0
6950d3b79138,6950d3b79138,24hb_1xT,larger_origami,1-1,2e49de2c-9fba-427c-a1e5-b1715fe8a7d0,b3e43ba8-67cc-4567-9bae-1e9eb834dcf9,1,223620.00066670193,500,True,500,100.0,0.01313917185316283,0.0,0.01313917185316283,0.004395013844382782,0.0554711564989617,0.0
6950d3b79138,6950d3b79138,24hb_1xT,larger_origami,1-1,43579f1e-ca05-423d-97f0-6f9999d27461,53c91750-ab69-4c1f-abc4-02721c5af1b6,1,223620.00066670193,500,True,500,100.0,0.01242260137264825,0.0,0.01242260137264825,0.0067183165638608315,0.04083107915898295,0.0
6950d3b79138,6950d3b79138,24hb_1xT,larger_origami,1-1,e63b1492-a863-42c6-a8c9-9e759cbedbd8,f96ab93c-ef8e-428b-ab94-8cd8bb8d7d7a,1,223620.00066670193,500,True,476,95.19999999999999,0.012119804336162112,0.0,0.012613717903083558,0.005749364600303834,0.054655340070560866,0.0
6950d3b79138,6950d3b79138,24hb_1xT,larger_origami,1-1,20413af3-cae5-4f43-a85a-af74fa44a003,e9d62497-6f50-4daf-8d50-e4e3fde2a3dd,1,223620.00066670193,500,True,500,100.0,0.011636399774870848,0.0,0.011636399774870848,0.004072381809630659,0.04864744543958301,0.0
6950d3b79138,6950d3b79138,24hb_1xT,larger_origami,1-1,e6c19bbf-60fd-43bb-8d95-798dee05ca30,fb6d7c5e-730e-4247-85c3-b7eed558818f,1,223620.00066670193,500,True,497,99.4,0.011333822976602511,0.0,0.011390199680639071,0.0021603134126382934,0.04107334553378284,0.0
6950d3b79138,6950d3b79138,24hb_1xT,larger_origami,1-1,a93b29a9-82af-4a13-b4e8-af398f01284b,e480da35-f7b3-4317-ac15-d1bd0b0d0629,1,223620.00066670193,500,True,500,100.0,0.01127501415002725,0.0,0.01127501415002725,0.009547235072728328,0.027522401692001718,0.0
6950d3b79138,6950d3b79138,24hb_1xT,larger_origami,1-1,536929b8-d7a1-47e2-b5dd-c5451e6081e6,a52b29b0-66ab-4d37-a2e8-b6c52432cc00,1,223620.00066670193,500,True,500,100.0,0.010534734502570142,0.0,0.010534734502570142,0.0026892943152694478,0.04639789454147799,0.0
6950d3b79138,6950d3b79138,24hb_1xT,larger_origami,1-1,416620c8-356e-469f-8254-d632e3ed777b,d760a396-1092-4a9b-9e2f-1bd47a6ac7ab,1,223620.00066670193,500,True,500,100.0,0.01041715470169239,0.0,0.01041715470169239,0.002417986634227463,0.0383958737833995,0.0
6950d3b79138,6950d3b79138,24hb_1xT,larger_origami,1-1,98c49613-59a6-464d-a8f5-5e21a0afed14,a3e497f5-3295-42de-a7af-bc31675a2d2c,1,223620.00066670193,500,True,490,98.0,0.010010438868349104,0.0,0.009805712339461368,0.0018283929417181677,0.05167014176568335,0.0
6950d3b79138,6950d3b79138,24hb_1xT,larger_origami,1-1,0328fb72-1c1e-467a-b86d-63944a9690bd,9765a4d6-1b29-444b-b73a-21ed7589c99e,1,223620.00066670193,500,True,499,99.8,0.009766940285093178,0.0,0.009783596951488656,0.004539277847521388,0.0372339129059012,0.0
6950d3b79138,6950d3b79138,24hb_1xT,larger_origami,1-1,b581c73a-2329-436e-9fa6-63353ad48b3f,e2d4e8e4-e1c2-4247-b7c1-94c0f11628e8,1,223620.00066670193,500,True,500,100.0,0.009353038436800026,0.0,0.009353038436800026,0.004449445364450256,0.03169397572206165,0.0
6950d3b79138,6950d3b79138,24hb_1xT,larger_origami,1-1,262a54da-689c-4410-a918-aab4e7067bae,bd2ad03e-12a1-4905-8e87-8052564ae775,1,223620.00066670193,500,True,491,98.2,0.00889138725619241,0.0,0.009021620237936125,0.002626171770567718,0.04495824803928274,0.0
6950d3b79138,6950d3b79138,24hb_1xT,larger_origami,1-1,3dad1467-f378-40a5-b1d3-3f9a893e5245,b884c651-8b4f-475d-973f-6c16a2662004,1,223620.00066670193,500,True,500,100.0,0.008813684421043768,0.0,0.008813684421043768,0.002676059032590385,0.03633818282493395,0.0
6950d3b79138,6950d3b79138,24hb_1xT,larger_origami,1-1,37b808f7-0aba-4bb8-ad6d-5665602767ff,dde97cec-4e6b-42f4-bab4-30f9861d2ac3,1,223620.00066670193,500,True,500,100.0,0.008582366842453379,0.0,0.008582366842453379,0.005240087886668316,0.02790818858011768,0.0
6950d3b79138,6950d3b79138,24hb_1xT,larger_origami,1-1,7b1e185a-d2c0-49f0-a946-6f539e69c6ef,8a83746a-e453-4b10-abbe-c6ddb486c149,1,223620.00066670193,500,True,500,100.0,0.007968654516845242,0.0,0.007968654516845242,0.002509863775872031,0.028397593328376176,0.0
6950d3b79138,6950d3b79138,24hb_1xT,larger_origami,1-1,67f97e34-c7ff-4cde-b0a5-48dac6180efa,aec6e8d3-9ed2-4b80-b2fe-549473cbfe29,1,223620.00066670193,500,True,495,99.0,0.007701555614525098,0.0,0.007749948697057379,0.0026029002542948647,0.032250502604236626,0.0
6950d3b79138,6950d3b79138,24hb_1xT,larger_origami,1-1,6be7b53f-b966-4cb6-85b4-47ff0dc7305f,9fc5ba79-cf91-40ef-8608-a9a9d590d038,1,223620.00066670193,500,True,499,99.8,0.006815633845209569,0.0,0.006775805595020152,0.0035232955020501567,0.021909302177261513,0.0
6950d3b79138,6950d3b79138,24hb_1xT,larger_origami,1-1,62fb05ce-0f7d-47cd-8220-2c73ed389794,b7e9025e-267f-4a8a-8ce3-72c3ca4c3349,1,223620.00066670193,500,True,500,100.0,0.006399212849183497,0.0,0.006399212849183497,0.002254277194745111,0.019164662713938296,0.0
6950d3b79138,6950d3b79138,24hb_1xT,larger_origami,1-1,3d451171-8a12-49ea-b124-33e624530707,a9589006-ca5b-4add-9e1b-73daf2b23555,1,223620.00066670193,500,True,136,27.200000000000003,0.006075529512256041,0.0,0.011104830632576309,0.006681689961272504,0.04113581913845161,0.0
6950d3b79138,6950d3b79138,24hb_1xT,larger_origami,1-1,8314332c-805f-4a84-bd08-726d80125c45,e3d89535-aacf-4083-8529-ac78783d1da6,1,223620.00066670193,500,True,500,100.0,0.004898957720910203,0.0,0.004898957720910203,0.0017158259644004217,0.019646093812150146,0.0
6950d3b79138,6950d3b79138,24hb_1xT,larger_origami,1-1,43bfbe75-278c-46f3-a072-43da8e569d31,9684b434-653b-49d4-a554-6eda264a2b82,1,223620.00066670193,500,True,493,98.6,0.004872468199936552,0.0,0.004879929514569881,0.001585653719976047,0.020449377854793404,0.0
6950d3b79138,6950d3b79138,24hb_1xT,larger_origami,1-1,1bbd08be-708f-49e6-826e-4e2a62371e01,348ecb0f-584c-4018-88d3-90def7a83393,1,223620.00066670193,500,True,452,90.4,0.0035125446452964055,0.0,0.003628564653514991,0.0019571596127016797,0.011802678064393292,0.0
9cd897159f47,9cd897159f47,2hb_1-2xT,2hb,1-2,4a12dd44-bce2-46be-8296-093ce52d2ec9,54c5689d-127b-4693-bc11-f51121719fad,2,999990.0029813759,500,True,168,33.6,0.06837986303703739,1.0,0.09461592102356683,0.07330300578988674,0.251018468404204,0.0
029a76c6a59f,029a76c6a59f,2hb_2xT,2hb,2-2,4a12dd44-bce2-46be-8296-093ce52d2ec9,54c5689d-127b-4693-bc11-f51121719fad,4,999980.0029813461,500,True,27,5.4,0.05379537928102903,0.0,0.1631132272788132,0.17425666593837968,0.23345676520462896,0.0
da4af0483372,da4af0483372,2hb_2xT,2hb,2-2,4a12dd44-bce2-46be-8296-093ce52d2ec9,54c5689d-127b-4693-bc11-f51121719fad,4,499980.00149064325,500,True,112,22.400000000000002,0.033866970924918936,1.0,0.043243943385408865,0.031038784327818057,0.11366909978511507,0.8928571428571428
7d5937e569c6,7d5937e569c6,2hb_1xT,2hb,1-1,4a12dd44-bce2-46be-8296-093ce52d2ec9,54c5689d-127b-4693-bc11-f51121719fad,1,12250.00003652222,500,True,500,100.0,0.043963622435167736,0.0,0.043963622435167736,0.03625989420143454,0.1075464015959992,0.0
613dc2a5bab1,613dc2a5bab1,2hb_2xT,2hb,2-2,4a12dd44-bce2-46be-8296-093ce52d2ec9,54c5689d-127b-4693-bc11-f51121719fad,4,499980.00149064325,500,True,270,54.0,0.2749819397800338,16.2,0.22846627757984647,0.20007611564113692,0.5057557007197613,16.666666666666664
4c0ba3a85587,7d5937e569c6,2hb_1xT,2hb,1-1,4a12dd44-bce2-46be-8296-093ce52d2ec9,54c5689d-127b-4693-bc11-f51121719fad,1,799980.002385065,500,True,191,38.2,0.009469109632149397,0.0,0.009878604749036683,0.007606805211791419,0.02409450676735909,0.0
00e55345847a,00e55345847a,6hb_2xT,larger_origami,2-2,a24c19c0-af3d-4a37-812b-3eeae7d7643e,bbaebf97-40b6-40c9-92ef-a9ff601820fc,4,1460.0000043528523,147,True,147,100.0,0.1954195458543745,0.0,0.1954195458543745,0.18606358873065024,0.3250356264198588,0.0
00e55345847a,00e55345847a,6hb_2xT,larger_origami,2-2,46f301e7-006a-464f-8cd9-709d2ef35e4a,a9fec5a5-9462-4d69-8506-528ad6d779ec,4,1460.0000043528523,147,True,147,100.0,0.17007920688821052,0.0,0.17007920688821052,0.15988584307352524,0.2891491595024942,0.0
00e55345847a,00e55345847a,6hb_2xT,larger_origami,2-2,2a28e63b-4756-43dd-bb45-5435edd57bd9,a29b35ed-406c-4b0c-add8-ef4f1822374e,4,1460.0000043528523,147,True,147,100.0,0.14214731056608998,0.0,0.14214731056608998,0.14422306067604584,0.28003958485780645,0.0
00e55345847a,00e55345847a,6hb_2xT,larger_origami,2-2,accc07e6-a6df-431d-9090-d24cf77a8ec9,f03fbd93-0a6c-4e2c-a8ae-445c7ffb95bb,4,1460.0000043528523,147,True,147,100.0,0.1266974431988925,0.6802721088435374,0.1266974431988925,0.09320900691180463,0.27566354556156697,0.6802721088435374
00e55345847a,00e55345847a,6hb_2xT,larger_origami,2-2,584b1faa-b569-4dcb-b382-cc95fdaa75cf,8c96d10b-f047-444f-ad3b-740f2c963bd5,4,1460.0000043528523,147,True,147,100.0,0.0876536740581319,0.0,0.0876536740581319,0.0855930403579632,0.120960465292439,0.0
00e55345847a,00e55345847a,6hb_2xT,larger_origami,2-2,27508db6-884d-4b1e-8435-e1be95a32e0a,7cd35475-6a13-4004-b446-e67e71bd2de4,4,1460.0000043528523,147,True,147,100.0,0.043944607606358044,0.0,0.043944607606358044,0.011910292980495531,0.22926912353340015,0.0
00e55345847a,00e55345847a,6hb_2xT,larger_origami,2-2,41fcc558-4b99-4f21-9707-916061a18848,ab80dac9-8463-4a42-9475-c57dfcaee96d,4,1460.0000043528523,147,True,147,100.0,0.05233120649432024,0.0,0.05233120649432024,0.050948153633444675,0.10437984608558051,0.0
00e55345847a,00e55345847a,6hb_2xT,larger_origami,2-2,d4de6f31-daf5-4f47-957b-4d6ab02dea6b,ebabccd4-7c2c-4786-88ae-06a3b0a41446,4,1460.0000043528523,147,True,147,100.0,0.01502238095208305,0.0,0.01502238095208305,0.008985742977672474,0.04067495141556308,0.0
00e55345847a,00e55345847a,6hb_2xT,larger_origami,2-2,57ec5181-4756-48fa-8a32-d5a6d5aa5acc,73481d3c-7035-492d-8733-a4943de2d919,4,1460.0000043528523,147,True,147,100.0,0.00586823998063063,0.0,0.00586823998063063,0.0057540007487560255,0.009480793933014422,0.0
00e55345847a,00e55345847a,6hb_2xT,larger_origami,2-2,04df3cd6-271d-4b2b-bbce-e067da20c9ce,e9b0bf88-e7ca-4c82-b297-7a121ab0b6d1,4,1460.0000043528523,147,True,147,100.0,0.004002828995069777,0.0,0.004002828995069777,0.003816236205082108,0.0058770672423164505,0.0
85d6a243d6b5,85d6a243d6b5,2hb_1-2xT,2hb,1-2,4a12dd44-bce2-46be-8296-093ce52d2ec9,54c5689d-127b-4693-bc11-f51121719fad,2,499980.00149064325,500,True,166,33.2,0.04333215107671137,0.2,0.062206046189041825,0.030913879090964283,0.19122932778141113,0.6024096385542169
7f3c3dadb527,7f3c3dadb527,2hb_1-2xT,2hb,1-2,4a12dd44-bce2-46be-8296-093ce52d2ec9,54c5689d-127b-4693-bc11-f51121719fad,2,499980.00149064325,500,True,292,58.4,0.0298012713183523,0.0,0.037514976887174756,0.014810175768272586,0.1659330451874708,0.0
e6d49ff6d011,e6d49ff6d011,2hb_2-1xT,2hb,1-2,4a12dd44-bce2-46be-8296-093ce52d2ec9,54c5689d-127b-4693-bc11-f51121719fad,2,999990.0029813759,500,True,84,16.8,0.0590345063720204,4.0,0.056419821392609114,0.014429034277701813,0.2842347450150504,3.571428571428571
bfd050d2ce4c,bfd050d2ce4c,2hb_2xT,2hb,2-2,4a12dd44-bce2-46be-8296-093ce52d2ec9,54c5689d-127b-4693-bc11-f51121719fad,4,199700.00059538675,500,True,500,100.0,0.04555394841735721,0.2,0.04555394841735721,0.02727873951171383,0.1643435844220157,0.2
29c5b267380f,e4a49b2057a5,2hb_1xT,2hb,1-1,4a12dd44-bce2-46be-8296-093ce52d2ec9,54c5689d-127b-4693-bc11-f51121719fad,1,199990.00059625134,500,True,445,89.0,0.06371454659413545,0.0,0.06323629854344566,0.057197214202700596,0.1423259833009137,0.0
fc12195d0636,fc12195d0636,24hb_2xT,larger_origami,2-2,046a3408-0803-4a19-87e4-8ae7ae5b5355,bfbf6737-84b6-44de-8f9d-a44e79eb4a37,4,215490.00064246313,500,True,500,100.0,0.2619699809805556,7.199999999999999,0.2619699809805556,0.24993895707933145,0.451510732340827,7.199999999999999
fc12195d0636,fc12195d0636,24hb_2xT,larger_origami,2-2,25ccdd1b-b891-4a53-b44a-b5871d5be831,393bdf1c-4f8d-4630-85a0-16d89f7209ba,4,215490.00064246313,500,True,500,100.0,0.2718105803475082,18.6,0.2718105803475082,0.26869268573177507,0.45548182213305693,18.6
fc12195d0636,fc12195d0636,24hb_2xT,larger_origami,2-2,240cb931-d7ce-488d-b6ee-df0a8c3ea16d,e5f906a8-c587-433b-ba7d-e7e2960c1464,4,215490.00064246313,500,True,500,100.0,0.2492507580923433,9.2,0.2492507580923433,0.24102978991534252,0.42955405233809835,9.2
fc12195d0636,fc12195d0636,24hb_2xT,larger_origami,2-2,22269d2b-41d5-4782-b6e7-5f16c3680ed1,a439965d-c5d2-40ff-a48c-05b2bafdab11,4,215490.00064246313,500,True,499,99.8,0.2634930009247764,29.4,0.2635165355508981,0.2514890929286038,0.501367125617029,29.458917835671343
fc12195d0636,fc12195d0636,24hb_2xT,larger_origami,2-2,5a671f42-24cd-4b35-811a-1db943e3aab0,6c9054f4-dc3c-4e59-9322-671fb982cc65,4,215490.00064246313,500,True,500,100.0,0.21188632389614048,21.8,0.21188632389614048,0.19646918040224703,0.4879520832411546,21.8
fc12195d0636,fc12195d0636,24hb_2xT,larger_origami,2-2,63f6a978-0cb8-4a07-99e9-bc9922285f57,a4bcab79-4f61-41e9-8e6d-8cfda4ac41c0,4,215490.00064246313,500,True,467,93.4,0.20108374086016248,14.2,0.20363225177786032,0.17723852636864548,0.4883944644446921,13.49036402569593
fc12195d0636,fc12195d0636,24hb_2xT,larger_origami,2-2,893156fa-e45d-4141-8958-313ca31ba967,f9b2871b-2421-430b-a5a3-5a0e959f64cd,4,215490.00064246313,500,True,488,97.6,0.19464226075807028,28.199999999999996,0.19897031173995194,0.16608670677151927,0.4462876016454629,28.893442622950822
fc12195d0636,fc12195d0636,24hb_2xT,larger_origami,2-2,2484bc57-8b09-4c3c-9bfa-1b089e239062,3290c018-c49e-4e6d-8365-af6b198823b5,4,215490.00064246313,500,True,490,98.0,0.17832748726674105,4.0,0.18070167638113768,0.16805453232226353,0.3961623599851569,4.081632653061225
fc12195d0636,fc12195d0636,24hb_2xT,larger_origami,2-2,f2ec0423-2350-44e6-8361-b91166f38997,f76d1897-7304-4ff3-b267-7cf8c6711069,4,215490.00064246313,500,True,498,99.6,0.20631020469047723,8.200000000000001,0.2055188639787982,0.192434243492485,0.44014696822036914,8.032128514056225
fc12195d0636,fc12195d0636,24hb_2xT,larger_origami,2-2,50e515c7-19cc-4c03-921c-4710318b353e,8277b98a-5711-4c34-beeb-b0c446d874ce,4,215490.00064246313,500,True,450,90.0,0.1635052953729631,5.2,0.163302876092311,0.1398633172755909,0.3492781088245103,5.777777777777778
fc12195d0636,fc12195d0636,24hb_2xT,larger_origami,2-2,83796f86-becf-4926-85f9-5ea2a856d786,fd52686b-a079-406c-aa0b-05c503472350,4,215490.00064246313,500,True,500,100.0,0.15987146007672454,3.0,0.15987146007672454,0.1594834819904963,0.2510867902702681,3.0
fc12195d0636,fc12195d0636,24hb_2xT,larger_origami,2-2,90d965c9-48c1-4470-aaf8-cd1db2f2ff02,a4ad0c7a-b103-4647-b696-e6e5f6ae9634,4,215490.00064246313,500,True,294,58.8,0.17478879581059636,7.199999999999999,0.15623336812501115,0.1448518318714999,0.3286327574494886,6.462585034013606
fc12195d0636,fc12195d0636,24hb_2xT,larger_origami,2-2,38918e77-568c-44e9-a915-70766b3e848c,72d45acb-11a6-41d0-8a81-9378e417a56c,4,215490.00064246313,500,True,500,100.0,0.12930579155080085,0.2,0.12930579155080085,0.0858314978234948,0.30294203919803253,0.2
fc12195d0636,fc12195d0636,24hb_2xT,larger_origami,2-2,64448003-2326-458f-b045-ec1d71299c52,7eb2836f-e25e-483d-a7c4-4245329f0fff,4,215490.00064246313,500,True,500,100.0,0.15328061531354412,2.4,0.15328061531354412,0.13786078474998145,0.30058427981930735,2.4
fc12195d0636,fc12195d0636,24hb_2xT,larger_origami,2-2,e2af78e1-01d4-41ff-b1a6-b6f6b2927131,f5d35f68-8e24-4160-a70f-dbe0b8adbd27,4,215490.00064246313,500,True,500,100.0,0.14287250567916515,0.0,0.14287250567916515,0.14512764508665693,0.2132338005518947,0.0
fc12195d0636,fc12195d0636,24hb_2xT,larger_origami,2-2,1620526c-379f-4333-ab8f-61f3a4315e31,fb9d446c-b711-4e45-9306-2add1c561b60,4,215490.00064246313,500,True,499,99.8,0.13973211702278218,6.2,0.139643108886925,0.11643522809107973,0.29483224008621917,6.212424849699398
fc12195d0636,fc12195d0636,24hb_2xT,larger_origami,2-2,98d68dcd-4c9f-46a1-905f-3ad5e7cbb42b,e43660fc-5d44-4310-aaf7-de532f779232,4,215490.00064246313,500,True,353,70.6,0.1246672131007744,3.2,0.14791226511129543,0.12551808703422343,0.3315372975929734,4.53257790368272
fc12195d0636,fc12195d0636,24hb_2xT,larger_origami,2-2,045faba9-b7aa-447d-88ef-6e69b0f153e4,31fccb07-bee5-4f1b-b0ca-bbbf89618013,4,215490.00064246313,500,True,156,31.2,0.14507198795791568,3.2,0.24186805064683123,0.2298421454140046,0.4149026292656874,8.333333333333332
fc12195d0636,fc12195d0636,24hb_2xT,larger_origami,2-2,3dad1467-f378-40a5-b1d3-3f9a893e5245,b884c651-8b4f-475d-973f-6c16a2662004,4,215490.00064246313,500,True,473,94.6,0.12134684282171171,8.0,0.11839185743492292,0.08747567029278897,0.2953095783006761,7.6109936575052854
fc12195d0636,fc12195d0636,24hb_2xT,larger_origami,2-2,12eca75d-13f2-4240-beec-28a39a2fc83e,7bddc6c5-5d4d-423e-ad67-67e1fe0d0dc4,4,215490.00064246313,500,True,25,5.0,0.09521773909012743,0.0,0.16061819503310132,0.15915099896121468,0.2472943110860393,0.0
fc12195d0636,fc12195d0636,24hb_2xT,larger_origami,2-2,614f0f4b-b9ed-4339-8368-3b0e4ec9f38c,8810a0e8-ad0f-4527-b97a-72ce17aadae4,4,215490.00064246313,500,True,495,99.0,0.10347289085366493,9.4,0.1040116114171674,0.04919575098202088,0.33693025929172926,9.494949494949495
fc12195d0636,fc12195d0636,24hb_2xT,larger_origami,2-2,5cf784a9-a439-4b4e-891d-e57a2aff3826,872738b6-44fb-4534-9c9c-ebe79ebcd4a9,4,215490.00064246313,500,True,315,63.0,0.13199451325941003,1.6,0.15733549420384607,0.15629608980551615,0.3494757510503962,2.5396825396825395
fc12195d0636,fc12195d0636,24hb_2xT,larger_origami,2-2,52382c34-09e7-469f-8d47-0640ef24efa3,65e75c01-b27f-46fd-aac6-50824c09de68,4,215490.00064246313,500,True,500,100.0,0.10378497807387994,0.4,0.10378497807387994,0.09008110725570893,0.2241477260195006,0.4
fc12195d0636,fc12195d0636,24hb_2xT,larger_origami,2-2,24631961-6da3-4264-a3d6-e14c9939f67b,9d3a6e5f-526a-462f-a21d-ad8d5217ec9d,4,215490.00064246313,500,True,492,98.4,0.14705434230973333,2.4,0.1470961590386165,0.13388592189762294,0.3173694410422717,2.2357723577235773
fc12195d0636,fc12195d0636,24hb_2xT,larger_origami,2-2,33f45a0e-4ccc-4e5d-8024-2f8e181cf5f0,481ace58-83fe-45ed-b8fd-7aec96e1baa4,4,215490.00064246313,500,True,500,100.0,0.13376097046530627,0.4,0.13376097046530627,0.11144022268955564,0.3475650612304649,0.4
fc12195d0636,fc12195d0636,24hb_2xT,larger_origami,2-2,2b5a761e-62e3-4cd1-a623-f5f110c0e03c,d278c588-9d64-44a1-92a4-e9eaff5f0fba,4,215490.00064246313,500,True,483,96.6,0.10278862223656415,0.0,0.09826058423689732,0.08543538054946379,0.24650474330571834,0.0
fc12195d0636,fc12195d0636,24hb_2xT,larger_origami,2-2,7c2c6ca9-8f8e-482e-9dc1-c8e5be0d7b3b,c097df59-9a2d-4371-89ce-133542ebfc6a,4,215490.00064246313,500,True,492,98.4,0.09511507636835137,0.4,0.09657049600281631,0.08387741963975141,0.23658452729146745,0.40650406504065045
fc12195d0636,fc12195d0636,24hb_2xT,larger_origami,2-2,416620c8-356e-469f-8254-d632e3ed777b,d760a396-1092-4a9b-9e2f-1bd47a6ac7ab,4,215490.00064246313,500,True,498,99.6,0.09308553698944178,0.0,0.09297689980865985,0.0858094191162716,0.20678306338834107,0.0
fc12195d0636,fc12195d0636,24hb_2xT,larger_origami,2-2,5780b6a8-8173-406d-8515-d1d1fb76ba2e,fd5d07f5-4837-4ee2-ab8e-f690f5bc9ad1,4,215490.00064246313,500,True,499,99.8,0.10393825622190417,0.0,0.10397732964487807,0.09370468049577138,0.24615052910018342,0.0
fc12195d0636,fc12195d0636,24hb_2xT,larger_origami,2-2,8314332c-805f-4a84-bd08-726d80125c45,e3d89535-aacf-4083-8529-ac78783d1da6,4,215490.00064246313,500,True,500,100.0,0.08849968620179267,0.2,0.08849968620179267,0.043424277162256525,0.30120286478522323,0.2
fc12195d0636,fc12195d0636,24hb_2xT,larger_origami,2-2,6cbd8fb2-95f2-4897-9899-e15e61ed372b,8f326290-011a-45f0-87fd-80272646aa3a,4,215490.00064246313,500,True,57,11.4,0.11169927987800726,0.0,0.1224799148942265,0.11061756007060593,0.22429426501317312,0.0
fc12195d0636,fc12195d0636,24hb_2xT,larger_origami,2-2,35bcf917-aea3-42b1-8afe-2210b6d9c30b,bb0421f4-3f05-408d-8b9b-4731f6a832e5,4,215490.00064246313,500,True,122,24.4,0.11482738209057348,0.0,0.18282099749102923,0.1748146726603596,0.27195985776371573,0.0
fc12195d0636,fc12195d0636,24hb_2xT,larger_origami,2-2,97ccf4ef-a0ea-4bb8-9b30-55e35077891a,f8609418-c72e-4722-8324-0942958d75d2,4,215490.00064246313,500,True,276,55.2,0.1011036135439974,0.0,0.09003691757893789,0.07757382480366165,0.19942924992086458,0.0
fc12195d0636,fc12195d0636,24hb_2xT,larger_origami,2-2,6b5b9100-ebd4-4963-a459-0b5f8b28a421,744acfaf-3a06-4db3-80b5-e7ad48016272,4,215490.00064246313,500,True,23,4.6,0.08718010829982807,0.0,0.0896853118521699,0.08995418715209362,0.13820929698422862,0.0
fc12195d0636,fc12195d0636,24hb_2xT,larger_origami,2-2,86d63cea-bcab-40d3-bfa8-e1a043228b54,cfe2bf6e-c11b-49a1-a6fd-7651f3049367,4,215490.00064246313,500,True,488,97.6,0.07759244159690638,0.0,0.07752984955549208,0.07686626564032775,0.1256613334894553,0.0
fc12195d0636,fc12195d0636,24hb_2xT,larger_origami,2-2,6c0c403b-17c3-4fbf-b5eb-49a8f7b6afff,ef4a9240-3ea5-4fe0-ab54-ecf73a6b3e93,4,215490.00064246313,500,True,500,100.0,0.09502655878521052,0.2,0.09502655878521052,0.04804908595800096,0.28554272754482424,0.2
fc12195d0636,fc12195d0636,24hb_2xT,larger_origami,2-2,3e22a7ac-15d4-453d-810d-9a2e52837807,6adebd25-be98-49ac-b6c8-de92ae92fc0f,4,215490.00064246313,500,True,500,100.0,0.10277324117307658,0.0,0.10277324117307658,0.08393115484711097,0.2568666189968122,0.0
fc12195d0636,fc12195d0636,24hb_2xT,larger_origami,2-2,2e762013-7314-4fb8-a89a-14d507b74748,3e7978a9-ef14-465e-81e6-9497ec8a0872,4,215490.00064246313,500,True,154,30.8,0.08795123011880358,0.4,0.1327300493237274,0.1148200567210354,0.22547616545794452,1.2987012987012987
fc12195d0636,fc12195d0636,24hb_2xT,larger_origami,2-2,2e2911f6-a535-494c-93f7-1f94cbe0b71f,573fa9e0-463c-4779-bbbb-679c5da4d92d,4,215490.00064246313,500,True,379,75.8,0.09654727869001545,6.6000000000000005,0.11095621792744678,0.02426727066459987,0.34828313087705925,6.860158311345646
fc12195d0636,fc12195d0636,24hb_2xT,larger_origami,2-2,0d9abdde-3a80-4c1c-b3b8-1b3ed54268db,115ac9a6-3bdb-4f84-b7ca-61ccd47060b5,4,215490.00064246313,500,True,488,97.6,0.10308323726849776,0.0,0.10295363631517751,0.0984911500405369,0.2165622586519916,0.0
fc12195d0636,fc12195d0636,24hb_2xT,larger_origami,2-2,6118519d-6e57-4663-b2a2-20637e3a1e57,ae35b8d6-1ffe-4316-beb0-1d202775f3ee,4,215490.00064246313,500,True,497,99.4,0.09059944505406554,0.0,0.09063400445464181,0.07583376211613242,0.23727976900307382,0.0
fc12195d0636,fc12195d0636,24hb_2xT,larger_origami,2-2,67f97e34-c7ff-4cde-b0a5-48dac6180efa,aec6e8d3-9ed2-4b80-b2fe-549473cbfe29,4,215490.00064246313,500,True,211,42.199999999999996,0.08734930556695598,6.4,0.07720459393906846,0.054825092446645754,0.2083622243198156,1.4218009478672986
fc12195d0636,fc12195d0636,24hb_2xT,larger_origami,2-2,41012d99-60f9-4444-8aa0-947d89957b97,f5915cdb-7bfb-4148-a908-275f6a0205ca,4,215490.00064246313,500,True,499,99.8,0.08460346239213289,0.0,0.08476730599748702,0.06983986799195083,0.19490915239368733,0.0
fc12195d0636,fc12195d0636,24hb_2xT,larger_origami,2-2,0108b201-9852-4ac1-8bce-b59610bc26dd,27d95e9c-d7dc-4741-8e27-133c9455d9e4,4,215490.00064246313,500,True,500,100.0,0.061399786838122965,0.0,0.061399786838122965,0.02936429742281902,0.2100630595421728,0.0
fc12195d0636,fc12195d0636,24hb_2xT,larger_origami,2-2,204af187-15ba-40eb-bf2b-f449ef24da8c,ef97c53c-561a-49c1-8140-6d047fa1a788,4,215490.00064246313,500,True,426,85.2,0.0810470270363975,0.8,0.08976835582746875,0.06298454448074198,0.2745098947950854,0.9389671361502347
fc12195d0636,fc12195d0636,24hb_2xT,larger_origami,2-2,0eb1a6e7-97fb-4928-979b-a6cd8a8167e5,cd95dfb1-01a6-43fd-901c-97f9a860074f,4,215490.00064246313,500,True,500,100.0,0.05996674508624419,0.0,0.05996674508624419,0.0449024580642863,0.1598755151331468,0.0
fc12195d0636,fc12195d0636,24hb_2xT,larger_origami,2-2,43bfbe75-278c-46f3-a072-43da8e569d31,9684b434-653b-49d4-a554-6eda264a2b82,4,215490.00064246313,500,True,494,98.8,0.056377346664631456,0.8,0.056874346655943236,0.01665455057366763,0.2562130286095667,0.8097165991902834
fc12195d0636,fc12195d0636,24hb_2xT,larger_origami,2-2,2eec59da-fb23-4b34-8b38-6c254509c655,78e6c51f-594a-41dd-8c69-dba85c5760a3,4,215490.00064246313,500,True,500,100.0,0.07400908265867286,0.0,0.07400908265867286,0.05685425713867312,0.19039863043680508,0.0
fc12195d0636,fc12195d0636,24hb_2xT,larger_origami,2-2,103ece6f-67c3-4c86-b1e6-9b1fde77deaa,8fdb431f-1974-48fc-943a-6f8ac39c0283,4,215490.00064246313,500,True,497,99.4,0.05215868857933212,0.0,0.05224323227370466,0.044044872248919224,0.1296261665888446,0.0
fc12195d0636,fc12195d0636,24hb_2xT,larger_origami,2-2,b581c73a-2329-436e-9fa6-63353ad48b3f,e2d4e8e4-e1c2-4247-b7c1-94c0f11628e8,4,215490.00064246313,500,True,497,99.4,0.0698701955598079,0.0,0.069572964616733,0.05459466290910987,0.1751206044644469,0.0
fc12195d0636,fc12195d0636,24hb_2xT,larger_origami,2-2,59fd9282-3a30-4116-9238-c7574588a4af,e28bb508-468e-4605-a1e2-ac96ec18d7fd,4,215490.00064246313,500,True,500,100.0,0.06629566249701567,0.0,0.06629566249701567,0.05808777796945859,0.13670650579567903,0.0
fc12195d0636,fc12195d0636,24hb_2xT,larger_origami,2-2,2ea7b85e-997c-43a7-997e-0f8f3805b59d,d827c681-6c47-4a04-84c0-78b7f53617a4,4,215490.00064246313,500,True,370,74.0,0.08382414697728603,0.0,0.07912870943194035,0.0424720374629371,0.24828769221152536,0.0
fc12195d0636,fc12195d0636,24hb_2xT,larger_origami,2-2,0f4a3835-40fb-440a-8667-4765a1afd9c7,f48d8f29-85cc-416e-94cf-151e788ba86d,4,215490.00064246313,500,True,257,51.4,0.06223380942867069,0.0,0.06510814669003578,0.03230851057787097,0.22718952468008186,0.0
fc12195d0636,fc12195d0636,24hb_2xT,larger_origami,2-2,1715fbf8-7548-4705-af35-478e443d38f3,df6af4a5-573c-4182-9124-3bde6c856d82,4,215490.00064246313,500,True,198,39.6,0.055244078416806494,0.0,0.06054667864974945,0.02697171459033009,0.2549419896128054,0.0
fc12195d0636,fc12195d0636,24hb_2xT,larger_origami,2-2,2b1edf52-30de-4c06-8099-1ff41365a15e,7fc2a0f9-b070-4c08-bfbc-ccc3ed78db20,4,215490.00064246313,500,True,500,100.0,0.07061114315421087,0.0,0.07061114315421087,0.052198629000774266,0.1914675278696928,0.0
fc12195d0636,fc12195d0636,24hb_2xT,larger_origami,2-2,4e1deda7-a07a-4a7a-937b-ded155b6a206,6312bfff-39f5-4e72-9961-ab8f1576f44d,4,215490.00064246313,500,True,499,99.8,0.05335839452987799,0.0,0.053436496300733355,0.029731773686470873,0.17020719743672175,0.0
fc12195d0636,fc12195d0636,24hb_2xT,larger_origami,2-2,38ef95d1-4004-46e3-8df5-f124aeec3b99,47e52319-a942-4e20-af37-49a82fdfe2bd,4,215490.00064246313,500,True,491,98.2,0.06636781766995652,0.0,0.06579474598110444,0.05812391933306739,0.15409130634385151,0.0
fc12195d0636,fc12195d0636,24hb_2xT,larger_origami,2-2,76269307-3d96-42d4-9626-0a4ce13737d1,b67fc17f-4b34-4a49-824a-8a15736f1360,4,215490.00064246313,500,True,500,100.0,0.06955379881267396,0.0,0.06955379881267396,0.04904374595457109,0.21113656245132045,0.0
fc12195d0636,fc12195d0636,24hb_2xT,larger_origami,2-2,61ec0055-1ec8-49ea-b3be-4b5aca9dbeac,f06db6d5-bbe9-4647-abf3-37ad189528e5,4,215490.00064246313,500,True,446,89.2,0.053706441217879854,0.0,0.056084409936270514,0.039215149765616894,0.16665173355142315,0.0
fc12195d0636,fc12195d0636,24hb_2xT,larger_origami,2-2,3d17e8f8-cd9d-47b0-8da3-e7ed94a44a9f,7ea896c5-bd1c-4437-8583-4eca5d21d834,4,215490.00064246313,500,True,500,100.0,0.05754717545913928,0.0,0.05754717545913928,0.03328532718480365,0.2426366491121818,0.0
fc12195d0636,fc12195d0636,24hb_2xT,larger_origami,2-2,e8f1710a-ff05-4481-8f87-3955e2f7199e,f4dfac38-e125-48c4-87fb-affb4b022ed3,4,215490.00064246313,500,True,500,100.0,0.06467408460853627,3.4000000000000004,0.06467408460853627,0.02211123335338706,0.32157854842358957,3.4000000000000004
fc12195d0636,fc12195d0636,24hb_2xT,larger_origami,2-2,43252891-1853-4fa3-9826-b7fc15099ff4,c1ddfeb1-cbcb-468e-bf2c-2dc1ce2fed2b,4,215490.00064246313,500,True,500,100.0,0.05803810696149894,0.0,0.05803810696149894,0.04693123325657505,0.14507955577387835,0.0
fc12195d0636,fc12195d0636,24hb_2xT,larger_origami,2-2,1586d05a-2974-4801-8c0d-f1ae25cf1522,30889ac1-4071-4294-a563-4da7afff7ec7,4,215490.00064246313,500,True,500,100.0,0.057037248751750355,0.0,0.057037248751750355,0.04432275811939883,0.1580595125244733,0.0
fc12195d0636,fc12195d0636,24hb_2xT,larger_origami,2-2,a37c0f40-d971-4185-883b-7074af3b81d5,d059f014-f371-487b-8c2d-78e0e5163d22,4,215490.00064246313,500,True,500,100.0,0.0793750734740347,0.2,0.0793750734740347,0.061815167880138945,0.22494514826513912,0.2
fc12195d0636,fc12195d0636,24hb_2xT,larger_origami,2-2,53994109-81bf-4127-838c-5119c6b6cf58,84a3bcb6-7f91-40b3-ad22-7ccce759dbdc,4,215490.00064246313,500,True,299,59.8,0.06001233468850866,1.4000000000000001,0.0749548696242098,0.03601186712499917,0.24946832472070923,0.33444816053511706
fc12195d0636,fc12195d0636,24hb_2xT,larger_origami,2-2,44cc40b3-2856-428f-b0ba-244dad2e91ae,8c4dd7f9-d9db-468e-96b6-47c3d9408369,4,215490.00064246313,500,True,481,96.2,0.06871388642458938,0.8,0.06988217235874161,0.03220210350874289,0.2312949087673256,0.8316008316008316
fc12195d0636,fc12195d0636,24hb_2xT,larger_origami,2-2,857b4a60-2e01-407f-9cfa-9069d4db3f8a,b79ecc85-5bc0-4259-b3e1-6df4c9b2815b,4,215490.00064246313,500,True,498,99.6,0.05544241879965324,0.0,0.05498693106570168,0.03480448989336709,0.16078775990782246,0.0
fc12195d0636,fc12195d0636,24hb_2xT,larger_origami,2-2,68d2db72-e848-4019-b689-a6851ba9552c,9e71fd30-b0db-4bf5-9596-39fd97eaf6bc,4,215490.00064246313,500,True,500,100.0,0.06194930601591762,0.0,0.06194930601591762,0.04126591361138304,0.19689275470558393,0.0
fc12195d0636,fc12195d0636,24hb_2xT,larger_origami,2-2,62fb05ce-0f7d-47cd-8220-2c73ed389794,b7e9025e-267f-4a8a-8ce3-72c3ca4c3349,4,215490.00064246313,500,True,500,100.0,0.05712731002230009,4.3999999999999995,0.05712731002230009,0.01847639314205779,0.2898720131588774,4.3999999999999995
fc12195d0636,fc12195d0636,24hb_2xT,larger_origami,2-2,a501b7c8-c2f9-4888-ba6d-41911dfd60ac,f01e032a-a6f8-4b04-a1d7-ade8c033dfc8,4,215490.00064246313,500,True,500,100.0,0.046772672488723396,0.2,0.046772672488723396,0.01286896355302947,0.2679052078867469,0.2
fc12195d0636,fc12195d0636,24hb_2xT,larger_origami,2-2,661051fa-8ca3-4a7e-8f97-0dd8be0ff513,830ddc91-3b4d-462c-b82a-c48937bdad2a,4,215490.00064246313,500,True,500,100.0,0.05842633688362302,0.0,0.05842633688362302,0.030293524230440586,0.24401646369295213,0.0
fc12195d0636,fc12195d0636,24hb_2xT,larger_origami,2-2,196acc86-5acb-480d-a74d-6ef9f23ef258,24840f1c-8b8b-494a-83ff-4309087a5ec2,4,215490.00064246313,500,True,500,100.0,0.04842182702566362,0.0,0.04842182702566362,0.037703711971756926,0.1313666955240638,0.0
fc12195d0636,fc12195d0636,24hb_2xT,larger_origami,2-2,3d451171-8a12-49ea-b124-33e624530707,a9589006-ca5b-4add-9e1b-73daf2b23555,4,215490.00064246313,500,True,500,100.0,0.0612626293490556,0.0,0.0612626293490556,0.04562955734103791,0.15260702083997454,0.0
fc12195d0636,fc12195d0636,24hb_2xT,larger_origami,2-2,d116b887-9351-4d6b-9cc5-f486c518c7c7,d3ae2a98-445c-47cd-b7ac-e120d1425c8c,4,215490.00064246313,500,True,500,100.0,0.04575843427005619,0.0,0.04575843427005619,0.02111544252276841,0.17355461341510858,0.0
fc12195d0636,fc12195d0636,24hb_2xT,larger_origami,2-2,2373e03e-d887-406e-9987-5023792ebf08,6fe20908-ccb8-464e-9784-00226014b623,4,215490.00064246313,500,True,500,100.0,0.06409175874619576,0.6,0.06409175874619576,0.047569391118825695,0.17151315352488625,0.6
fc12195d0636,fc12195d0636,24hb_2xT,larger_origami,2-2,0328fb72-1c1e-467a-b86d-63944a9690bd,9765a4d6-1b29-444b-b73a-21ed7589c99e,4,215490.00064246313,500,True,500,100.0,0.0659045064559497,0.0,0.0659045064559497,0.05267878484975558,0.1636102508654672,0.0
fc12195d0636,fc12195d0636,24hb_2xT,larger_origami,2-2,0a6c02a8-1bc5-454c-89ef-818888fc7e77,8d303cb6-e390-4914-920a-a2b4e16a3d95,4,215490.00064246313,500,True,500,100.0,0.05707288720892626,0.0,0.05707288720892626,0.025630271345348107,0.17255471976881648,0.0
fc12195d0636,fc12195d0636,24hb_2xT,larger_origami,2-2,3cfa1dda-b7c6-41ea-a602-211cc0de6149,bd7a6687-878f-45a2-892c-d92615a93f6b,4,215490.00064246313,500,True,500,100.0,0.0626432335845567,0.0,0.0626432335845567,0.03832277500480723,0.19240077002384703,0.0
fc12195d0636,fc12195d0636,24hb_2xT,larger_origami,2-2,66015e9c-5bcc-4714-b87d-38de449ca47c,7aec9dc3-1624-4f48-bd0c-fc2153c35da9,4,215490.00064246313,500,True,500,100.0,0.04192801798439126,0.0,0.04192801798439126,0.031114268497225147,0.10167119841521464,0.0
fc12195d0636,fc12195d0636,24hb_2xT,larger_origami,2-2,55e4d411-a605-4628-9b68-edc81840e626,f6f8ce8e-ac60-4875-a9b1-f0ce46b9a301,4,215490.00064246313,500,True,500,100.0,0.06885650469116623,0.0,0.06885650469116623,0.04637525545958853,0.2176309322250893,0.0
fc12195d0636,fc12195d0636,24hb_2xT,larger_origami,2-2,00eed7d2-d16f-4b2d-8284-9647c8a9adec,c8241463-0e85-45c4-b96b-7376ad3ab8ae,4,215490.00064246313,500,True,454,90.8,0.048884847170912994,0.6,0.050244332301658486,0.028713289954865974,0.16648598098605638,0.6607929515418502
fc12195d0636,fc12195d0636,24hb_2xT,larger_origami,2-2,384f24bb-8c82-416e-91a5-59246a53f153,a428cf6d-fed4-4dbb-89a6-98772c2e2893,4,215490.00064246313,500,True,500,100.0,0.049050936322490045,0.0,0.049050936322490045,0.03272595529118333,0.15515403430581545,0.0
fc12195d0636,fc12195d0636,24hb_2xT,larger_origami,2-2,0b14310f-f609-4f17-827d-617d2892f883,bae28c32-9558-4e7b-979f-57ee13572012,4,215490.00064246313,500,True,500,100.0,0.05327087305337463,0.2,0.05327087305337463,0.040191690569313876,0.15438674651509304,0.2
fc12195d0636,fc12195d0636,24hb_2xT,larger_origami,2-2,a648f8cf-9799-4d67-8cf8-332143cfe7c0,e96b3d76-228a-4bef-815c-2e54ce6bb610,4,215490.00064246313,500,True,500,100.0,0.04395185241582905,0.0,0.04395185241582905,0.022905007699618563,0.1444759040456691,0.0
fc12195d0636,fc12195d0636,24hb_2xT,larger_origami,2-2,e6c19bbf-60fd-43bb-8d95-798dee05ca30,fb6d7c5e-730e-4247-85c3-b7eed558818f,4,215490.00064246313,500,True,39,7.8,0.07043016359641797,4.0,0.11091335068588422,0.03485440125522395,0.3317533989822995,7.6923076923076925
fc12195d0636,fc12195d0636,24hb_2xT,larger_origami,2-2,678bc60c-d525-41c7-8116-4dd040edeeb1,690745d2-1971-4682-9248-57cc0caed4c3,4,215490.00064246313,500,True,500,100.0,0.05060561050665791,0.0,0.05060561050665791,0.03443027964708093,0.1500279288991134,0.0
fc12195d0636,fc12195d0636,24hb_2xT,larger_origami,2-2,0ac02136-e3f0-4ae3-8282-f1b335b094fc,6f6babc3-c40e-4aa9-8af4-5f49c4d75af9,4,215490.00064246313,500,True,498,99.6,0.036317357084557224,0.8,0.03641249773957007,0.012931178524186515,0.146052775259342,0.8032128514056224
fc12195d0636,fc12195d0636,24hb_2xT,larger_origami,2-2,6a1557ef-88ea-497f-8744-9770f0b91d64,a1c99055-13f4-4845-b341-965d00d824c0,4,215490.00064246313,500,True,500,100.0,0.037924536484403276,0.0,0.037924536484403276,0.02666096473592127,0.11217911812441514,0.0
fc12195d0636,fc12195d0636,24hb_2xT,larger_origami,2-2,2e49de2c-9fba-427c-a1e5-b1715fe8a7d0,b3e43ba8-67cc-4567-9bae-1e9eb834dcf9,4,215490.00064246313,500,True,499,99.8,0.04891165577118867,0.0,0.048958221685211405,0.019634585830140237,0.2212088032814852,0.0
fc12195d0636,fc12195d0636,24hb_2xT,larger_origami,2-2,67a50056-e00d-4e9b-b8c0-8ea7a7756982,c254f47e-0d39-4c29-b6b5-91999ae8db7b,4,215490.00064246313,500,True,491,98.2,0.03635682296144289,0.0,0.03606621897695252,0.018061149734504605,0.13016558770858896,0.0
fc12195d0636,fc12195d0636,24hb_2xT,larger_origami,2-2,5b560008-3ddb-4f2a-a9bc-2e996d848d7b,c8153e0e-815b-46f4-ab51-404f690f3841,4,215490.00064246313,500,True,491,98.2,0.053012350972105736,0.0,0.0533325243509082,0.04055177377311071,0.1356553844175704,0.0
fc12195d0636,fc12195d0636,24hb_2xT,larger_origami,2-2,29262fb1-da8d-483e-a825-ca162bc3a9db,b41d3fbe-7d34-46c7-aa51-5a1e07487f94,4,215490.00064246313,500,True,498,99.6,0.045963538501986846,0.0,0.04613007643840229,0.02069182333208639,0.17065305241906534,0.0
fc12195d0636,fc12195d0636,24hb_2xT,larger_origami,2-2,5ed4d614-e61b-4a4f-81ff-ce2595c9485d,c7f664e2-265a-464e-9fac-3858f5a158ee,4,215490.00064246313,500,True,442,88.4,0.038698161398037,0.0,0.041341000871198526,0.034945984072201966,0.10309690848160427,0.0
fc12195d0636,fc12195d0636,24hb_2xT,larger_origami,2-2,9c73f442-3739-40a5-bc92-7e39b56079d7,ec429129-8499-4362-8fca-832f5c024601,4,215490.00064246313,500,True,491,98.2,0.038986768197863265,0.0,0.038775365988596884,0.03264555488605844,0.09358222244005882,0.0
fc12195d0636,fc12195d0636,24hb_2xT,larger_origami,2-2,641d2e2b-34ed-4651-9c49-65ae108c9f55,b67e23a7-323c-42bb-a676-98ce2f095bea,4,215490.00064246313,500,True,450,90.0,0.045779393627630505,0.0,0.0457316487166272,0.019453502971817936,0.17493205812341,0.0
fc12195d0636,fc12195d0636,24hb_2xT,larger_origami,2-2,735f3815-75bc-4443-af88-6ef5468d00e3,ddd8a398-4d30-48fe-982c-e85f8b00e27b,4,215490.00064246313,500,True,500,100.0,0.031274938738439284,0.0,0.031274938738439284,0.018613912863594533,0.0907518291588888,0.0
fc12195d0636,fc12195d0636,24hb_2xT,larger_origami,2-2,37b808f7-0aba-4bb8-ad6d-5665602767ff,dde97cec-4e6b-42f4-bab4-30f9861d2ac3,4,215490.00064246313,500,True,283,56.599999999999994,0.040795452375154764,0.0,0.05636578693378343,0.03498643140443938,0.1791868179114297,0.0
fc12195d0636,fc12195d0636,24hb_2xT,larger_origami,2-2,80c2fe63-0b54-49d1-8810-847fcc0d93a1,ee37c501-52fb-40f0-b08b-709cee80dbcd,4,215490.00064246313,500,True,385,77.0,0.039338233967371856,0.0,0.033218982735636914,0.015065212548991052,0.1292502958390702,0.0
fc12195d0636,fc12195d0636,24hb_2xT,larger_origami,2-2,bc4ace90-8c94-408f-8a5b-61756940396c,f258b62b-4ea3-4e98-b8a3-7c4ea84420dc,4,215490.00064246313,500,True,500,100.0,0.030003074434196024,1.2,0.030003074434196024,0.01261888421570597,0.10522986268306996,1.2
fc12195d0636,fc12195d0636,24hb_2xT,larger_origami,2-2,98c49613-59a6-464d-a8f5-5e21a0afed14,a3e497f5-3295-42de-a7af-bc31675a2d2c,4,215490.00064246313,500,True,500,100.0,0.04266520776011656,0.0,0.04266520776011656,0.0339411288257398,0.11958293196675085,0.0
fc12195d0636,fc12195d0636,24hb_2xT,larger_origami,2-2,b93aa853-8d24-476a-84aa-8eb2b9d448e3,d71d841e-f1b0-4e95-8e4a-d75e2ecd63b3,4,215490.00064246313,500,True,500,100.0,0.037304154922915,0.0,0.037304154922915,0.02538254501424145,0.11189866478708496,0.0
fc12195d0636,fc12195d0636,24hb_2xT,larger_origami,2-2,262a54da-689c-4410-a918-aab4e7067bae,bd2ad03e-12a1-4905-8e87-8052564ae775,4,215490.00064246313,500,True,500,100.0,0.041049824130700956,0.4,0.041049824130700956,0.02027168301642889,0.14002577557108278,0.4
fc12195d0636,fc12195d0636,24hb_2xT,larger_origami,2-2,4fb04c20-5a73-4f40-a033-4c1426088510,5f63d842-e359-4ff4-b838-b16bea4f60ad,4,215490.00064246313,500,True,474,94.8,0.04688656560064936,0.0,0.04740568967016192,0.03685866253961575,0.11832343953317277,0.0
fc12195d0636,fc12195d0636,24hb_2xT,larger_origami,2-2,0cc2ae9a-94ef-41b2-b7f0-f56bf85faffd,1fed1126-3535-4c42-a9d6-905b516e415f,4,215490.00064246313,500,True,500,100.0,0.04053852796020964,0.0,0.04053852796020964,0.021297354019068945,0.16592281909688733,0.0
fc12195d0636,fc12195d0636,24hb_2xT,larger_origami,2-2,12808c30-2581-45e2-a58c-017e71a6f991,51b9ecd3-7362-4356-81ee-2c443729a022,4,215490.00064246313,500,True,500,100.0,0.03069016593724807,0.0,0.03069016593724807,0.012612117810419647,0.14607715426625512,0.0
fc12195d0636,fc12195d0636,24hb_2xT,larger_origami,2-2,2792a370-9500-4b93-bf07-975b779c92de,f2d53620-5a3c-4a20-97be-f819d9aedf83,4,215490.00064246313,500,True,500,100.0,0.03366374983831899,0.2,0.03366374983831899,0.010760524878668246,0.20062457512451343,0.2
fc12195d0636,fc12195d0636,24hb_2xT,larger_origami,2-2,1bbd08be-708f-49e6-826e-4e2a62371e01,348ecb0f-584c-4018-88d3-90def7a83393,4,215490.00064246313,500,True,499,99.8,0.03090431415718486,0.0,0.03093558163974054,0.020674793861946643,0.08579244920152497,0.0
fc12195d0636,fc12195d0636,24hb_2xT,larger_origami,2-2,4606f285-a764-4a8f-af8e-56e86170a48b,c2afb419-ad3f-4a3d-9f4d-cb14ee73efcb,4,215490.00064246313,500,True,500,100.0,0.03164084329675898,0.0,0.03164084329675898,0.014204812833125226,0.10167876935561102,0.0
fc12195d0636,fc12195d0636,24hb_2xT,larger_origami,2-2,7d5b07a8-ea9f-45dc-8955-1ec6aec1b553,7e80bfa5-4f3d-4531-b490-2b8384d434e0,4,215490.00064246313,500,True,500,100.0,0.04088337452990137,0.0,0.04088337452990137,0.024149538794657907,0.13657746534508888,0.0
fc12195d0636,fc12195d0636,24hb_2xT,larger_origami,2-2,9ec4b2ea-1f21-4942-a191-673b90de94db,b109e65d-e947-4bad-84ea-f98e60f264b5,4,215490.00064246313,500,True,500,100.0,0.029965359064709502,0.0,0.029965359064709502,0.020262363826049443,0.09489007476210166,0.0
fc12195d0636,fc12195d0636,24hb_2xT,larger_origami,2-2,4ad1c9d9-edf8-4568-9150-c4480110a245,7f20c83a-55f5-47e4-9001-207c5feb3f82,4,215490.00064246313,500,True,500,100.0,0.02519308859963384,0.0,0.02519308859963384,0.01588983431190824,0.07072875883338649,0.0
fc12195d0636,fc12195d0636,24hb_2xT,larger_origami,2-2,7b1e185a-d2c0-49f0-a946-6f539e69c6ef,8a83746a-e453-4b10-abbe-c6ddb486c149,4,215490.00064246313,500,True,499,99.8,0.034758263936247424,0.0,0.034823035859197334,0.014158686989468596,0.12696097458736738,0.0
fc12195d0636,fc12195d0636,24hb_2xT,larger_origami,2-2,43579f1e-ca05-423d-97f0-6f9999d27461,53c91750-ab69-4c1f-abc4-02721c5af1b6,4,215490.00064246313,500,True,500,100.0,0.04511631842056961,0.0,0.04511631842056961,0.030377061761276712,0.14103140703650396,0.0
fc12195d0636,fc12195d0636,24hb_2xT,larger_origami,2-2,151100eb-b035-4af4-8d77-b1a22311fdf3,e97650b7-c5d1-4327-8c68-046d743c29ba,4,215490.00064246313,500,True,498,99.6,0.03219322461449632,0.0,0.032265812282898855,0.020245933629979673,0.09130013115756569,0.0
fc12195d0636,fc12195d0636,24hb_2xT,larger_origami,2-2,03b5f3d3-c4e9-49d4-a161-59ab22303ccf,a0e4d7ac-5f69-44ec-93c5-dd0b30d13e46,4,215490.00064246313,500,True,500,100.0,0.025406297141865535,0.0,0.025406297141865535,0.007789711021183829,0.1161133132472578,0.0
fc12195d0636,fc12195d0636,24hb_2xT,larger_origami,2-2,6ada92de-1c80-4a37-bb77-11f77bbe1c4a,d0a0dd47-d057-4eff-9141-a9d279e84f19,4,215490.00064246313,500,True,487,97.39999999999999,0.026880409805991178,0.4,0.02716679184485484,0.014449630299497812,0.09531722926580281,0.41067761806981523
fc12195d0636,fc12195d0636,24hb_2xT,larger_origami,2-2,20413af3-cae5-4f43-a85a-af74fa44a003,e9d62497-6f50-4daf-8d50-e4e3fde2a3dd,4,215490.00064246313,500,True,500,100.0,0.02828049412788161,0.0,0.02828049412788161,0.01560936744831642,0.09917072025308184,0.0
fc12195d0636,fc12195d0636,24hb_2xT,larger_origami,2-2,72258902-2503-4a02-98b8-ea9fe7dc047c,91323e36-b0ea-4135-b6d3-6df4cde066a8,4,215490.00064246313,500,True,500,100.0,0.026832247056751704,0.0,0.026832247056751704,0.017000129353922467,0.08106519620622989,0.0
fc12195d0636,fc12195d0636,24hb_2xT,larger_origami,2-2,24068314-ec17-469e-a0a3-dfe6d32f5abb,a0b9880e-f97f-4f88-a67f-433cd2db6b92,4,215490.00064246313,500,True,500,100.0,0.023331831898257833,0.0,0.023331831898257833,0.017972299546187155,0.05154964272776163,0.0
fc12195d0636,fc12195d0636,24hb_2xT,larger_origami,2-2,6be7b53f-b966-4cb6-85b4-47ff0dc7305f,9fc5ba79-cf91-40ef-8608-a9a9d590d038,4,215490.00064246313,500,True,500,100.0,0.026479945121360173,0.0,0.026479945121360173,0.02172343451594557,0.06590747781954936,0.0
fc12195d0636,fc12195d0636,24hb_2xT,larger_origami,2-2,5387bf0a-4226-463b-8b3d-bf154ec6af19,f8323f05-3e18-4002-a1ce-f081b72e2930,4,215490.00064246313,500,True,31,6.2,0.031810405600237734,0.0,0.013292034828989848,0.010425094223621813,0.024001147690149032,0.0
fc12195d0636,fc12195d0636,24hb_2xT,larger_origami,2-2,8e3e09c4-2724-4ba0-b86a-60e47c2fa726,b2b4c53f-df18-4b46-a92c-3d4d54bf637d,4,215490.00064246313,500,True,500,100.0,0.026437376619284997,0.0,0.026437376619284997,0.011059093886214497,0.10100391877867744,0.0
fc12195d0636,fc12195d0636,24hb_2xT,larger_origami,2-2,0e907dd4-b040-422a-9e4c-a009e6855f6e,3201b3a5-cfa9-4023-a894-00d1dbe6045f,4,215490.00064246313,500,True,500,100.0,0.03465817583031272,0.0,0.03465817583031272,0.030164888325419303,0.07075365785522501,0.0
fc12195d0636,fc12195d0636,24hb_2xT,larger_origami,2-2,d085cfc1-9eb4-469a-a5f9-65f9e08ee4fd,dbc17770-0f73-443d-a4cd-51b94aa7821a,4,215490.00064246313,500,True,500,100.0,0.030747869351922204,0.0,0.030747869351922204,0.018238596224242284,0.09653728355779195,0.0
fc12195d0636,fc12195d0636,24hb_2xT,larger_origami,2-2,536929b8-d7a1-47e2-b5dd-c5451e6081e6,a52b29b0-66ab-4d37-a2e8-b6c52432cc00,4,215490.00064246313,500,True,497,99.4,0.033161178376209056,0.0,0.03333623325752267,0.010726050116802317,0.13976863271637474,0.0
fc12195d0636,fc12195d0636,24hb_2xT,larger_origami,2-2,0ad7ae39-8197-454e-af53-b9ba949030cd,6d9db1ba-083b-4660-bfe4-33f7abc0121c,4,215490.00064246313,500,True,499,99.8,0.028260646694701515,0.0,0.028276092180047365,0.021737480856091413,0.06640564579401739,0.0
fc12195d0636,fc12195d0636,24hb_2xT,larger_origami,2-2,370f4fd7-56f8-4ba1-8a54-7b3bde917049,4434b70e-ed5f-4189-a55d-a0d966039386,4,215490.00064246313,500,True,386,77.2,0.025630171606910248,0.0,0.0282886288159756,0.012912689549398802,0.13481126022170964,0.0
fc12195d0636,fc12195d0636,24hb_2xT,larger_origami,2-2,3a612d78-eaef-4381-8680-a1e2de1c210e,5ce5092e-3f86-4673-8397-74863ae859c0,4,215490.00064246313,500,True,484,96.8,0.0365342976852396,0.0,0.03680800744233983,0.026816002654107406,0.09153362312963917,0.0
fc12195d0636,fc12195d0636,24hb_2xT,larger_origami,2-2,1530fe0a-976e-4b7f-8ab2-29eabfaf4d9a,834b6e84-243f-491e-9b43-2d20d461c2ae,4,215490.00064246313,500,True,500,100.0,0.026353604698530524,0.0,0.026353604698530524,0.008680091268476641,0.10843366934037435,0.0
fc12195d0636,fc12195d0636,24hb_2xT,larger_origami,2-2,369f2d55-4493-4d4a-8353-1cb4367af9ac,519a4656-8438-4a89-a870-9b01ad7995ba,4,215490.00064246313,500,True,500,100.0,0.02926380714970154,0.0,0.02926380714970154,0.017166934893962822,0.09548345549866617,0.0
fc12195d0636,fc12195d0636,24hb_2xT,larger_origami,2-2,240f0cd7-526d-4b70-b3dc-0a5a58958ee9,2b62857e-62d9-4b38-85b8-19f197b0a60a,4,215490.00064246313,500,True,499,99.8,0.02830315548159701,0.0,0.02791778119524402,0.020711381959633596,0.0697964553445281,0.0
fc12195d0636,fc12195d0636,24hb_2xT,larger_origami,2-2,36967851-83cd-438c-81b0-08b6d4be0d01,9ff7f901-d86d-49c8-bf3f-e07ceb0f17cf,4,215490.00064246313,500,True,500,100.0,0.026274650422338126,0.0,0.026274650422338126,0.018378728745888938,0.07540464112537348,0.0
fc12195d0636,fc12195d0636,24hb_2xT,larger_origami,2-2,aa75483d-44c7-4cb0-9379-ab434b0bfcb0,d7b6ec0e-91f3-470a-8b7c-1344edc44046,4,215490.00064246313,500,True,500,100.0,0.019403377338518765,0.0,0.019403377338518765,0.009815062198934337,0.06119433594286928,0.0
fc12195d0636,fc12195d0636,24hb_2xT,larger_origami,2-2,518c5c21-e68c-4553-9dfe-d659bc024d5a,560a0963-0331-4998-ad65-5ec3ab4e6ff2,4,215490.00064246313,500,True,500,100.0,0.018886237341922765,0.0,0.018886237341922765,0.0063737225556176075,0.11759269857188456,0.0
fc12195d0636,fc12195d0636,24hb_2xT,larger_origami,2-2,74ba5019-a759-4d80-a1c9-6c87842ed0e5,cb8a5808-972d-4666-9942-7e5844d728a2,4,215490.00064246313,500,True,500,100.0,0.024382490132067253,0.0,0.024382490132067253,0.009915580067565603,0.0939582615260696,0.0
fc12195d0636,fc12195d0636,24hb_2xT,larger_origami,2-2,47e1713c-7979-4dda-b198-6c16760d0e1a,c5e42cd5-3af5-4541-af17-83edb9b0d49c,4,215490.00064246313,500,True,500,100.0,0.02354195922102031,0.0,0.02354195922102031,0.012581049612126444,0.08957692028659975,0.0
fc12195d0636,fc12195d0636,24hb_2xT,larger_origami,2-2,bc4c7b45-1a87-458b-88bf-741359ee191c,c39b46d1-4349-4e75-b31c-272c503719cf,4,215490.00064246313,500,True,500,100.0,0.028417469452575218,0.0,0.028417469452575218,0.017998025012781506,0.09276592395685421,0.0
fc12195d0636,fc12195d0636,24hb_2xT,larger_origami,2-2,3bc48f43-04a8-4de5-8c6a-ff921b1eeca3,4114d449-4578-4954-b979-2efd4e01f5a0,4,215490.00064246313,500,True,500,100.0,0.025042670590240148,0.0,0.025042670590240148,0.021972506945592038,0.05150263626280061,0.0
fc12195d0636,fc12195d0636,24hb_2xT,larger_origami,2-2,5e7c1d93-dbdf-4c27-a393-c9ae9a70dfe4,8c0136d4-784a-4933-8ac9-f57887c7b45f,4,215490.00064246313,500,True,482,96.39999999999999,0.028114594670719497,0.4,0.023729484604032163,0.011895671958494353,0.06940669810198676,0.4149377593360996
fc12195d0636,fc12195d0636,24hb_2xT,larger_origami,2-2,c0c289cd-3590-4520-ad4b-be29bffba230,d648979f-44ef-47b3-a750-5093b0f8471b,4,215490.00064246313,500,True,500,100.0,0.01549489030305624,0.0,0.01549489030305624,0.014235458363757753,0.03285384600786808,0.0
fc12195d0636,fc12195d0636,24hb_2xT,larger_origami,2-2,065926d9-201f-46fc-839e-608d216cb75f,6a1d297e-9af2-4587-a1be-cdc2f0e075c1,4,215490.00064246313,500,True,500,100.0,0.01685170136457898,0.0,0.01685170136457898,0.013272287628576712,0.042896904512717396,0.0
fc12195d0636,fc12195d0636,24hb_2xT,larger_origami,2-2,2edb278f-5580-44ce-9af3-b285a7003c5c,b41e656a-f30c-4af9-a0ec-e64fb1124bec,4,215490.00064246313,500,True,500,100.0,0.02782352329244695,0.0,0.02782352329244695,0.019773058919102145,0.07427188854108091,0.0
fc12195d0636,fc12195d0636,24hb_2xT,larger_origami,2-2,50cb7a62-a66a-4136-b9d6-92d54ad6d8ea,6a2c3306-82b8-4d8d-a582-ce9a16445898,4,215490.00064246313,500,True,500,100.0,0.019465688931947795,0.0,0.019465688931947795,0.014614354844743733,0.05254525219287589,0.0
fc12195d0636,fc12195d0636,24hb_2xT,larger_origami,2-2,358432c8-6cc6-4625-b45b-784fe6aad417,fbfbc718-095a-4156-8dee-92692beb52d0,4,215490.00064246313,500,True,500,100.0,0.02251192388555865,0.0,0.02251192388555865,0.016775380412343624,0.06324293565614104,0.0
fc12195d0636,fc12195d0636,24hb_2xT,larger_origami,2-2,82ec16a7-8ea0-4467-a61b-2d4db11c6f4a,b8c09086-67c2-4e60-a676-ba8c4ef9208b,4,215490.00064246313,500,True,500,100.0,0.021085117651744926,0.0,0.021085117651744926,0.014710512067308093,0.05968185856590516,0.0
fc12195d0636,fc12195d0636,24hb_2xT,larger_origami,2-2,b2a5f5c4-0ed3-4943-a5df-58da43d3c382,fd7a3b24-7e76-4a72-bb9e-a811b5bbe464,4,215490.00064246313,500,True,498,99.6,0.018069979103110617,0.0,0.018081529584187996,0.010174170823889805,0.05808125742620519,0.0
fc12195d0636,fc12195d0636,24hb_2xT,larger_origami,2-2,01720011-b376-498c-9bec-add33c7fe24a,27b1873c-fc41-4db8-ae58-9ea81cf24d03,4,215490.00064246313,500,True,362,72.39999999999999,0.01974744841644716,0.0,0.02182876604036547,0.00728004192392704,0.0758780137076469,0.0
fc12195d0636,fc12195d0636,24hb_2xT,larger_origami,2-2,538af0a3-8ce9-412d-bcac-e11292651aab,b6969811-6e6b-44cd-9cff-2ff770420798,4,215490.00064246313,500,True,500,100.0,0.014630081153784728,0.0,0.014630081153784728,0.008558064323142938,0.041539274777213545,0.0
fc12195d0636,fc12195d0636,24hb_2xT,larger_origami,2-2,a93b29a9-82af-4a13-b4e8-af398f01284b,e480da35-f7b3-4317-ac15-d1bd0b0d0629,4,215490.00064246313,500,True,500,100.0,0.019631376469167832,0.0,0.019631376469167832,0.013461046638188928,0.0577620473013773,0.0
fc12195d0636,fc12195d0636,24hb_2xT,larger_origami,2-2,e63b1492-a863-42c6-a8c9-9e759cbedbd8,f96ab93c-ef8e-428b-ab94-8cd8bb8d7d7a,4,215490.00064246313,500,True,500,100.0,0.016964916130451892,0.0,0.016964916130451892,0.0076678374329302735,0.0652843129689599,0.0
fc12195d0636,fc12195d0636,24hb_2xT,larger_origami,2-2,24954e5b-be3b-44f2-b8cd-dd44da06e4b2,48e6d986-f1b4-41e1-adbf-081075375648,4,215490.00064246313,500,True,321,64.2,0.014785471125245735,0.0,0.014694277626866922,0.011516599886401488,0.03472958386604289,0.0
fc12195d0636,fc12195d0636,24hb_2xT,larger_origami,2-2,e05d797c-8862-4fc2-9971-8c86f0e331a7,e4a24452-b485-49f2-bfc9-8569c0efd92d,4,215490.00064246313,500,True,500,100.0,0.01317550066050207,0.0,0.01317550066050207,0.004804200251884839,0.05439780887864639,0.0
fc12195d0636,fc12195d0636,24hb_2xT,larger_origami,2-2,b3d46c38-53e0-4548-9385-f316a9619c4a,b5ba8ab1-824c-4cee-8459-e56051ad2e07,4,215490.00064246313,500,True,500,100.0,0.013689160837418526,0.0,0.013689160837418526,0.008931456701665275,0.038572567045434006,0.0
fc12195d0636,fc12195d0636,24hb_2xT,larger_origami,2-2,156d78a7-3d3f-40ae-af39-69921b059b1a,aa0369b8-0d5a-4b95-82cb-2e46a3bfba3c,4,215490.00064246313,500,True,496,99.2,0.011886461471225494,0.0,0.0118747979193428,0.004501263967929432,0.04674520728401661,0.0
fc12195d0636,fc12195d0636,24hb_2xT,larger_origami,2-2,4dad7b3f-594e-4ca8-aac4-d8cadf41501c,8f0fb0f5-acc0-4096-8d63-1ac6dfcee229,4,215490.00064246313,500,True,500,100.0,0.012522992250264835,0.0,0.012522992250264835,0.007498691474696116,0.04427834927595969,0.0
fc12195d0636,fc12195d0636,24hb_2xT,larger_origami,2-2,72dd88d6-43c8-4af6-98e6-e44f3f800ade,80bd169c-b4cb-4e0c-99aa-28c5d22887a2,4,215490.00064246313,500,True,500,100.0,0.011632082173019127,0.0,0.011632082173019127,0.006563057074775669,0.031381358438137136,0.0
fc12195d0636,fc12195d0636,24hb_2xT,larger_origami,2-2,77277e0c-9334-4f5c-b315-24ebc9c9bb8f,b77ca303-ac3c-4cae-aac1-81546006b401,4,215490.00064246313,500,True,500,100.0,0.01017612996311791,0.0,0.01017612996311791,0.006017097599181908,0.03296851513695102,0.0
fc12195d0636,fc12195d0636,24hb_2xT,larger_origami,2-2,38219493-cc31-44ba-9cb2-309e1d4a33bc,85406cac-15d3-4f35-8315-f97221ca45d7,4,215490.00064246313,500,True,500,100.0,0.010271658231160281,0.0,0.010271658231160281,0.006486515812911342,0.02944500225659726,0.0
fc12195d0636,fc12195d0636,24hb_2xT,larger_origami,2-2,12cadc63-992f-4bc8-afab-1368b64e9585,ca07dc84-1722-44be-bcdf-17e9c8fd263d,4,215490.00064246313,500,True,500,100.0,0.008086230448959593,0.0,0.008086230448959593,0.004581203170370363,0.029862296542939874,0.0
