{
  "variant_label": "T2",
  "restraint_k_kcal": 1.0,
  "q_mean": [
    -8.1525626627509,
    -26.18600644069668,
    -10.807575655647554,
    -1.770797752516927,
    2.8836143177344886,
    -1.2412434162119355
  ],
  "q_std": [
    2.3506846542397297,
    2.5625207836962742,
    3.824632817082157,
    1.1062390267545879,
    0.1026270303075231,
    1.327942561041895
  ],
  "cov": [
    [
      5.525718343678156,
      -1.4601218429877443,
      1.9279260627763461,
      -0.34847842669885054,
      0.05176170210325445,
      -0.4778227657364492
    ],
    [
      -1.4601218429877443,
      6.566512766875365,
      -2.358450020235069,
      0.45498446404639414,
      -0.07553366496065293,
      -0.5137344877316833
    ],
    [
      1.9279260627763461,
      -2.358450020235069,
      14.627816185501782,
      -0.5760468503995053,
      0.047378560899965505,
      0.4096663603337369
    ],
    [
      -0.34847842669885054,
      0.45498446404639414,
      -0.5760468503995053,
      1.2237647843149386,
      0.03709778950254537,
      -0.023396642668817563
    ],
    [
      0.05176170210325445,
      -0.07553366496065293,
      0.047378560899965505,
      0.03709778950254537,
      0.010532307349741261,
      0.048172022585904826
    ],
    [
      -0.4778227657364492,
      -0.5137344877316833,
      0.4096663603337369,
      -0.023396642668817563,
      0.048172022585904826,
      1.7634314454265076
    ]
  ],
  "stiffness": [
    [
      0.58918948487261,
      0.06685963187185705,
      -0.05058992100633182,
      0.2640506168153038,
      -4.579875470275934,
      0.3194912967706117
    ],
    [
      0.06685963187185706,
      0.4868786332694879,
      0.04688287558756081,
      -0.24850939393493046,
      3.6121441594571584,
      0.04709482024726964
    ],
    [
      -0.05058992100633181,
      0.046882875587560824,
      0.195550398084112,
      0.07144013274967329,
      -0.3917137315322893,
      -0.03383005555400733
    ],
    [
      0.2640506168153038,
      -0.24850939393493046,
      0.07144013274967326,
      2.7764617564928002,
      -15.164080949185848,
      0.43363141007170575
    ],
    [
      -4.579875470275936,
      3.6121441594571593,
      -0.391713731532289,
      -15.164080949185848,
      399.74574613422254,
      -11.218787972705021
    ],
    [
      0.31949129677061183,
      0.04709482024726959,
      -0.03383005555400733,
      0.4336314100717059,
      -11.218787972705027,
      1.8827444182787303
    ]
  ],
  "mrdna_params": {
    "r0_ang": 29.478380261385354,
    "k_bond_kJ_mol_ang2": 0.4868786332694879,
    "hj_equilibrium_angle_rad": -1.770797752516927,
    "hj_equilibrium_angle_deg": -101.45923759047156,
    "k_dihedral_kJ_mol_rad2": 2.7764617564928002,
    "k_bend_kJ_mol_rad2": 200.81424527625063,
    "max_off_diagonal_coupling_fraction": 0.455174916021309,
    "full_6dof_stiffness_available": true,
    "note": "Only diagonal terms are injected into mrdna (current version). Off-diagonal coupling is saved in stiffness for future use."
  },
  "n_frames": 501,
  "converged": false,
  "convergence_warnings": [
    "DOF 0 (q0 (separation, \u00c5)): ESS = 15 < 100.  Extend the production run.",
    "DOF 1 (q1 (perp1, \u00c5)): ESS = 9 < 100.  Extend the production run.",
    "DOF 2 (q2 (perp2, \u00c5)): ESS = 12 < 100.  Extend the production run.",
    "DOF 3 (q3 (Euler \u03b1, rad)): ESS = 89 < 100.  Extend the production run.",
    "DOF 4 (q4 (Euler \u03b2, rad)): ESS = 44 < 100.  Extend the production run.",
    "DOF 5 (q5 (Euler \u03b3, rad)): ESS = 28 < 100.  Extend the production run.",
    "DOF 0 (q0 (separation, \u00c5)): running mean drifted by 0.11\u03c3 in final 25% of trajectory \u2014 not yet equilibrated.",
    "DOF 1 (q1 (perp1, \u00c5)): running mean drifted by 0.67\u03c3 in final 25% of trajectory \u2014 not yet equilibrated.",
    "DOF 2 (q2 (perp2, \u00c5)): running mean drifted by 0.75\u03c3 in final 25% of trajectory \u2014 not yet equilibrated.",
    "DOF 4 (q4 (Euler \u03b2, rad)): running mean drifted by 0.34\u03c3 in final 25% of trajectory \u2014 not yet equilibrated.",
    "DOF 5 (q5 (Euler \u03b3, rad)): running mean drifted by 0.48\u03c3 in final 25% of trajectory \u2014 not yet equilibrated."
  ]
}