{
  "variant_label": "T1",
  "restraint_k_kcal": 1.0,
  "q_mean": [
    -6.020218890957362,
    -27.788007809950017,
    3.0712390466090325,
    -0.9005347641525397,
    2.634234109018554,
    -0.5219258598247144
  ],
  "q_std": [
    3.49193929374672,
    2.648725925088432,
    5.447273006561539,
    0.8686067722916141,
    0.19114815817745573,
    1.1971846252859908
  ],
  "cov": [
    [
      12.193640031212285,
      -3.4717893663993107,
      -1.1039241960171584,
      0.8302898627864954,
      0.06701471662006823,
      0.8087550226011282
    ],
    [
      -3.4717893663993107,
      7.015749026235584,
      -2.3082422582182978,
      -0.527247471997259,
      -0.17682605642895738,
      -0.622740698137777
    ],
    [
      -1.1039241960171584,
      -2.3082422582182978,
      29.672783208013993,
      1.210558870462145,
      0.28131664676996376,
      0.2712468506198247
    ],
    [
      0.8302898627864954,
      -0.527247471997259,
      1.210558870462145,
      0.7544777248708571,
      0.05984825488687266,
      0.22596775542620098
    ],
    [
      0.06701471662006823,
      -0.17682605642895738,
      0.28131664676996376,
      0.05984825488687266,
      0.03653761837463353,
      0.03932294844767635
    ],
    [
      0.8087550226011282,
      -0.622740698137777,
      0.2712468506198247,
      0.22596775542620098,
      0.03932294844767635,
      1.4332510270211465
    ]
  ],
  "stiffness": [
    [
      0.2707232349655982,
      0.12725333423615628,
      0.027452756933690516,
      -0.26461045810811235,
      0.41934749646514596,
      -0.07245483618439724
    ],
    [
      0.12725333423615628,
      0.4932142537422696,
      0.024875730664866612,
      -0.011171742200551473,
      1.8858130690788815,
      0.0878067225770625
    ],
    [
      0.027452756933690512,
      0.024875730664866612,
      0.10000387967322952,
      -0.1381811955441068,
      -0.4859797402875659,
      0.011510536519810393
    ],
    [
      -0.26461045810811235,
      -0.011171742200551518,
      -0.13818119554410682,
      4.467482618305469,
      -5.407775757102951,
      -0.385367370642879
    ],
    [
      0.4193474964651459,
      1.885813069078881,
      -0.4859797402875659,
      -5.40777575710295,
      92.62764040992575,
      -1.014034055693035
    ],
    [
      -0.07245483618439723,
      0.0878067225770625,
      0.011510536519810394,
      -0.385367370642879,
      -1.0140340556930352,
      1.9647027570056557
    ]
  ],
  "mrdna_params": {
    "r0_ang": 28.598058025367717,
    "k_bond_kJ_mol_ang2": 0.4932142537422696,
    "hj_equilibrium_angle_rad": -0.9005347641525397,
    "hj_equilibrium_angle_deg": -51.59684129074951,
    "k_dihedral_kJ_mol_rad2": 4.467482618305469,
    "k_bend_kJ_mol_rad2": 47.2961715834657,
    "max_off_diagonal_coupling_fraction": 0.3482479713677852,
    "full_6dof_stiffness_available": true,
    "note": "Only diagonal terms are injected into mrdna (current version). Off-diagonal coupling is saved in stiffness for future use."
  },
  "n_frames": 9252,
  "converged": false,
  "convergence_warnings": [
    "DOF 0 (q0 (separation, \u00c5)): ESS = 15 < 100.  Extend the production run.",
    "DOF 1 (q1 (perp1, \u00c5)): ESS = 31 < 100.  Extend the production run.",
    "DOF 2 (q2 (perp2, \u00c5)): ESS = 19 < 100.  Extend the production run.",
    "DOF 3 (q3 (Euler \u03b1, rad)): ESS = 50 < 100.  Extend the production run.",
    "DOF 4 (q4 (Euler \u03b2, rad)): ESS = 43 < 100.  Extend the production run.",
    "DOF 5 (q5 (Euler \u03b3, rad)): ESS = 76 < 100.  Extend the production run.",
    "DOF 1 (q1 (perp1, \u00c5)): running mean drifted by 0.28\u03c3 in final 25% of trajectory \u2014 not yet equilibrated.",
    "DOF 2 (q2 (perp2, \u00c5)): running mean drifted by 0.71\u03c3 in final 25% of trajectory \u2014 not yet equilibrated.",
    "DOF 3 (q3 (Euler \u03b1, rad)): running mean drifted by 0.13\u03c3 in final 25% of trajectory \u2014 not yet equilibrated.",
    "DOF 5 (q5 (Euler \u03b3, rad)): running mean drifted by 0.31\u03c3 in final 25% of trajectory \u2014 not yet equilibrated."
  ]
}