{
  "n_bonds": 82,
  "backbone_bond_rest": 0.6777605853164318,
  "stages": [
    {
      "stage": "geometric",
      "mean": 0.677760585316432,
      "std": 4.528042440673454e-16,
      "min": 0.6777605853164301,
      "max": 0.6777605853164326,
      "max_deviation_from_rest": 1.6653345369377348e-15
    },
    {
      "stage": "perturbed",
      "mean": 0.9551666136994943,
      "std": 0.30683650260188977,
      "min": 0.2720007660789628,
      "max": 1.5839003472442346,
      "max_deviation_from_rest": 0.9061397619278028
    },
    {
      "stage": "final",
      "mean": 0.6783214048785919,
      "std": 0.0006749502346846516,
      "min": 0.6765482038160125,
      "max": 0.6801879412026738,
      "max_deviation_from_rest": 0.0024273558862419886
    }
  ]
}