{
  "crossover_bp": 10,
  "n_frames": 200,
  "noise_amplitude": 0.05,
  "mean_disp_near_xover": 0.9807595745228053,
  "mean_disp_free_ends": 1.243940924622437,
  "mobility_ratio_ends_over_xover": 1.2683444107366317,
  "crossover_is_stiffer": true,
  "per_bp_mean_disp": {
    "0": 2.723237600310487,
    "1": 1.9085200848016828,
    "2": 1.076381403894583,
    "3": 0.5889119613010635,
    "4": 0.8481825209853667,
    "5": 1.117240973619075,
    "6": 1.2627581707635889,
    "7": 1.2404917550254928,
    "8": 1.0489839169846038,
    "9": 0.9107604959127721,
    "10": 0.9083329954333743,
    "11": 0.9276779409274496,
    "12": 1.1080425233558262,
    "13": 1.345403363981386,
    "14": 1.512526150707758,
    "15": 1.5137623379121974,
    "16": 1.382425044639318,
    "17": 1.200716466544045,
    "18": 0.9790518116256368,
    "19": 0.8242308178615946,
    "20": 0.9077515342605912
  },
  "per_bp_std_disp": {
    "0": 0.847176333965813,
    "1": 0.8266223649368502,
    "2": 0.45141520633558985,
    "3": 0.2113942408185468,
    "4": 0.2916387425525996,
    "5": 0.5134972078358127,
    "6": 0.5671735550550114,
    "7": 0.5201168257810501,
    "8": 0.4049691540645411,
    "9": 0.2772425411025732,
    "10": 0.2610742496338053,
    "11": 0.310068255368932,
    "12": 0.37299084437700425,
    "13": 0.4785270171021052,
    "14": 0.6210987701470125,
    "15": 0.681173638259546,
    "16": 0.5998783731635666,
    "17": 0.47548018137939996,
    "18": 0.38356515247419176,
    "19": 0.3508309393656388,
    "20": 0.3230972998042049
  }
}