job_id,lineage_id,family,arrangement,pair_id,pair_class,site_a,site_b,native_key_a,native_key_b,intended_weld,screen_hit,screen_min_midpoint_ang,mean_k,reactive_pct
6fc87681f9de,24hb_0xT,24hb,0-0,D005:15~D00K:14,native_native_near_insert,D005:15,D00K:14,"('h_XY_2_3', 70, 'FORWARD')","('h_XY_2_3', 69, 'FORWARD')",False,True,3.7636146053730086,0.4506709769003451,60.0
6fc87681f9de,24hb_0xT,24hb,0-0,D015:15~D01P:42,native_native_near_insert,D015:15,D01P:42,"('h_XY_2_5', 14, 'FORWARD')","('h_XY_2_5', 13, 'FORWARD')",False,True,3.4623741354826816,0.42404737498296824,83.33333333333334
6fc87681f9de,24hb_0xT,24hb,0-0,D010:29~D01O:28,native_native_near_insert,D010:29,D01O:28,"('h_XY_1_4', 35, 'FORWARD')","('h_XY_1_4', 34, 'FORWARD')",False,True,3.538275201097603,0.4141740122456205,93.33333333333333
6fc87681f9de,24hb_0xT,24hb,0-0,D005:7~D00V:22,native_native_near_insert,D005:7,D00V:22,"('h_XY_1_2', 76, 'FORWARD')","('h_XY_1_2', 77, 'FORWARD')",False,True,3.7383016605198214,0.40604522836834156,80.0
6fc87681f9de,24hb_0xT,24hb,0-0,D016:8~D01D:28,native_native_near_insert,D016:8,D01D:28,"('h_XY_3_5', 41, 'REVERSE')","('h_XY_3_5', 42, 'REVERSE')",False,True,3.536359032199368,0.39988736351773235,80.0
6fc87681f9de,24hb_0xT,24hb,0-0,D00F:28~D021:29,native_native_near_insert,D00F:28,D021:29,"('h_XY_0_1', 104, 'FORWARD')","('h_XY_0_1', 105, 'FORWARD')",False,True,3.6451159534684665,0.3968980103094565,80.0
6fc87681f9de,24hb_0xT,24hb,0-0,D00L:14~D00P:22,native_native_near_insert,D00L:14,D00P:22,"('h_XY_2_4', 49, 'REVERSE')","('h_XY_2_4', 48, 'REVERSE')",False,True,3.5039484647270567,0.3938132933253676,83.33333333333334
6fc87681f9de,24hb_0xT,24hb,0-0,D012:42~D01S:15,native_native_near_insert,D012:42,D01S:15,"('h_XY_1_5', 98, 'REVERSE')","('h_XY_1_5', 97, 'REVERSE')",False,True,3.6928516229426163,0.3874831375961418,70.0
6fc87681f9de,24hb_0xT,24hb,0-0,D00A:21~D017:29,native_native_near_insert,D00A:21,D017:29,"('h_XY_1_6', 76, 'FORWARD')","('h_XY_1_6', 77, 'FORWARD')",False,True,3.4009956448082828,0.3623603924642429,86.66666666666667
6fc87681f9de,24hb_0xT,24hb,0-0,D00J:7~D023:8,native_native_near_insert,D00J:7,D023:8,"('h_XY_2_0', 14, 'REVERSE')","('h_XY_2_0', 13, 'REVERSE')",False,True,3.467413763531293,0.36175968169046974,93.33333333333333
6fc87681f9de,24hb_0xT,24hb,0-0,D00B:7~D01S:22,native_native_near_insert,D00B:7,D01S:22,"('h_XY_1_6', 90, 'FORWARD')","('h_XY_1_6', 91, 'FORWARD')",False,True,3.731324683384516,0.36076368053660063,83.33333333333334
6fc87681f9de,24hb_0xT,24hb,0-0,D019:15~D01L:42,native_native_near_insert,D019:15,D01L:42,"('h_XY_2_5', 119, 'FORWARD')","('h_XY_2_5', 118, 'FORWARD')",False,True,3.5152329332892593,0.3518178710172097,86.66666666666667
6fc87681f9de,24hb_0xT,24hb,0-0,D00X:49~D01U:1,native_native_far,D00X:49,D01U:1,"('h_XY_0_4', 35, 'REVERSE')","('h_XY_0_4', 34, 'REVERSE')",False,True,3.7010258635013487,0.3509920922883714,83.33333333333334
6fc87681f9de,24hb_0xT,24hb,0-0,D012:29~D01M:28,native_native_near_insert,D012:29,D01M:28,"('h_XY_1_4', 98, 'FORWARD')","('h_XY_1_4', 97, 'FORWARD')",False,True,3.5366936899151424,0.3485483573884897,93.33333333333333
6fc87681f9de,24hb_0xT,24hb,0-0,D01N:36~D01Q:35,native_native_near_insert,D01N:36,D01Q:35,"('h_XY_1_3', 55, 'REVERSE')","('h_XY_1_3', 56, 'REVERSE')",False,True,3.653437995317321,0.34101173835099424,76.66666666666667
6fc87681f9de,24hb_0xT,24hb,0-0,D00P:36~D01H:28,native_native_near_insert,D00P:36,D01H:28,"('h_XY_2_2', 48, 'REVERSE')","('h_XY_2_2', 49, 'REVERSE')",False,True,3.64312186099762,0.3297600061242762,80.0
6fc87681f9de,24hb_0xT,24hb,0-0,D01B:14~D01K:43,native_native_near_insert,D01B:14,D01K:43,"('h_XY_3_4', 111, 'FORWARD')","('h_XY_3_4', 112, 'FORWARD')",False,True,3.5833135833672163,0.3124415030197995,83.33333333333334
6fc87681f9de,24hb_0xT,24hb,0-0,D00Y:7~D023:22,native_native_near_insert,D00Y:7,D023:22,"('h_XY_3_1', 14, 'REVERSE')","('h_XY_3_1', 13, 'REVERSE')",False,True,3.585501059482551,0.3094024648725207,90.0
6fc87681f9de,24hb_0xT,24hb,0-0,D003:15~D00O:42,native_native_near_insert,D003:15,D00O:42,"('h_XY_2_1', 91, 'FORWARD')","('h_XY_2_1', 90, 'FORWARD')",False,True,3.6252136350936457,0.3051553451070364,66.66666666666666
6fc87681f9de,24hb_0xT,24hb,0-0,D00C:21~D01L:22,native_native_near_insert,D00C:21,D01L:22,"('h_XY_1_4', 111, 'FORWARD')","('h_XY_1_4', 112, 'FORWARD')",False,True,3.505314137450002,0.30254128732125485,90.0
6fc87681f9de,24hb_0xT,24hb,0-0,D00S:42~D023:15,native_native_near_insert,D00S:42,D023:15,"('h_XY_2_1', 6, 'FORWARD')","('h_XY_2_1', 7, 'FORWARD')",False,True,3.828559696840988,0.29658759152981135,76.66666666666667
6fc87681f9de,24hb_0xT,24hb,0-0,D019:29~D01R:28,native_native_near_insert,D019:29,D01R:28,"('h_XY_1_6', 119, 'FORWARD')","('h_XY_1_6', 118, 'FORWARD')",False,True,3.8376204783848755,0.2956296666394545,86.66666666666667
6fc87681f9de,24hb_0xT,24hb,0-0,D006:1~D01N:49,native_native_far,D006:1,D01N:49,"('h_XY_1_4', 56, 'FORWARD')","('h_XY_1_4', 55, 'FORWARD')",False,True,3.673995301736282,0.2922384006304535,66.66666666666666
6fc87681f9de,24hb_0xT,24hb,0-0,D00T:1~D01A:35,native_native_far,D00T:1,D01A:35,"('h_XY_3_1', 125, 'REVERSE')","('h_XY_3_1', 126, 'REVERSE')",False,True,3.677894118230933,0.2717812757444207,53.333333333333336
6fc87681f9de,24hb_0xT,24hb,0-0,D000:2399~D00H:34,native_native_near_insert,D000:2399,D00H:34,"('h_XY_2_1', 69, 'REVERSE')","('h_XY_2_1', 68, 'FORWARD')",False,True,5.527458890431674,0.18706048408261874,0.0
6fc87681f9de,24hb_0xT,24hb,0-0,D000:1258~D00Y:27,native_native_near_insert,D000:1258,D00Y:27,"('h_XY_1_2', 20, 'REVERSE')","('h_XY_1_2', 19, 'FORWARD')",False,True,5.254719537799011,0.18675205742380593,0.0
6fc87681f9de,24hb_0xT,24hb,0-0,D000:410~D01Z:35,native_native_near_insert,D000:410,D01Z:35,"('h_XY_1_5', 55, 'FORWARD')","('h_XY_1_5', 56, 'REVERSE')",False,True,5.346906396054026,0.17453431972937392,0.0
6fc87681f9de,24hb_0xT,24hb,0-0,D000:457~D008:6,native_native_near_insert,D000:457,D008:6,"('h_XY_1_6', 27, 'REVERSE')","('h_XY_1_6', 26, 'FORWARD')",False,True,5.450430387572709,0.17352827176898059,0.0
6fc87681f9de,24hb_0xT,24hb,0-0,D000:905~D001:27,native_native_near_insert,D000:905,D001:27,"('h_XY_3_1', 28, 'FORWARD')","('h_XY_3_1', 29, 'REVERSE')",False,True,5.67808646750107,0.1726007613581567,0.0
6fc87681f9de,24hb_0xT,24hb,0-0,D000:2217~D003:6,native_native_near_insert,D000:2217,D003:6,"('h_XY_1_0', 97, 'REVERSE')","('h_XY_1_0', 96, 'FORWARD')",False,True,4.673676408541211,0.1716550203310147,0.0
6fc87681f9de,24hb_0xT,24hb,0-0,D000:1097~D00I:13,native_native_near_insert,D000:1097,D00I:13,"('h_XY_1_0', 41, 'REVERSE')","('h_XY_1_0', 40, 'FORWARD')",False,True,5.657184616258669,0.16978854481521952,0.0
6fc87681f9de,24hb_0xT,24hb,0-0,D000:919~D01D:55,native_native_far,D000:919,D01D:55,"('h_XY_3_1', 42, 'FORWARD')","('h_XY_3_1', 43, 'REVERSE')",False,True,5.353103220039221,0.16690400012830303,0.0
6fc87681f9de,24hb_0xT,24hb,0-0,D000:3106~D00C:13,native_native_near_insert,D000:3106,D00C:13,"('h_XY_1_5', 105, 'FORWARD')","('h_XY_1_5', 106, 'REVERSE')",False,True,5.1943138754757685,0.16654137352528553,0.0
6fc87681f9de,24hb_0xT,24hb,0-0,D000:1989~D01L:20,native_native_near_insert,D000:1989,D01L:20,"('h_XY_1_3', 112, 'FORWARD')","('h_XY_1_3', 113, 'REVERSE')",False,True,5.031259629114207,0.1640147315721285,0.0
6fc87681f9de,24hb_0xT,24hb,0-0,D000:525~D016:26,native_native_near_insert,D000:525,D016:26,"('h_XY_2_6', 36, 'FORWARD')","('h_XY_2_6', 37, 'REVERSE')",False,True,4.957416427163472,0.16398985871960176,0.0
6fc87681f9de,24hb_0xT,24hb,0-0,D000:3121~D013:40,native_native_near_insert,D000:3121,D013:40,"('h_XY_1_5', 120, 'FORWARD')","('h_XY_1_5', 121, 'REVERSE')",False,True,5.231304221095869,0.16268127722393447,0.0
6fc87681f9de,24hb_0xT,24hb,0-0,D000:2070~D00B:34,native_native_near_insert,D000:2070,D00B:34,"('h_XY_1_2', 90, 'REVERSE')","('h_XY_1_2', 89, 'FORWARD')",False,True,5.779013570313072,0.16259745905341225,0.0
6fc87681f9de,24hb_0xT,24hb,0-0,D000:1614~D00K:26,native_native_near_insert,D000:1614,D00K:26,"('h_XY_2_2', 57, 'FORWARD')","('h_XY_2_2', 58, 'REVERSE')",False,True,5.69369617296348,0.16246049858681655,0.0
6fc87681f9de,24hb_0xT,24hb,0-0,D000:3234~D01T:3,native_native_far,D000:3234,D01T:3,"('h_XY_0_4', 73, 'FORWARD')","('h_XY_0_4', 74, 'REVERSE')",False,True,5.414035060927139,0.16217437826099557,0.0
6fc87681f9de,24hb_0xT,24hb,0-0,D000:3200~D020:6,native_native_near_insert,D000:3200,D020:6,"('h_XY_0_5', 90, 'REVERSE')","('h_XY_0_5', 89, 'FORWARD')",False,True,5.155007308194761,0.1609716133356849,0.0
6fc87681f9de,24hb_0xT,24hb,0-0,D000:1109~D001:1,native_native_far,D000:1109,D001:1,"('h_XY_1_0', 29, 'REVERSE')","('h_XY_1_0', 28, 'FORWARD')",False,True,5.396440296919649,0.16057406848372516,0.0
6fc87681f9de,24hb_0xT,24hb,0-0,D000:1238~D00X:26,native_native_near_insert,D000:1238,D00X:26,"('h_XY_1_2', 40, 'REVERSE')","('h_XY_1_2', 39, 'FORWARD')",False,True,5.204575116547659,0.1599946455502104,0.0
6fc87681f9de,24hb_0xT,24hb,0-0,D000:1317~D01O:20,native_native_near_insert,D000:1317,D01O:20,"('h_XY_1_3', 28, 'FORWARD')","('h_XY_1_3', 29, 'REVERSE')",False,True,4.9321784946340115,0.15949981664446475,0.0
6fc87681f9de,24hb_0xT,24hb,0-0,D000:1479~D00L:6,native_native_far,D000:1479,D00L:6,"('h_XY_2_4', 56, 'FORWARD')","('h_XY_2_4', 57, 'REVERSE')",False,True,5.37609350342442,0.15769081938677204,0.0
6fc87681f9de,24hb_0xT,24hb,0-0,D000:2700~D017:5,native_native_near_insert,D000:2700,D017:5,"('h_XY_3_4', 82, 'REVERSE')","('h_XY_3_4', 81, 'FORWARD')",False,True,5.342862996307049,0.15717276346263392,0.0
6fc87681f9de,24hb_0xT,24hb,0-0,D000:1385~D01O:26,native_native_near_insert,D000:1385,D01O:26,"('h_XY_1_4', 33, 'REVERSE')","('h_XY_1_4', 32, 'FORWARD')",False,True,5.353205633953414,0.1565288065357599,0.0
6fc87681f9de,24hb_0xT,24hb,0-0,D000:510~D00Q:6,native_native_near_insert,D000:510,D00Q:6,"('h_XY_2_6', 21, 'FORWARD')","('h_XY_2_6', 22, 'REVERSE')",False,True,4.847747457846836,0.15611496135685646,0.0
6fc87681f9de,24hb_0xT,24hb,0-0,D000:3420~D021:27,native_native_near_insert,D000:3420,D021:27,"('h_XY_0_2', 105, 'FORWARD')","('h_XY_0_2', 106, 'REVERSE')",False,True,5.103211342908734,0.15606910088000456,0.0
6fc87681f9de,24hb_0xT,24hb,0-0,D000:2064~D01J:19,native_native_near_insert,D000:2064,D01J:19,"('h_XY_1_2', 96, 'REVERSE')","('h_XY_1_2', 95, 'FORWARD')",False,True,5.593431075408398,0.15506820255034184,0.0
6fc87681f9de,24hb_0xT,24hb,0-0,D000:432~D01T:45,native_native_near_insert,D000:432,D01T:45,"('h_XY_1_6', 52, 'REVERSE')","('h_XY_1_6', 51, 'FORWARD')",False,True,5.216766555809036,0.15502219460233813,0.0
6fc87681f9de,24hb_0xT,24hb,0-0,D000:986~D023:19,native_native_near_insert,D000:986,D023:19,"('h_XY_2_1', 12, 'REVERSE')","('h_XY_2_1', 11, 'FORWARD')",False,True,5.1480144742681215,0.15450867346107236,0.0
6fc87681f9de,24hb_0xT,24hb,0-0,D000:1721~D00N:27,native_native_near_insert,D000:1721,D00N:27,"('h_XY_2_3', 111, 'REVERSE')","('h_XY_2_3', 110, 'FORWARD')",False,True,4.916818195119206,0.15445654526397995,0.0
6fc87681f9de,24hb_0xT,24hb,0-0,D000:3434~D00E:34,native_native_far,D000:3434,D00E:34,"('h_XY_0_2', 119, 'FORWARD')","('h_XY_0_2', 120, 'REVERSE')",False,True,5.717241354687428,0.1541103039266387,0.0
6fc87681f9de,24hb_0xT,24hb,0-0,D000:2151~D00E:19,native_native_near_insert,D000:2151,D00E:19,"('h_XY_1_1', 120, 'FORWARD')","('h_XY_1_1', 121, 'REVERSE')",False,True,5.553439120107072,0.15378579878763532,0.0
6fc87681f9de,24hb_0xT,24hb,0-0,D000:1749~D011:20,native_native_near_insert,D000:1749,D011:20,"('h_XY_2_3', 83, 'REVERSE')","('h_XY_2_3', 82, 'FORWARD')",False,True,5.263237193840018,0.15323823360202973,0.0
6fc87681f9de,24hb_0xT,24hb,0-0,D000:1324~D00X:34,native_native_near_insert,D000:1324,D00X:34,"('h_XY_1_3', 35, 'FORWARD')","('h_XY_1_3', 36, 'REVERSE')",False,True,5.401514450481448,0.15167386778038922,0.0
6fc87681f9de,24hb_0xT,24hb,0-0,D000:1662~D00N:34,native_native_near_insert,D000:1662,D00N:34,"('h_XY_2_2', 105, 'FORWARD')","('h_XY_2_2', 106, 'REVERSE')",False,True,5.392353126707188,0.15077808691816524,0.0
6fc87681f9de,24hb_0xT,24hb,0-0,D000:979~D00Y:12,native_native_near_insert,D000:979,D00Y:12,"('h_XY_2_1', 19, 'REVERSE')","('h_XY_2_1', 18, 'FORWARD')",False,True,5.847517021154543,0.1501887036108435,0.0
6fc87681f9de,24hb_0xT,24hb,0-0,D000:2204~D00C:47,native_native_far,D000:2204,D00C:47,"('h_XY_1_0', 110, 'REVERSE')","('h_XY_1_0', 109, 'FORWARD')",False,True,5.9822352453174865,0.14893501695034386,0.0
6fc87681f9de,24hb_0xT,24hb,0-0,D000:2619~D01K:41,native_native_near_insert,D000:2619,D01K:41,"('h_XY_3_3', 112, 'FORWARD')","('h_XY_3_3', 113, 'REVERSE')",False,True,4.795214936207056,0.1482215984660842,0.0
6fc87681f9de,24hb_0xT,24hb,0-0,D000:2471~D00T:1,native_native_far,D000:2471,D00T:1,"('h_XY_3_1', 124, 'FORWARD')","('h_XY_3_1', 125, 'REVERSE')",False,True,5.933726624992129,0.1476247401576534,0.0
6fc87681f9de,24hb_0xT,24hb,0-0,D000:1803~D00O:18,native_native_far,D000:1803,D00O:18,"('h_XY_2_4', 86, 'FORWARD')","('h_XY_2_4', 87, 'REVERSE')",False,True,5.657595631856759,0.14731931134260115,0.0
6fc87681f9de,24hb_0xT,24hb,0-0,D000:1533~D00S:26,native_native_near_insert,D000:1533,D00S:26,"('h_XY_2_3', 5, 'REVERSE')","('h_XY_2_3', 4, 'FORWARD')",False,True,5.885592692311387,0.1462505637673687,0.0
6fc87681f9de,24hb_0xT,24hb,0-0,D000:2954~D01R:33,native_native_far,D000:2954,D01R:33,"('h_XY_2_6', 113, 'FORWARD')","('h_XY_2_6', 114, 'REVERSE')",False,True,5.784870308792231,0.1454873419049916,0.0
6fc87681f9de,24hb_0xT,24hb,0-0,D000:3474~D00E:26,native_native_near_insert,D000:3474,D00E:26,"('h_XY_0_1', 124, 'REVERSE')","('h_XY_0_1', 123, 'FORWARD')",False,True,5.495689161309064,0.14504982965158034,0.0
6fc87681f9de,24hb_0xT,24hb,0-0,D000:2256~D00H:41,native_native_far,D000:2256,D00H:41,"('h_XY_2_0', 63, 'FORWARD')","('h_XY_2_0', 64, 'REVERSE')",False,True,5.038226536828197,0.14455712011110272,0.0
6fc87681f9de,24hb_0xT,24hb,0-0,D000:2947~D00N:5,native_native_near_insert,D000:2947,D00N:5,"('h_XY_2_6', 106, 'FORWARD')","('h_XY_2_6', 107, 'REVERSE')",False,True,5.765759557308639,0.14410664293998543,0.0
6fc87681f9de,24hb_0xT,24hb,0-0,D000:2317~D00E:1,native_native_far,D000:2317,D00E:1,"('h_XY_2_0', 124, 'FORWARD')","('h_XY_2_0', 125, 'REVERSE')",False,True,5.893876751165543,0.1437012549325765,0.0
6fc87681f9de,24hb_0xT,24hb,0-0,D000:2758~D01M:48,native_native_far,D000:2758,D01M:48,"('h_XY_3_5', 91, 'FORWARD')","('h_XY_3_5', 92, 'REVERSE')",False,True,5.347694135132054,0.1431490944638102,0.0
6fc87681f9de,24hb_0xT,24hb,0-0,D000:3182~D021:3,native_native_far,D000:3182,D021:3,"('h_XY_0_5', 108, 'REVERSE')","('h_XY_0_5', 107, 'FORWARD')",False,True,5.747009048454668,0.14282417600220432,0.0
6fc87681f9de,24hb_0xT,24hb,0-0,D000:1406~D01P:26,native_native_near_insert,D000:1406,D01P:26,"('h_XY_1_4', 12, 'REVERSE')","('h_XY_1_4', 11, 'FORWARD')",False,True,5.7981618653099405,0.14264648530349192,0.0
6fc87681f9de,24hb_0xT,24hb,0-0,D000:2036~D00T:26,native_native_near_insert,D000:2036,D00T:26,"('h_XY_1_2', 124, 'REVERSE')","('h_XY_1_2', 123, 'FORWARD')",False,True,5.8547599073528716,0.14189729120255035,0.0
6fc87681f9de,24hb_0xT,24hb,0-0,D000:1199~D01H:12,native_native_near_insert,D000:1199,D01H:12,"('h_XY_1_1', 50, 'FORWARD')","('h_XY_1_1', 51, 'REVERSE')",False,True,5.907217420724144,0.1417870606115487,0.0
6fc87681f9de,24hb_0xT,24hb,0-0,D000:3266~D021:13,native_native_near_insert,D000:3266,D021:13,"('h_XY_0_4', 105, 'FORWARD')","('h_XY_0_4', 106, 'REVERSE')",False,True,4.788841026560573,0.14160001610403886,0.0
6fc87681f9de,24hb_0xT,24hb,0-0,D000:1729~D012:19,native_native_near_insert,D000:1729,D012:19,"('h_XY_2_3', 103, 'REVERSE')","('h_XY_2_3', 102, 'FORWARD')",False,True,5.077781589948042,0.14134847501599462,0.0
6fc87681f9de,24hb_0xT,24hb,0-0,D000:1431~D01P:33,native_native_near_insert,D000:1431,D01P:33,"('h_XY_2_4', 8, 'FORWARD')","('h_XY_2_4', 9, 'REVERSE')",False,True,5.028842298475023,0.1409870593017738,0.0
6fc87681f9de,24hb_0xT,24hb,0-0,D000:2585~D011:12,native_native_near_insert,D000:2585,D011:12,"('h_XY_3_3', 78, 'FORWARD')","('h_XY_3_3', 79, 'REVERSE')",False,True,5.154525469260241,0.14083110295850818,0.0
6fc87681f9de,24hb_0xT,24hb,0-0,D000:97~D00J:32,native_native_far,D000:97,D00J:32,"('h_XY_0_2', 16, 'FORWARD')","('h_XY_0_2', 17, 'REVERSE')",False,True,5.991713183377097,0.13970039114775645,0.0
6fc87681f9de,24hb_0xT,24hb,0-0,D000:1037~D00Q:49,native_native_far,D000:1037,D00Q:49,"('h_XY_2_0', 20, 'FORWARD')","('h_XY_2_0', 21, 'REVERSE')",False,True,4.619965654801281,0.13969730431582172,0.0
6fc87681f9de,24hb_0xT,24hb,0-0,D000:3503~D01J:4,native_native_far,D000:3503,D01J:4,"('h_XY_0_1', 95, 'REVERSE')","('h_XY_0_1', 94, 'FORWARD')",False,True,5.097881676223662,0.13881203784296084,0.0
6fc87681f9de,24hb_0xT,24hb,0-0,D000:2288~D003:9,native_native_near_insert,D000:2288,D003:9,"('h_XY_2_0', 95, 'FORWARD')","('h_XY_2_0', 96, 'REVERSE')",False,True,5.842067442479745,0.13850440845997117,0.0
6fc87681f9de,24hb_0xT,24hb,0-0,D000:1505~D01G:33,native_native_near_insert,D000:1505,D01G:33,"('h_XY_2_3', 33, 'REVERSE')","('h_XY_2_3', 32, 'FORWARD')",False,True,5.791078814730485,0.13779796115964807,0.0
6fc87681f9de,24hb_0xT,24hb,0-0,D000:652~D01D:26,native_native_near_insert,D000:652,D01D:26,"('h_XY_3_5', 43, 'FORWARD')","('h_XY_3_5', 44, 'REVERSE')",False,True,4.826348037690612,0.13597738688239083,0.0
6fc87681f9de,24hb_0xT,24hb,0-0,D000:939~D00H:24,native_native_far,D000:939,D00H:24,"('h_XY_2_1', 59, 'REVERSE')","('h_XY_2_1', 58, 'FORWARD')",False,True,5.32926882057502,0.1335760989691576,0.0
6fc87681f9de,24hb_0xT,24hb,0-0,D000:2270~D00G:6,native_native_near_insert,D000:2270,D00G:6,"('h_XY_2_0', 77, 'FORWARD')","('h_XY_2_0', 78, 'REVERSE')",False,True,5.176217517263319,0.13306985967391,0.0
6fc87681f9de,24hb_0xT,24hb,0-0,D000:3052~D017:29,native_native_near_insert,D000:3052,D017:29,"('h_XY_1_6', 78, 'REVERSE')","('h_XY_1_6', 77, 'FORWARD')",False,True,5.412290680908945,0.13291871897176438,0.0
6fc87681f9de,24hb_0xT,24hb,0-0,D000:1961~D00B:27,native_native_near_insert,D000:1961,D00B:27,"('h_XY_1_3', 84, 'FORWARD')","('h_XY_1_3', 85, 'REVERSE')",False,True,4.984452084050879,0.13291850385864004,0.0
6fc87681f9de,24hb_0xT,24hb,0-0,D000:2122~D01J:13,native_native_near_insert,D000:2122,D01J:13,"('h_XY_1_1', 91, 'FORWARD')","('h_XY_1_1', 92, 'REVERSE')",False,True,5.044837256914361,0.12889256732374452,0.0
6fc87681f9de,24hb_0xT,24hb,0-0,D000:2478~D01A:29,native_native_near_insert,D000:2478,D01A:29,"('h_XY_3_1', 131, 'FORWARD')","('h_XY_3_1', 132, 'REVERSE')",False,True,5.648405257860514,0.1271117609057046,0.0
6fc87681f9de,24hb_0xT,24hb,0-0,D000:1742~D00O:27,native_native_near_insert,D000:1742,D00O:27,"('h_XY_2_3', 90, 'REVERSE')","('h_XY_2_3', 89, 'FORWARD')",False,True,4.983998776704243,0.1269271214778696,0.0
6fc87681f9de,24hb_0xT,24hb,0-0,D000:3446~D022:22,native_native_near_insert,D000:3446,D022:22,"('h_XY_0_2', 131, 'FORWARD')","('h_XY_0_2', 132, 'REVERSE')",False,True,4.6680258983482235,0.12098764743777,0.0
6fc87681f9de,24hb_0xT,24hb,0-0,D000:570~D01O:41,native_native_near_insert,D000:570,D01O:41,"('h_XY_2_5', 34, 'REVERSE')","('h_XY_2_5', 33, 'FORWARD')",False,True,4.232944969819169,0.10495124755423699,0.0
6fc87681f9de,24hb_0xT,24hb,0-0,D000:1218~D00K:32,native_native_far,D000:1218,D00K:32,"('h_XY_1_2', 60, 'REVERSE')","('h_XY_1_2', 59, 'FORWARD')",False,True,5.674890974132157,0.07875860079836011,0.0
6fc87681f9de,24hb_0xT,24hb,0-0,D000:2736~D006:42,native_native_far,D000:2736,D006:42,"('h_XY_3_5', 69, 'FORWARD')","('h_XY_3_5', 70, 'REVERSE')",False,True,3.5624330147701655,0.07382442597405431,0.0
6fc87681f9de,24hb_0xT,24hb,0-0,D000:3311~D022:21,native_native_near_insert,D000:3311,D022:21,"('h_XY_0_3', 133, 'REVERSE')","('h_XY_0_3', 132, 'FORWARD')",False,True,4.504908191651868,0.07034191899752283,0.0
6fc87681f9de,24hb_0xT,24hb,0-0,D000:2945~D00N:7,native_native_near_insert,D000:2945,D00N:7,"('h_XY_2_6', 104, 'FORWARD')","('h_XY_2_6', 105, 'REVERSE')",False,True,4.631428067163325,0.069853600474586,0.0
6fc87681f9de,24hb_0xT,24hb,0-0,D000:3226~D01T:11,native_native_far,D000:3226,D01T:11,"('h_XY_0_4', 65, 'FORWARD')","('h_XY_0_4', 66, 'REVERSE')",False,True,4.744393593453291,0.06332564343903094,0.0
6fc87681f9de,24hb_0xT,24hb,0-0,D000:1369~D009:21,native_native_near_insert,D000:1369,D009:21,"('h_XY_1_4', 49, 'REVERSE')","('h_XY_1_4', 48, 'FORWARD')",False,True,5.42811972697427,0.058939379908655706,0.0
6fc87681f9de,24hb_0xT,24hb,0-0,D000:3046~D017:35,native_native_far,D000:3046,D017:35,"('h_XY_1_6', 84, 'REVERSE')","('h_XY_1_6', 83, 'FORWARD')",False,True,5.046700611511811,0.051744371423089484,0.0
6fc87681f9de,24hb_0xT,24hb,0-0,D000:2433~D01C:32,native_native_far,D000:2433,D01C:32,"('h_XY_3_1', 86, 'FORWARD')","('h_XY_3_1', 87, 'REVERSE')",False,True,4.809370041304677,0.030883649325457667,0.0
6fc87681f9de,24hb_0xT,24hb,0-0,D000:1654~D00U:20,native_native_near_insert,D000:1654,D00U:20,"('h_XY_2_2', 97, 'FORWARD')","('h_XY_2_2', 99, 'REVERSE')",False,True,5.912594798790137,0.02133328873797929,0.0
6fc87681f9de,24hb_0xT,24hb,0-0,D000:2269~D00G:6,native_native_near_insert,D000:2269,D00G:6,"('h_XY_2_0', 76, 'FORWARD')","('h_XY_2_0', 78, 'REVERSE')",False,True,5.1500466375828315,0.021012997368048767,0.0
6fc87681f9de,24hb_0xT,24hb,0-0,D000:2432~D01C:32,native_native_far,D000:2432,D01C:32,"('h_XY_3_1', 85, 'FORWARD')","('h_XY_3_1', 87, 'REVERSE')",False,True,5.074900547928443,0.012514223265412888,0.0
3e9e2df26012,24hb_0xT,24hb,0-0,D015:15~D01P:42,native_native_near_insert,D015:15,D01P:42,"('h_XY_2_5', 14, 'FORWARD')","('h_XY_2_5', 13, 'FORWARD')",False,True,3.3270689082255815,0.4148930946038564,79.60000000000001
3e9e2df26012,24hb_0xT,24hb,0-0,D016:8~D01D:28,native_native_near_insert,D016:8,D01D:28,"('h_XY_3_5', 41, 'REVERSE')","('h_XY_3_5', 42, 'REVERSE')",False,True,3.3251556837000336,0.3991637258432734,86.6
3e9e2df26012,24hb_0xT,24hb,0-0,D00B:7~D01S:22,native_native_near_insert,D00B:7,D01S:22,"('h_XY_1_6', 90, 'FORWARD')","('h_XY_1_6', 91, 'FORWARD')",False,True,3.4528106255696294,0.39877595923013404,91.8
3e9e2df26012,24hb_0xT,24hb,0-0,D005:15~D00K:14,native_native_near_insert,D005:15,D00K:14,"('h_XY_2_3', 70, 'FORWARD')","('h_XY_2_3', 69, 'FORWARD')",False,True,3.3826333626252554,0.39558426035231137,83.2
3e9e2df26012,24hb_0xT,24hb,0-0,D00J:7~D023:8,native_native_near_insert,D00J:7,D023:8,"('h_XY_2_0', 14, 'REVERSE')","('h_XY_2_0', 13, 'REVERSE')",False,True,3.4081672196351893,0.3951316118256157,84.2
3e9e2df26012,24hb_0xT,24hb,0-0,D01N:36~D01Q:35,native_native_near_insert,D01N:36,D01Q:35,"('h_XY_1_3', 55, 'REVERSE')","('h_XY_1_3', 56, 'REVERSE')",False,True,3.408782296633639,0.3839972918953523,77.4
3e9e2df26012,24hb_0xT,24hb,0-0,D005:7~D00V:22,native_native_near_insert,D005:7,D00V:22,"('h_XY_1_2', 76, 'FORWARD')","('h_XY_1_2', 77, 'FORWARD')",False,True,3.372190604664692,0.37991982385941453,78.60000000000001
3e9e2df26012,24hb_0xT,24hb,0-0,D00F:28~D021:29,native_native_near_insert,D00F:28,D021:29,"('h_XY_0_1', 104, 'FORWARD')","('h_XY_0_1', 105, 'FORWARD')",False,True,3.420722641617702,0.3771856329251969,85.39999999999999
3e9e2df26012,24hb_0xT,24hb,0-0,D010:29~D01O:28,native_native_near_insert,D010:29,D01O:28,"('h_XY_1_4', 35, 'FORWARD')","('h_XY_1_4', 34, 'FORWARD')",False,True,3.4636477336973783,0.35944378058997106,76.6
3e9e2df26012,24hb_0xT,24hb,0-0,D012:42~D01S:15,native_native_near_insert,D012:42,D01S:15,"('h_XY_1_5', 98, 'REVERSE')","('h_XY_1_5', 97, 'REVERSE')",False,True,3.3613837813395353,0.35453831010317,78.2
3e9e2df26012,24hb_0xT,24hb,0-0,D01B:14~D01K:43,native_native_near_insert,D01B:14,D01K:43,"('h_XY_3_4', 111, 'FORWARD')","('h_XY_3_4', 112, 'FORWARD')",False,True,3.405814057429961,0.3440843020935798,87.4
3e9e2df26012,24hb_0xT,24hb,0-0,D00L:14~D00P:22,native_native_near_insert,D00L:14,D00P:22,"('h_XY_2_4', 49, 'REVERSE')","('h_XY_2_4', 48, 'REVERSE')",False,True,3.4446968764502657,0.3428778704238507,79.0
3e9e2df26012,24hb_0xT,24hb,0-0,D019:15~D01L:42,native_native_near_insert,D019:15,D01L:42,"('h_XY_2_5', 119, 'FORWARD')","('h_XY_2_5', 118, 'FORWARD')",False,True,3.4363513485094734,0.3410672047768975,85.8
3e9e2df26012,24hb_0xT,24hb,0-0,D00C:21~D01L:22,native_native_near_insert,D00C:21,D01L:22,"('h_XY_1_4', 111, 'FORWARD')","('h_XY_1_4', 112, 'FORWARD')",False,True,3.3715943914351936,0.3410490397102991,89.60000000000001
3e9e2df26012,24hb_0xT,24hb,0-0,D00P:36~D01H:28,native_native_near_insert,D00P:36,D01H:28,"('h_XY_2_2', 48, 'REVERSE')","('h_XY_2_2', 49, 'REVERSE')",False,True,3.482824712750027,0.33907185797647765,86.8
3e9e2df26012,24hb_0xT,24hb,0-0,D00X:49~D01U:1,native_native_far,D00X:49,D01U:1,"('h_XY_0_4', 35, 'REVERSE')","('h_XY_0_4', 34, 'REVERSE')",False,True,3.446952721790587,0.3366512348610655,76.2
3e9e2df26012,24hb_0xT,24hb,0-0,D006:1~D01N:49,native_native_far,D006:1,D01N:49,"('h_XY_1_4', 56, 'FORWARD')","('h_XY_1_4', 55, 'FORWARD')",False,True,3.430778967141196,0.3123062263391297,74.4
3e9e2df26012,24hb_0xT,24hb,0-0,D012:29~D01M:28,native_native_near_insert,D012:29,D01M:28,"('h_XY_1_4', 98, 'FORWARD')","('h_XY_1_4', 97, 'FORWARD')",False,True,3.4137978950437646,0.3073133056962494,61.4
3e9e2df26012,24hb_0xT,24hb,0-0,D00Y:7~D023:22,native_native_near_insert,D00Y:7,D023:22,"('h_XY_3_1', 14, 'REVERSE')","('h_XY_3_1', 13, 'REVERSE')",False,True,3.2914116114586314,0.30644836619861043,88.8
3e9e2df26012,24hb_0xT,24hb,0-0,D019:29~D01R:28,native_native_near_insert,D019:29,D01R:28,"('h_XY_1_6', 119, 'FORWARD')","('h_XY_1_6', 118, 'FORWARD')",False,True,3.385992127902525,0.29668471344011854,70.39999999999999
3e9e2df26012,24hb_0xT,24hb,0-0,D003:15~D00O:42,native_native_near_insert,D003:15,D00O:42,"('h_XY_2_1', 91, 'FORWARD')","('h_XY_2_1', 90, 'FORWARD')",False,True,3.455395203319687,0.2958401992707621,71.2
3e9e2df26012,24hb_0xT,24hb,0-0,D00S:42~D023:15,native_native_near_insert,D00S:42,D023:15,"('h_XY_2_1', 6, 'FORWARD')","('h_XY_2_1', 7, 'FORWARD')",False,True,3.476923312165128,0.2937654396029487,74.8
3e9e2df26012,24hb_0xT,24hb,0-0,D00A:21~D017:29,native_native_near_insert,D00A:21,D017:29,"('h_XY_1_6', 76, 'FORWARD')","('h_XY_1_6', 77, 'FORWARD')",False,True,3.292916396422104,0.19804487921671035,15.4
3e9e2df26012,24hb_0xT,24hb,0-0,D000:1258~D00Y:27,native_native_near_insert,D000:1258,D00Y:27,"('h_XY_1_2', 20, 'REVERSE')","('h_XY_1_2', 19, 'FORWARD')",False,True,4.627107378098357,0.18052937173739259,0.0
3e9e2df26012,24hb_0xT,24hb,0-0,D000:457~D008:6,native_native_near_insert,D000:457,D008:6,"('h_XY_1_6', 27, 'REVERSE')","('h_XY_1_6', 26, 'FORWARD')",False,True,4.692873830651107,0.17117129979949147,0.0
3e9e2df26012,24hb_0xT,24hb,0-0,D000:1324~D00X:34,native_native_near_insert,D000:1324,D00X:34,"('h_XY_1_3', 35, 'FORWARD')","('h_XY_1_3', 36, 'REVERSE')",False,True,4.566144223021177,0.16994009873554433,0.0
3e9e2df26012,24hb_0xT,24hb,0-0,D000:1317~D01O:20,native_native_near_insert,D000:1317,D01O:20,"('h_XY_1_3', 28, 'FORWARD')","('h_XY_1_3', 29, 'REVERSE')",False,True,4.968383453874412,0.16987676755123465,0.0
3e9e2df26012,24hb_0xT,24hb,0-0,D000:3106~D00C:13,native_native_near_insert,D000:3106,D00C:13,"('h_XY_1_5', 105, 'FORWARD')","('h_XY_1_5', 106, 'REVERSE')",False,True,4.635684402759657,0.16959191252342112,0.0
3e9e2df26012,24hb_0xT,24hb,0-0,D000:905~D001:27,native_native_near_insert,D000:905,D001:27,"('h_XY_3_1', 28, 'FORWARD')","('h_XY_3_1', 29, 'REVERSE')",False,True,4.671670165069789,0.16835608277852995,0.0
3e9e2df26012,24hb_0xT,24hb,0-0,D000:2070~D00B:34,native_native_near_insert,D000:2070,D00B:34,"('h_XY_1_2', 90, 'REVERSE')","('h_XY_1_2', 89, 'FORWARD')",False,True,5.3520655636396315,0.1659835476089673,0.0
3e9e2df26012,24hb_0xT,24hb,0-0,D000:525~D016:26,native_native_near_insert,D000:525,D016:26,"('h_XY_2_6', 36, 'FORWARD')","('h_XY_2_6', 37, 'REVERSE')",False,True,4.831711748374024,0.16384407974020193,0.0
3e9e2df26012,24hb_0xT,24hb,0-0,D000:1989~D01L:20,native_native_near_insert,D000:1989,D01L:20,"('h_XY_1_3', 112, 'FORWARD')","('h_XY_1_3', 113, 'REVERSE')",False,True,4.413673698130517,0.16372910825544015,0.2
3e9e2df26012,24hb_0xT,24hb,0-0,D00T:1~D01A:35,native_native_far,D00T:1,D01A:35,"('h_XY_3_1', 125, 'REVERSE')","('h_XY_3_1', 126, 'REVERSE')",False,True,3.531762800116072,0.16369211357031824,31.6
3e9e2df26012,24hb_0xT,24hb,0-0,D000:2217~D003:6,native_native_near_insert,D000:2217,D003:6,"('h_XY_1_0', 97, 'REVERSE')","('h_XY_1_0', 96, 'FORWARD')",False,True,4.376721977074399,0.16037603240459106,0.6
3e9e2df26012,24hb_0xT,24hb,0-0,D000:3266~D021:13,native_native_near_insert,D000:3266,D021:13,"('h_XY_0_4', 105, 'FORWARD')","('h_XY_0_4', 106, 'REVERSE')",False,True,4.688486066360037,0.16028435900792312,0.0
3e9e2df26012,24hb_0xT,24hb,0-0,D000:510~D00Q:6,native_native_near_insert,D000:510,D00Q:6,"('h_XY_2_6', 21, 'FORWARD')","('h_XY_2_6', 22, 'REVERSE')",False,True,4.91860443657629,0.15991405842079984,0.0
3e9e2df26012,24hb_0xT,24hb,0-0,D000:649~D016:8,native_native_near_insert,D000:649,D016:8,"('h_XY_3_5', 40, 'FORWARD')","('h_XY_3_5', 41, 'REVERSE')",False,True,5.520299025111066,0.15978301555750754,0.0
3e9e2df26012,24hb_0xT,24hb,0-0,D000:1406~D01P:26,native_native_near_insert,D000:1406,D01P:26,"('h_XY_1_4', 12, 'REVERSE')","('h_XY_1_4', 11, 'FORWARD')",False,True,5.440526206806394,0.15923912550386313,0.0
3e9e2df26012,24hb_0xT,24hb,0-0,D000:2204~D00C:47,native_native_far,D000:2204,D00C:47,"('h_XY_1_0', 110, 'REVERSE')","('h_XY_1_0', 109, 'FORWARD')",False,True,5.915777443839007,0.15790198983389667,0.0
3e9e2df26012,24hb_0xT,24hb,0-0,D000:2758~D01M:48,native_native_far,D000:2758,D01M:48,"('h_XY_3_5', 91, 'FORWARD')","('h_XY_3_5', 92, 'REVERSE')",False,True,4.54734387575902,0.15789731039941693,0.0
3e9e2df26012,24hb_0xT,24hb,0-0,D000:2399~D00H:34,native_native_near_insert,D000:2399,D00H:34,"('h_XY_2_1', 69, 'REVERSE')","('h_XY_2_1', 68, 'FORWARD')",False,True,4.600937105733579,0.1569561658575907,0.0
3e9e2df26012,24hb_0xT,24hb,0-0,D000:1127~D023:4,native_native_far,D000:1127,D023:4,"('h_XY_1_0', 11, 'REVERSE')","('h_XY_1_0', 10, 'FORWARD')",False,True,5.40185358288611,0.15691266121152797,0.0
3e9e2df26012,24hb_0xT,24hb,0-0,D000:3444~D022:24,native_native_near_insert,D000:3444,D022:24,"('h_XY_0_2', 129, 'FORWARD')","('h_XY_0_2', 130, 'REVERSE')",False,True,5.128226061709109,0.15690215813468003,0.0
3e9e2df26012,24hb_0xT,24hb,0-0,D000:1245~D01G:19,native_native_near_insert,D000:1245,D01G:19,"('h_XY_1_2', 33, 'REVERSE')","('h_XY_1_2', 32, 'FORWARD')",False,True,5.191713485244962,0.15647048636461128,0.0
3e9e2df26012,24hb_0xT,24hb,0-0,D000:2787~D019:12,native_native_near_insert,D000:2787,D019:12,"('h_XY_3_5', 120, 'FORWARD')","('h_XY_3_5', 121, 'REVERSE')",False,True,4.806343063783861,0.1564145158049678,0.0
3e9e2df26012,24hb_0xT,24hb,0-0,D000:1385~D01O:26,native_native_near_insert,D000:1385,D01O:26,"('h_XY_1_4', 33, 'REVERSE')","('h_XY_1_4', 32, 'FORWARD')",False,True,5.012644900687774,0.1563574789452527,0.0
3e9e2df26012,24hb_0xT,24hb,0-0,D000:1527~D00R:32,native_native_far,D000:1527,D00R:32,"('h_XY_2_3', 11, 'REVERSE')","('h_XY_2_3', 10, 'FORWARD')",False,True,4.897505281306799,0.15624344935110612,0.0
3e9e2df26012,24hb_0xT,24hb,0-0,D000:3243~D00V:43,native_native_near_insert,D000:3243,D00V:43,"('h_XY_0_4', 82, 'FORWARD')","('h_XY_0_4', 83, 'REVERSE')",False,True,5.956058326206575,0.15529055821196294,0.0
3e9e2df26012,24hb_0xT,24hb,0-0,D000:1614~D00K:26,native_native_near_insert,D000:1614,D00K:26,"('h_XY_2_2', 57, 'FORWARD')","('h_XY_2_2', 58, 'REVERSE')",False,True,5.789495711128478,0.15528113104648764,0.0
3e9e2df26012,24hb_0xT,24hb,0-0,D000:45~D01X:32,native_native_far,D000:45,D01X:32,"('h_XY_0_1', 25, 'REVERSE')","('h_XY_0_1', 24, 'FORWARD')",False,True,4.734265654112092,0.1546969962666797,0.0
3e9e2df26012,24hb_0xT,24hb,0-0,D000:2151~D00E:19,native_native_near_insert,D000:2151,D00E:19,"('h_XY_1_1', 120, 'FORWARD')","('h_XY_1_1', 121, 'REVERSE')",False,True,4.6109006360740254,0.15464073785227367,0.0
3e9e2df26012,24hb_0xT,24hb,0-0,D000:1796~D011:25,native_native_far,D000:1796,D011:25,"('h_XY_2_4', 79, 'FORWARD')","('h_XY_2_4', 80, 'REVERSE')",False,True,5.747247358771688,0.15457106695483633,0.0
3e9e2df26012,24hb_0xT,24hb,0-0,D000:3509~D020:33,native_native_far,D000:3509,D020:33,"('h_XY_0_1', 89, 'REVERSE')","('h_XY_0_1', 88, 'FORWARD')",False,True,4.837205882937135,0.15416663889837548,0.0
3e9e2df26012,24hb_0xT,24hb,0-0,D000:1238~D00X:26,native_native_near_insert,D000:1238,D00X:26,"('h_XY_1_2', 40, 'REVERSE')","('h_XY_1_2', 39, 'FORWARD')",False,True,4.761414143805961,0.15394297475328023,0.0
3e9e2df26012,24hb_0xT,24hb,0-0,D000:1961~D00B:27,native_native_near_insert,D000:1961,D00B:27,"('h_XY_1_3', 84, 'FORWARD')","('h_XY_1_3', 85, 'REVERSE')",False,True,4.6306335249167665,0.15376662636781802,0.0
3e9e2df26012,24hb_0xT,24hb,0-0,D000:1505~D01G:33,native_native_near_insert,D000:1505,D01G:33,"('h_XY_2_3', 33, 'REVERSE')","('h_XY_2_3', 32, 'FORWARD')",False,True,4.528380879701158,0.15373355628465754,0.0
3e9e2df26012,24hb_0xT,24hb,0-0,D000:2471~D00T:1,native_native_far,D000:2471,D00T:1,"('h_XY_3_1', 124, 'FORWARD')","('h_XY_3_1', 125, 'REVERSE')",False,True,5.1842344152096995,0.15372901165702746,0.0
3e9e2df26012,24hb_0xT,24hb,0-0,D000:2619~D01K:41,native_native_near_insert,D000:2619,D01K:41,"('h_XY_3_3', 112, 'FORWARD')","('h_XY_3_3', 113, 'REVERSE')",False,True,4.101423843578971,0.15371031329932144,0.2
3e9e2df26012,24hb_0xT,24hb,0-0,D000:3407~D01M:5,native_native_near_insert,D000:3407,D01M:5,"('h_XY_0_2', 92, 'FORWARD')","('h_XY_0_2', 93, 'REVERSE')",False,True,5.790521237871899,0.15331429165802787,0.0
3e9e2df26012,24hb_0xT,24hb,0-0,D000:919~D01D:55,native_native_far,D000:919,D01D:55,"('h_XY_3_1', 42, 'FORWARD')","('h_XY_3_1', 43, 'REVERSE')",False,True,5.3258377481820345,0.15330257659844415,0.0
3e9e2df26012,24hb_0xT,24hb,0-0,D000:1749~D011:20,native_native_near_insert,D000:1749,D011:20,"('h_XY_2_3', 83, 'REVERSE')","('h_XY_2_3', 82, 'FORWARD')",False,True,4.4861692140553515,0.1529745616343339,0.0
3e9e2df26012,24hb_0xT,24hb,0-0,D000:2498~D013:5,native_native_near_insert,D000:2498,D013:5,"('h_XY_3_2', 124, 'REVERSE')","('h_XY_3_2', 123, 'FORWARD')",False,True,5.1931704615256,0.15277085265042675,0.0
3e9e2df26012,24hb_0xT,24hb,0-0,D000:1097~D00I:13,native_native_near_insert,D000:1097,D00I:13,"('h_XY_1_0', 41, 'REVERSE')","('h_XY_1_0', 40, 'FORWARD')",False,True,4.481563060192299,0.1525370164474601,0.0
3e9e2df26012,24hb_0xT,24hb,0-0,D000:2847~D00N:11,native_native_far,D000:2847,D00N:11,"('h_XY_2_5', 109, 'REVERSE')","('h_XY_2_5', 108, 'FORWARD')",False,True,5.471381931272879,0.15240650378857165,0.0
3e9e2df26012,24hb_0xT,24hb,0-0,D000:1533~D00S:26,native_native_near_insert,D000:1533,D00S:26,"('h_XY_2_3', 5, 'REVERSE')","('h_XY_2_3', 4, 'FORWARD')",False,True,5.514512929076693,0.1523477183593836,0.0
3e9e2df26012,24hb_0xT,24hb,0-0,D000:3474~D00E:26,native_native_near_insert,D000:3474,D00E:26,"('h_XY_0_1', 124, 'REVERSE')","('h_XY_0_1', 123, 'FORWARD')",False,True,4.623953153334275,0.15124693532192796,0.0
3e9e2df26012,24hb_0xT,24hb,0-0,D000:2191~D00E:11,native_native_far,D000:2191,D00E:11,"('h_XY_1_0', 123, 'REVERSE')","('h_XY_1_0', 122, 'FORWARD')",False,True,5.356003720500797,0.15103490590602248,0.0
3e9e2df26012,24hb_0xT,24hb,0-0,D000:4~D01I:3,native_native_far,D000:4,D01I:3,"('h_XY_0_1', 66, 'REVERSE')","('h_XY_0_1', 65, 'FORWARD')",False,True,5.272268273723532,0.15100014792912214,0.0
3e9e2df26012,24hb_0xT,24hb,0-0,D000:3121~D013:40,native_native_near_insert,D000:3121,D013:40,"('h_XY_1_5', 120, 'FORWARD')","('h_XY_1_5', 121, 'REVERSE')",False,True,4.6928397584150705,0.15099620303685374,0.0
3e9e2df26012,24hb_0xT,24hb,0-0,D000:3234~D01T:3,native_native_far,D000:3234,D01T:3,"('h_XY_0_4', 73, 'FORWARD')","('h_XY_0_4', 74, 'REVERSE')",False,True,5.889556402339807,0.14999813857028482,0.0
3e9e2df26012,24hb_0xT,24hb,0-0,D000:1431~D01P:33,native_native_near_insert,D000:1431,D01P:33,"('h_XY_2_4', 8, 'FORWARD')","('h_XY_2_4', 9, 'REVERSE')",False,True,4.8051732866608114,0.14951822553288746,0.0
3e9e2df26012,24hb_0xT,24hb,0-0,D000:2954~D01R:33,native_native_far,D000:2954,D01R:33,"('h_XY_2_6', 113, 'FORWARD')","('h_XY_2_6', 114, 'REVERSE')",False,True,5.442546069087864,0.14924018750946555,0.0
3e9e2df26012,24hb_0xT,24hb,0-0,D000:1664~D00N:32,native_native_far,D000:1664,D00N:32,"('h_XY_2_2', 107, 'FORWARD')","('h_XY_2_2', 108, 'REVERSE')",False,True,5.148414388998958,0.1484736734461963,0.0
3e9e2df26012,24hb_0xT,24hb,0-0,D000:986~D023:19,native_native_near_insert,D000:986,D023:19,"('h_XY_2_1', 12, 'REVERSE')","('h_XY_2_1', 11, 'FORWARD')",False,True,4.939594077540314,0.14740888722409393,0.0
3e9e2df26012,24hb_0xT,24hb,0-0,D000:3200~D020:6,native_native_near_insert,D000:3200,D020:6,"('h_XY_0_5', 90, 'REVERSE')","('h_XY_0_5', 89, 'FORWARD')",False,True,4.782316592740102,0.1473812423407345,0.0
3e9e2df26012,24hb_0xT,24hb,0-0,D000:2317~D00E:1,native_native_far,D000:2317,D00E:1,"('h_XY_2_0', 124, 'FORWARD')","('h_XY_2_0', 125, 'REVERSE')",False,True,5.499183108410666,0.1473503235870657,0.0
3e9e2df26012,24hb_0xT,24hb,0-0,D000:1109~D001:1,native_native_far,D000:1109,D001:1,"('h_XY_1_0', 29, 'REVERSE')","('h_XY_1_0', 28, 'FORWARD')",False,True,5.658999675899566,0.14732808256415586,0.0
3e9e2df26012,24hb_0xT,24hb,0-0,D000:3420~D021:27,native_native_near_insert,D000:3420,D021:27,"('h_XY_0_2', 105, 'FORWARD')","('h_XY_0_2', 106, 'REVERSE')",False,True,3.8621366892928397,0.14723077298944187,0.4
3e9e2df26012,24hb_0xT,24hb,0-0,D000:2319~D00M:48,native_native_far,D000:2319,D00M:48,"('h_XY_2_0', 126, 'FORWARD')","('h_XY_2_0', 127, 'REVERSE')",False,True,4.598684714834359,0.14705279122760226,0.0
3e9e2df26012,24hb_0xT,24hb,0-0,D000:1113~D008:46,native_native_far,D000:1113,D008:46,"('h_XY_1_0', 25, 'REVERSE')","('h_XY_1_0', 24, 'FORWARD')",False,True,5.357595105548281,0.1469132063444213,0.0
3e9e2df26012,24hb_0xT,24hb,0-0,D000:2523~D012:1,native_native_far,D000:2523,D012:1,"('h_XY_3_2', 99, 'REVERSE')","('h_XY_3_2', 98, 'FORWARD')",False,True,5.853770510649382,0.14686767493075667,0.0
3e9e2df26012,24hb_0xT,24hb,0-0,D000:2666~D01K:46,native_native_far,D000:2666,D01K:46,"('h_XY_3_4', 116, 'REVERSE')","('h_XY_3_4', 115, 'FORWARD')",False,True,4.842067541942383,0.14660408013876142,0.0
3e9e2df26012,24hb_0xT,24hb,0-0,D000:417~D01Z:28,native_native_far,D000:417,D01Z:28,"('h_XY_1_5', 62, 'FORWARD')","('h_XY_1_5', 63, 'REVERSE')",False,True,4.982857877451472,0.1464151201226729,0.0
3e9e2df26012,24hb_0xT,24hb,0-0,D000:2064~D01J:19,native_native_near_insert,D000:2064,D01J:19,"('h_XY_1_2', 96, 'REVERSE')","('h_XY_1_2', 95, 'FORWARD')",False,True,5.008496531207246,0.14593561739355596,0.0
3e9e2df26012,24hb_0xT,24hb,0-0,D000:979~D00Y:12,native_native_near_insert,D000:979,D00Y:12,"('h_XY_2_1', 19, 'REVERSE')","('h_XY_2_1', 18, 'FORWARD')",False,True,4.931427813456762,0.14592062691462343,0.0
3e9e2df26012,24hb_0xT,24hb,0-0,D000:1498~D010:19,native_native_near_insert,D000:1498,D010:19,"('h_XY_2_3', 40, 'REVERSE')","('h_XY_2_3', 39, 'FORWARD')",False,True,5.363967560594716,0.14577219660468144,0.0
3e9e2df26012,24hb_0xT,24hb,0-0,D000:3485~D01K:1,native_native_far,D000:3485,D01K:1,"('h_XY_0_1', 113, 'REVERSE')","('h_XY_0_1', 112, 'FORWARD')",False,True,5.253233222571543,0.1451009490723777,0.0
3e9e2df26012,24hb_0xT,24hb,0-0,D000:2700~D017:5,native_native_near_insert,D000:2700,D017:5,"('h_XY_3_4', 82, 'REVERSE')","('h_XY_3_4', 81, 'FORWARD')",False,True,4.396783122526858,0.14501863428857314,0.2
3e9e2df26012,24hb_0xT,24hb,0-0,D000:2585~D011:12,native_native_near_insert,D000:2585,D011:12,"('h_XY_3_3', 78, 'FORWARD')","('h_XY_3_3', 79, 'REVERSE')",False,True,4.7940168734614685,0.14495434700411244,0.0
3e9e2df26012,24hb_0xT,24hb,0-0,D000:3182~D021:3,native_native_far,D000:3182,D021:3,"('h_XY_0_5', 108, 'REVERSE')","('h_XY_0_5', 107, 'FORWARD')",False,True,5.927968482010047,0.14426436297144965,0.0
3e9e2df26012,24hb_0xT,24hb,0-0,D000:2917~D017:28,native_native_near_insert,D000:2917,D017:28,"('h_XY_2_6', 76, 'FORWARD')","('h_XY_2_6', 77, 'REVERSE')",False,True,4.789486304650622,0.14395228523199516,0.0
3e9e2df26012,24hb_0xT,24hb,0-0,D000:3434~D00E:34,native_native_far,D000:3434,D00E:34,"('h_XY_0_2', 119, 'FORWARD')","('h_XY_0_2', 120, 'REVERSE')",False,True,4.3264506509786465,0.14395073008027465,0.0
3e9e2df26012,24hb_0xT,24hb,0-0,D000:1662~D00N:34,native_native_near_insert,D000:1662,D00N:34,"('h_XY_2_2', 105, 'FORWARD')","('h_XY_2_2', 106, 'REVERSE')",False,True,4.140856996553533,0.14390194603270834,0.6
3e9e2df26012,24hb_0xT,24hb,0-0,D000:2288~D003:9,native_native_near_insert,D000:2288,D003:9,"('h_XY_2_0', 95, 'FORWARD')","('h_XY_2_0', 96, 'REVERSE')",False,True,5.918417936453548,0.1436656287252237,0.0
3e9e2df26012,24hb_0xT,24hb,0-0,D000:2774~D01B:4,native_native_far,D000:2774,D01B:4,"('h_XY_3_5', 107, 'FORWARD')","('h_XY_3_5', 108, 'REVERSE')",False,True,5.180246614725553,0.14336718102120352,0.0
3e9e2df26012,24hb_0xT,24hb,0-0,D000:2036~D00T:26,native_native_near_insert,D000:2036,D00T:26,"('h_XY_1_2', 124, 'REVERSE')","('h_XY_1_2', 123, 'FORWARD')",False,True,4.87417229142766,0.14287608296701257,0.0
3e9e2df26012,24hb_0xT,24hb,0-0,D000:1521~D00Z:17,native_native_near_insert,D000:1521,D00Z:17,"('h_XY_2_3', 17, 'REVERSE')","('h_XY_2_3', 16, 'FORWARD')",False,True,5.556124202843024,0.1428511626737993,0.0
3e9e2df26012,24hb_0xT,24hb,0-0,D000:97~D00J:32,native_native_far,D000:97,D00J:32,"('h_XY_0_2', 16, 'FORWARD')","('h_XY_0_2', 17, 'REVERSE')",False,True,5.599706807955857,0.14281695068000463,0.0
3e9e2df26012,24hb_0xT,24hb,0-0,D000:1721~D00N:27,native_native_near_insert,D000:1721,D00N:27,"('h_XY_2_3', 111, 'REVERSE')","('h_XY_2_3', 110, 'FORWARD')",False,True,4.174607774331933,0.14274883060408225,0.2
3e9e2df26012,24hb_0xT,24hb,0-0,D000:851~D01F:28,native_native_near_insert,D000:851,D01F:28,"('h_XY_3_2', 7, 'REVERSE')","('h_XY_3_2', 6, 'FORWARD')",False,True,5.9961527594947155,0.1425119081301139,0.0
3e9e2df26012,24hb_0xT,24hb,0-0,D000:1803~D00O:18,native_native_far,D000:1803,D00O:18,"('h_XY_2_4', 86, 'FORWARD')","('h_XY_2_4', 87, 'REVERSE')",False,True,5.675424597191854,0.14215875674251094,0.0
3e9e2df26012,24hb_0xT,24hb,0-0,D000:1927~D011:30,native_native_near_insert,D000:1927,D011:30,"('h_XY_1_4', 79, 'REVERSE')","('h_XY_1_4', 78, 'FORWARD')",False,True,5.937997892646807,0.14195425549368618,0.0
3e9e2df26012,24hb_0xT,24hb,0-0,D000:610~D01F:5,native_native_near_insert,D000:610,D01F:5,"('h_XY_3_5', 1, 'FORWARD')","('h_XY_3_5', 2, 'REVERSE')",False,True,5.5976604112854975,0.14147024145705978,0.0
3e9e2df26012,24hb_0xT,24hb,0-0,D000:2256~D00H:41,native_native_far,D000:2256,D00H:41,"('h_XY_2_0', 63, 'FORWARD')","('h_XY_2_0', 64, 'REVERSE')",False,True,3.9402244687336987,0.14142342042621953,0.0
3e9e2df26012,24hb_0xT,24hb,0-0,D000:3239~D00V:47,native_native_far,D000:3239,D00V:47,"('h_XY_0_4', 78, 'FORWARD')","('h_XY_0_4', 79, 'REVERSE')",False,True,5.27910972635141,0.14042612971380664,0.0
3e9e2df26012,24hb_0xT,24hb,0-0,D000:1359~D006:3,native_native_far,D000:1359,D006:3,"('h_XY_1_4', 59, 'REVERSE')","('h_XY_1_4', 58, 'FORWARD')",False,True,5.416981707667331,0.14022891734164183,0.0
3e9e2df26012,24hb_0xT,24hb,0-0,D000:1729~D012:19,native_native_near_insert,D000:1729,D012:19,"('h_XY_2_3', 103, 'REVERSE')","('h_XY_2_3', 102, 'FORWARD')",False,True,4.6624469580047965,0.14001552081331142,0.0
3e9e2df26012,24hb_0xT,24hb,0-0,D000:858~D01F:23,native_native_near_insert,D000:858,D01F:23,"('h_XY_3_2', 0, 'REVERSE')","('h_XY_3_2', 1, 'FORWARD')",False,True,3.2798435898910228,0.13986827026743856,15.4
3e9e2df26012,24hb_0xT,24hb,0-0,D000:2363~D00U:14,native_native_near_insert,D000:2363,D00U:14,"('h_XY_2_1', 105, 'REVERSE')","('h_XY_2_1', 104, 'FORWARD')",False,True,4.124673846606191,0.1397715222872543,0.2
3e9e2df26012,24hb_0xT,24hb,0-0,D000:1034~D00J:3,native_native_far,D000:1034,D00J:3,"('h_XY_2_0', 17, 'FORWARD')","('h_XY_2_0', 18, 'REVERSE')",False,True,5.844985355667836,0.13866889314654357,0.0
3e9e2df26012,24hb_0xT,24hb,0-0,D000:1702~D00M:25,native_native_far,D000:1702,D00M:25,"('h_XY_2_3', 130, 'REVERSE')","('h_XY_2_3', 129, 'FORWARD')",False,True,5.349508458803755,0.1376861178679148,0.0
3e9e2df26012,24hb_0xT,24hb,0-0,D000:432~D01T:45,native_native_near_insert,D000:432,D01T:45,"('h_XY_1_6', 52, 'REVERSE')","('h_XY_1_6', 51, 'FORWARD')",False,True,5.686616626346597,0.13715198645881171,0.0
3e9e2df26012,24hb_0xT,24hb,0-0,D000:2223~D00B:49,native_native_far,D000:2223,D00B:49,"('h_XY_1_0', 91, 'REVERSE')","('h_XY_1_0', 90, 'FORWARD')",False,True,5.135389763502552,0.13709480210937397,0.0
3e9e2df26012,24hb_0xT,24hb,0-0,D000:1932~D006:18,native_native_far,D000:1932,D006:18,"('h_XY_1_4', 74, 'REVERSE')","('h_XY_1_4', 73, 'FORWARD')",False,True,5.539838256549186,0.13695252867303084,0.0
3e9e2df26012,24hb_0xT,24hb,0-0,D000:652~D01D:26,native_native_near_insert,D000:652,D01D:26,"('h_XY_3_5', 43, 'FORWARD')","('h_XY_3_5', 44, 'REVERSE')",False,True,4.2824013978810775,0.1364155931940905,0.2
3e9e2df26012,24hb_0xT,24hb,0-0,D000:1346~D01Q:33,native_native_near_insert,D000:1346,D01Q:33,"('h_XY_1_3', 57, 'FORWARD')","('h_XY_1_3', 58, 'REVERSE')",False,True,4.642090052055909,0.13592322357200043,0.0
3e9e2df26012,24hb_0xT,24hb,0-0,D000:1731~D012:17,native_native_near_insert,D000:1731,D012:17,"('h_XY_2_3', 101, 'REVERSE')","('h_XY_2_3', 100, 'FORWARD')",False,True,5.155518714443381,0.13568100771679914,0.0
3e9e2df26012,24hb_0xT,24hb,0-0,D000:2653~D01A:10,native_native_near_insert,D000:2653,D01A:10,"('h_XY_3_4', 129, 'REVERSE')","('h_XY_3_4', 128, 'FORWARD')",False,True,5.19814401635135,0.13496131116012378,0.0
3e9e2df26012,24hb_0xT,24hb,0-0,D000:2280~D00O:45,native_native_near_insert,D000:2280,D00O:45,"('h_XY_2_0', 87, 'FORWARD')","('h_XY_2_0', 88, 'REVERSE')",False,True,5.458059256350329,0.13365171532817086,0.0
3e9e2df26012,24hb_0xT,24hb,0-0,D000:2478~D01A:29,native_native_near_insert,D000:2478,D01A:29,"('h_XY_3_1', 131, 'FORWARD')","('h_XY_3_1', 132, 'REVERSE')",False,True,4.997944566440806,0.1333786538171478,0.0
3e9e2df26012,24hb_0xT,24hb,0-0,D000:481~D007:3,native_native_far,D000:481,D007:3,"('h_XY_1_6', 3, 'REVERSE')","('h_XY_1_6', 2, 'FORWARD')",False,True,5.686886089206059,0.1331477150213662,0.0
3e9e2df26012,24hb_0xT,24hb,0-0,D000:2110~D00G:18,native_native_far,D000:2110,D00G:18,"('h_XY_1_1', 79, 'FORWARD')","('h_XY_1_1', 80, 'REVERSE')",False,True,5.837955917088778,0.1329541663639029,0.0
3e9e2df26012,24hb_0xT,24hb,0-0,D000:2146~D01K:10,native_native_near_insert,D000:2146,D01K:10,"('h_XY_1_1', 115, 'FORWARD')","('h_XY_1_1', 116, 'REVERSE')",False,True,5.227592791546517,0.13228323986815035,0.0
3e9e2df26012,24hb_0xT,24hb,0-0,D000:2947~D00N:5,native_native_near_insert,D000:2947,D00N:5,"('h_XY_2_6', 106, 'FORWARD')","('h_XY_2_6', 107, 'REVERSE')",False,True,5.265365414759963,0.1321299192758811,0.0
3e9e2df26012,24hb_0xT,24hb,0-0,D000:1199~D01H:12,native_native_near_insert,D000:1199,D01H:12,"('h_XY_1_1', 50, 'FORWARD')","('h_XY_1_1', 51, 'REVERSE')",False,True,4.274994383055134,0.13120380810832039,0.0
3e9e2df26012,24hb_0xT,24hb,0-0,D000:1742~D00O:27,native_native_near_insert,D000:1742,D00O:27,"('h_XY_2_3', 90, 'REVERSE')","('h_XY_2_3', 89, 'FORWARD')",False,True,4.231661244411552,0.13077675968843533,0.0
3e9e2df26012,24hb_0xT,24hb,0-0,D000:87~D01P:7,native_native_near_insert,D000:87,D01P:7,"('h_XY_0_2', 6, 'FORWARD')","('h_XY_0_2', 7, 'REVERSE')",False,True,5.234492847920596,0.12965222231256002,0.0
3e9e2df26012,24hb_0xT,24hb,0-0,D000:3323~D00T:37,native_native_near_insert,D000:3323,D00T:37,"('h_XY_0_3', 121, 'REVERSE')","('h_XY_0_3', 120, 'FORWARD')",False,True,5.896628345181912,0.12803044599986696,0.0
3e9e2df26012,24hb_0xT,24hb,0-0,D000:1706~D013:21,native_native_near_insert,D000:1706,D013:21,"('h_XY_2_3', 126, 'REVERSE')","('h_XY_2_3', 125, 'FORWARD')",False,True,5.941030543779895,0.1263652144623959,0.0
3e9e2df26012,24hb_0xT,24hb,0-0,D000:2998~D00D:6,native_native_near_insert,D000:2998,D00D:6,"('h_XY_1_6', 132, 'REVERSE')","('h_XY_1_6', 131, 'FORWARD')",False,True,4.146341202143385,0.12525400862925645,0.0
3e9e2df26012,24hb_0xT,24hb,0-0,D000:1133~D007:47,native_native_far,D000:1133,D007:47,"('h_XY_1_0', 5, 'REVERSE')","('h_XY_1_0', 4, 'FORWARD')",False,True,4.10336687076981,0.12398289563415771,0.0
3e9e2df26012,24hb_0xT,24hb,0-0,D000:1214~D00K:36,native_native_far,D000:1214,D00K:36,"('h_XY_1_2', 64, 'REVERSE')","('h_XY_1_2', 63, 'FORWARD')",False,True,5.622959720995011,0.12204183418700304,0.0
3e9e2df26012,24hb_0xT,24hb,0-0,D000:1063~D00P:51,native_native_near_insert,D000:1063,D00P:51,"('h_XY_2_0', 46, 'FORWARD')","('h_XY_2_0', 47, 'REVERSE')",False,True,5.495109322586617,0.12095232712341561,0.0
3e9e2df26012,24hb_0xT,24hb,0-0,D000:3428~D01L:5,native_native_near_insert,D000:3428,D01L:5,"('h_XY_0_2', 113, 'FORWARD')","('h_XY_0_2', 114, 'REVERSE')",False,True,4.388767474356276,0.12031912544644933,0.0
3e9e2df26012,24hb_0xT,24hb,0-0,D000:939~D00H:24,native_native_far,D000:939,D00H:24,"('h_XY_2_1', 59, 'REVERSE')","('h_XY_2_1', 58, 'FORWARD')",False,True,4.954843407604867,0.12004637564159973,0.0
3e9e2df26012,24hb_0xT,24hb,0-0,D000:1479~D00L:6,native_native_far,D000:1479,D00L:6,"('h_XY_2_4', 56, 'FORWARD')","('h_XY_2_4', 57, 'REVERSE')",False,True,4.419120586097702,0.11943912117179496,0.0
3e9e2df26012,24hb_0xT,24hb,0-0,D000:2485~D01A:29,native_native_near_insert,D000:2485,D01A:29,"('h_XY_3_2', 137, 'REVERSE')","('h_XY_3_1', 132, 'REVERSE')",False,True,3.972107348144083,0.11885182858963374,1.6
3e9e2df26012,24hb_0xT,24hb,0-0,D000:1218~D00K:32,native_native_far,D000:1218,D00K:32,"('h_XY_1_2', 60, 'REVERSE')","('h_XY_1_2', 59, 'FORWARD')",False,True,5.313883170294632,0.11837466855965241,0.0
3e9e2df26012,24hb_0xT,24hb,0-0,D000:3052~D017:29,native_native_near_insert,D000:3052,D017:29,"('h_XY_1_6', 78, 'REVERSE')","('h_XY_1_6', 77, 'FORWARD')",False,True,3.737828369591221,0.11828383346122884,0.0
3e9e2df26012,24hb_0xT,24hb,0-0,D000:570~D01O:41,native_native_near_insert,D000:570,D01O:41,"('h_XY_2_5', 34, 'REVERSE')","('h_XY_2_5', 33, 'FORWARD')",False,True,4.052721846055577,0.1180778412241333,0.2
3e9e2df26012,24hb_0xT,24hb,0-0,D000:3284~D00T:44,native_native_near_insert,D000:3284,D00T:44,"('h_XY_0_4', 123, 'FORWARD')","('h_XY_0_4', 124, 'REVERSE')",False,True,5.683969169931503,0.11198503293846497,0.0
3e9e2df26012,24hb_0xT,24hb,0-0,D000:2736~D006:42,native_native_far,D000:2736,D006:42,"('h_XY_3_5', 69, 'FORWARD')","('h_XY_3_5', 70, 'REVERSE')",False,True,3.3473269079481733,0.10679678364347833,0.2
3e9e2df26012,24hb_0xT,24hb,0-0,D000:3446~D022:22,native_native_near_insert,D000:3446,D022:22,"('h_XY_0_2', 131, 'FORWARD')","('h_XY_0_2', 132, 'REVERSE')",False,True,5.041632350603142,0.10323061557568682,0.0
3e9e2df26012,24hb_0xT,24hb,0-0,D000:2122~D01J:13,native_native_near_insert,D000:2122,D01J:13,"('h_XY_1_1', 91, 'FORWARD')","('h_XY_1_1', 92, 'REVERSE')",False,True,4.611475385974424,0.10183164335092565,0.0
3e9e2df26012,24hb_0xT,24hb,0-0,D000:2283~D003:14,native_native_near_insert,D000:2283,D003:14,"('h_XY_2_0', 90, 'FORWARD')","('h_XY_2_0', 91, 'REVERSE')",False,True,5.12951387656241,0.09491489772248793,0.0
3e9e2df26012,24hb_0xT,24hb,0-0,D000:3311~D022:21,native_native_near_insert,D000:3311,D022:21,"('h_XY_0_3', 133, 'REVERSE')","('h_XY_0_3', 132, 'FORWARD')",False,True,3.833857864347178,0.07828465056263675,0.0
3e9e2df26012,24hb_0xT,24hb,0-0,D000:1369~D009:21,native_native_near_insert,D000:1369,D009:21,"('h_XY_1_4', 49, 'REVERSE')","('h_XY_1_4', 48, 'FORWARD')",False,True,5.130767363758847,0.061553955010569136,0.0
3e9e2df26012,24hb_0xT,24hb,0-0,D008:6~D01U:22,native_native_near_insert,D008:6,D01U:22,"('h_XY_1_6', 26, 'FORWARD')","('h_XY_1_6', 28, 'FORWARD')",False,True,5.8363239848092805,0.061256710808337785,0.0
3e9e2df26012,24hb_0xT,24hb,0-0,D000:3046~D017:35,native_native_far,D000:3046,D017:35,"('h_XY_1_6', 84, 'REVERSE')","('h_XY_1_6', 83, 'FORWARD')",False,True,4.047218649278811,0.055324401793075254,0.0
3e9e2df26012,24hb_0xT,24hb,0-0,D000:2433~D01C:32,native_native_far,D000:2433,D01C:32,"('h_XY_3_1', 86, 'FORWARD')","('h_XY_3_1', 87, 'REVERSE')",False,True,5.772324106716849,0.053785546601205665,0.0
3e9e2df26012,24hb_0xT,24hb,0-0,D000:1037~D00Q:49,native_native_far,D000:1037,D00Q:49,"('h_XY_2_0', 20, 'FORWARD')","('h_XY_2_0', 21, 'REVERSE')",False,True,4.6515338502087795,0.051653791709431976,0.0
3e9e2df26012,24hb_0xT,24hb,0-0,D000:3226~D01T:11,native_native_far,D000:3226,D01T:11,"('h_XY_0_4', 65, 'FORWARD')","('h_XY_0_4', 66, 'REVERSE')",False,True,3.395342725058712,0.049076331932973206,0.0
3e9e2df26012,24hb_0xT,24hb,0-0,D000:2283~D003:13,native_native_near_insert,D000:2283,D003:13,"('h_XY_2_0', 90, 'FORWARD')","('h_XY_2_0', 92, 'REVERSE')",False,True,4.300461108860023,0.03781362749614415,0.0
3e9e2df26012,24hb_0xT,24hb,0-0,D000:1036~D00Q:49,native_native_far,D000:1036,D00Q:49,"('h_XY_2_0', 19, 'FORWARD')","('h_XY_2_0', 21, 'REVERSE')",False,True,4.610794067251836,0.03570878212448408,0.0
3e9e2df26012,24hb_0xT,24hb,0-0,D000:1479~D00L:5,native_native_far,D000:1479,D00L:5,"('h_XY_2_4', 56, 'FORWARD')","('h_XY_2_4', 58, 'REVERSE')",False,True,5.560642261743413,0.024755150576991514,0.0
3e9e2df26012,24hb_0xT,24hb,0-0,D000:2384~D00V:13,native_native_near_insert,D000:2384,D00V:13,"('h_XY_2_1', 84, 'REVERSE')","('h_XY_2_1', 82, 'FORWARD')",False,True,5.932250026974835,0.02313315422133563,0.0
3e9e2df26012,24hb_0xT,24hb,0-0,D000:2237~D002:27,native_native_near_insert,D000:2237,D002:27,"('h_XY_1_0', 77, 'REVERSE')","('h_XY_1_0', 75, 'FORWARD')",False,True,5.881651488786785,0.022219982414969464,0.0
3e9e2df26012,24hb_0xT,24hb,0-0,D000:44~D01X:32,native_native_far,D000:44,D01X:32,"('h_XY_0_1', 26, 'REVERSE')","('h_XY_0_1', 24, 'FORWARD')",False,True,5.952412965917381,0.020304747345823316,0.0
3e9e2df26012,24hb_0xT,24hb,0-0,D000:2145~D01K:10,native_native_near_insert,D000:2145,D01K:10,"('h_XY_1_1', 114, 'FORWARD')","('h_XY_1_1', 116, 'REVERSE')",False,True,5.852456248293029,0.020064243691407156,0.0
3e9e2df26012,24hb_0xT,24hb,0-0,D000:1~D01I:5,native_native_far,D000:1,D01I:5,"('h_XY_0_1', 69, 'REVERSE')","('h_XY_0_1', 67, 'FORWARD')",False,True,5.83055943360803,0.020024048357745964,0.0
3e9e2df26012,24hb_0xT,24hb,0-0,D000:457~D008:5,native_native_near_insert,D000:457,D008:5,"('h_XY_1_6', 27, 'REVERSE')","('h_XY_1_6', 25, 'FORWARD')",False,True,5.8999423518275025,0.02001403244903521,0.0
3e9e2df26012,24hb_0xT,24hb,0-0,D000:2270~D00G:6,native_native_near_insert,D000:2270,D00G:6,"('h_XY_2_0', 77, 'FORWARD')","('h_XY_2_0', 78, 'REVERSE')",False,True,4.5235328304030995,0.0192477275843967,0.0
3e9e2df26012,24hb_0xT,24hb,0-0,D000:1661~D00N:34,native_native_near_insert,D000:1661,D00N:34,"('h_XY_2_2', 104, 'FORWARD')","('h_XY_2_2', 106, 'REVERSE')",False,True,5.617189915745319,0.01859323319461506,0.0
3e9e2df26012,24hb_0xT,24hb,0-0,D000:3449~D022:22,native_native_near_insert,D000:3449,D022:22,"('h_XY_0_2', 134, 'FORWARD')","('h_XY_0_2', 132, 'REVERSE')",False,True,4.5682567100443014,0.017145450089263173,0.0
3e9e2df26012,24hb_0xT,24hb,0-0,D000:569~D01O:41,native_native_near_insert,D000:569,D01O:41,"('h_XY_2_5', 35, 'REVERSE')","('h_XY_2_5', 33, 'FORWARD')",False,True,5.544469206552636,0.016531569903709055,0.0
3e9e2df26012,24hb_0xT,24hb,0-0,D000:904~D001:27,native_native_near_insert,D000:904,D001:27,"('h_XY_3_1', 27, 'FORWARD')","('h_XY_3_1', 29, 'REVERSE')",False,True,5.70212888196879,0.016383059001461614,0.0
3e9e2df26012,24hb_0xT,24hb,0-0,D000:3200~D020:5,native_native_near_insert,D000:3200,D020:5,"('h_XY_0_5', 90, 'REVERSE')","('h_XY_0_5', 88, 'FORWARD')",False,True,5.766321607763205,0.01601903578788363,0.0
3e9e2df26012,24hb_0xT,24hb,0-0,D000:2663~D01K:48,native_native_far,D000:2663,D01K:48,"('h_XY_3_4', 119, 'REVERSE')","('h_XY_3_4', 117, 'FORWARD')",False,True,5.772184704074942,0.015588646744161945,0.0
3e9e2df26012,24hb_0xT,24hb,0-0,D000:1076~D00H:2,native_native_far,D000:1076,D00H:2,"('h_XY_2_0', 59, 'FORWARD')","('h_XY_2_0', 61, 'REVERSE')",False,True,5.931724037596194,0.014873561831361735,0.0
3e9e2df26012,24hb_0xT,24hb,0-0,D000:2591~D01C:19,native_native_near_insert,D000:2591,D01C:19,"('h_XY_3_3', 84, 'FORWARD')","('h_XY_3_3', 86, 'REVERSE')",False,True,5.861147656617065,0.014263273788216886,0.0
3e9e2df26012,24hb_0xT,24hb,0-0,D000:390~D010:40,native_native_near_insert,D000:390,D010:40,"('h_XY_1_5', 35, 'FORWARD')","('h_XY_1_5', 37, 'REVERSE')",False,True,5.915430709598243,0.014219403193056793,0.0
3e9e2df26012,24hb_0xT,24hb,0-0,D000:449~D01U:27,native_native_near_insert,D000:449,D01U:27,"('h_XY_1_6', 35, 'REVERSE')","('h_XY_1_6', 33, 'FORWARD')",False,True,5.7118837282563035,0.013861620932130773,0.0
3e9e2df26012,24hb_0xT,24hb,0-0,D000:2432~D01C:32,native_native_far,D000:2432,D01C:32,"('h_XY_3_1', 85, 'FORWARD')","('h_XY_3_1', 87, 'REVERSE')",False,True,5.052339748570959,0.01383504754524737,0.0
3e9e2df26012,24hb_0xT,24hb,0-0,D000:985~D023:19,native_native_near_insert,D000:985,D023:19,"('h_XY_2_1', 13, 'REVERSE')","('h_XY_2_1', 11, 'FORWARD')",False,True,5.923759536685288,0.013184537823112715,0.0
3e9e2df26012,24hb_0xT,24hb,0-0,D000:2269~D00G:6,native_native_near_insert,D000:2269,D00G:6,"('h_XY_2_0', 76, 'FORWARD')","('h_XY_2_0', 78, 'REVERSE')",False,True,4.825833746504203,0.012756661111639967,0.0
3e9e2df26012,24hb_0xT,24hb,0-0,D000:2063~D01J:19,native_native_near_insert,D000:2063,D01J:19,"('h_XY_1_2', 97, 'REVERSE')","('h_XY_1_2', 95, 'FORWARD')",False,True,5.610621841402282,0.012233532179077649,0.0
3e9e2df26012,24hb_0xT,24hb,0-0,D000:2945~D00N:7,native_native_near_insert,D000:2945,D00N:7,"('h_XY_2_6', 104, 'FORWARD')","('h_XY_2_6', 105, 'REVERSE')",False,True,3.915124928501763,0.008523003485341829,0.0
3e9e2df26012,24hb_0xT,24hb,0-0,D000:2029~D00D:29,native_native_near_insert,D000:2029,D00D:29,"('h_XY_1_2', 131, 'REVERSE')","('h_XY_1_2', 126, 'FORWARD')",False,True,5.3987815581958385,0.005849530740285211,0.0
3e9e2df26012,24hb_0xT,24hb,0-0,D000:2330~D00M:42,native_native_near_insert,D000:2330,D00M:42,"('h_XY_2_0', 137, 'FORWARD')","('h_XY_2_1', 132, 'FORWARD')",False,True,5.231935402443315,0.004262516427989988,0.0
3e9e2df26012,24hb_0xT,24hb,0-0,D000:43~D01X:32,native_native_far,D000:43,D01X:32,"('h_XY_0_1', 27, 'REVERSE')","('h_XY_0_1', 24, 'FORWARD')",False,True,5.93744651742431,0.0032887224726347313,0.0
6950d3b79138,24hb_1xT,24hb,1-1,D012:47~D01S:17,native_native_near_insert,D012:47,D01S:17,"('h_XY_1_5', 98, 'REVERSE')","('h_XY_1_5', 97, 'REVERSE')",False,True,3.786801572207703,0.4565805949242679,44.6
6950d3b79138,24hb_1xT,24hb,1-1,D005:17~D00K:14,native_native_near_insert,D005:17,D00K:14,"('h_XY_2_3', 70, 'FORWARD')","('h_XY_2_3', 69, 'FORWARD')",False,True,3.3568824399085058,0.42888633164782275,64.2
6950d3b79138,24hb_1xT,24hb,1-1,D00B:7~D01S:25,native_native_near_insert,D00B:7,D01S:25,"('h_XY_1_6', 90, 'FORWARD')","('h_XY_1_6', 91, 'FORWARD')",False,True,3.465650763864472,0.41929719814956856,77.2
6950d3b79138,24hb_1xT,24hb,1-1,D015:17~D01P:47,native_native_near_insert,D015:17,D01P:47,"('h_XY_2_5', 14, 'FORWARD')","('h_XY_2_5', 13, 'FORWARD')",False,True,3.4844499627676107,0.39373895835908534,70.39999999999999
6950d3b79138,24hb_1xT,24hb,1-1,D00L:14~D00P:24,native_native_near_insert,D00L:14,D00P:24,"('h_XY_2_4', 49, 'REVERSE')","('h_XY_2_4', 48, 'REVERSE')",False,True,3.4519630384367592,0.3771346745043929,62.8
6950d3b79138,24hb_1xT,24hb,1-1,D00X:55~D01U:1,native_native_far,D00X:55,D01U:1,"('h_XY_0_4', 35, 'REVERSE')","('h_XY_0_4', 34, 'REVERSE')",False,True,3.495863118028893,0.3732977355708501,77.4
6950d3b79138,24hb_1xT,24hb,1-1,D019:17~D01L:47,native_native_near_insert,D019:17,D01L:47,"('h_XY_2_5', 119, 'FORWARD')","('h_XY_2_5', 118, 'FORWARD')",False,True,3.3912894991468736,0.36153953967640007,77.0
6950d3b79138,24hb_1xT,24hb,1-1,D01N:38~D01Q:36,native_native_near_insert,D01N:38,D01Q:36,"('h_XY_1_3', 55, 'REVERSE')","('h_XY_1_3', 56, 'REVERSE')",False,True,3.2886849801120532,0.3516233155681116,51.2
6950d3b79138,24hb_1xT,24hb,1-1,D00P:40~D01H:31,native_native_near_insert,D00P:40,D01H:31,"('h_XY_2_2', 48, 'REVERSE')","('h_XY_2_2', 49, 'REVERSE')",False,True,3.389633935020097,0.3479397762949824,83.39999999999999
6950d3b79138,24hb_1xT,24hb,1-1,D010:33~D01O:31,native_native_near_insert,D010:33,D01O:31,"('h_XY_1_4', 35, 'FORWARD')","('h_XY_1_4', 34, 'FORWARD')",False,True,3.3714864156017916,0.33462889240370736,60.8
6950d3b79138,24hb_1xT,24hb,1-1,D006:1~D01N:52,native_native_far,D006:1,D01N:52,"('h_XY_1_4', 56, 'FORWARD')","('h_XY_1_4', 55, 'FORWARD')",False,True,3.41767353557474,0.3246610061657842,78.4
6950d3b79138,24hb_1xT,24hb,1-1,D003:17~D00O:47,native_native_near_insert,D003:17,D00O:47,"('h_XY_2_1', 91, 'FORWARD')","('h_XY_2_1', 90, 'FORWARD')",False,True,3.258413225344,0.29723028040041527,78.0
6950d3b79138,24hb_1xT,24hb,1-1,D00T:1~D01A:39,native_native_far,D00T:1,D01A:39,"('h_XY_3_1', 125, 'REVERSE')","('h_XY_3_1', 126, 'REVERSE')",False,True,3.4976773827376886,0.2950509684263691,71.6
6950d3b79138,24hb_1xT,24hb,1-1,D005:7~D00V:25,native_native_near_insert,D005:7,D00V:25,"('h_XY_1_2', 76, 'FORWARD')","('h_XY_1_2', 77, 'FORWARD')",False,True,3.4989903838339065,0.29199592056259727,53.800000000000004
6950d3b79138,24hb_1xT,24hb,1-1,D012:33~D01M:31,native_native_near_insert,D012:33,D01M:31,"('h_XY_1_4', 98, 'FORWARD')","('h_XY_1_4', 97, 'FORWARD')",False,True,3.4115763120607867,0.2824971917222406,54.800000000000004
6950d3b79138,24hb_1xT,24hb,1-1,D01B:15~D01K:49,native_native_near_insert,D01B:15,D01K:49,"('h_XY_3_4', 111, 'FORWARD')","('h_XY_3_4', 112, 'FORWARD')",False,True,3.2581862042628775,0.2559226616053918,61.6
6950d3b79138,24hb_1xT,24hb,1-1,D016:9~D01D:28,native_native_near_insert,D016:9,D01D:28,"('h_XY_3_5', 41, 'REVERSE')","('h_XY_3_5', 42, 'REVERSE')",False,True,3.429518541822406,0.25137727532329857,31.6
6950d3b79138,24hb_1xT,24hb,1-1,D015:16~D01P:47,extra_native,D015:16,D01P:47,None,"('h_XY_2_5', 13, 'FORWARD')",False,True,3.711862690726487,0.2505726524304625,3.4000000000000004
6950d3b79138,24hb_1xT,24hb,1-1,D00B:7~D01S:24,extra_native,D00B:7,D01S:24,"('h_XY_1_6', 90, 'FORWARD')",None,False,True,4.313967579403308,0.24994270106563635,1.0
6950d3b79138,24hb_1xT,24hb,1-1,D00R:39~D00Z:16,extra_native,D00R:39,D00Z:16,"('h_XY_2_3', 13, 'FORWARD')",None,False,True,3.5956272900298742,0.2492880892026498,18.6
6950d3b79138,24hb_1xT,24hb,1-1,D00J:7~D023:9,native_native_near_insert,D00J:7,D023:9,"('h_XY_2_0', 14, 'REVERSE')","('h_XY_2_0', 13, 'REVERSE')",False,True,3.504351436785331,0.23443493150173264,42.8
6950d3b79138,24hb_1xT,24hb,1-1,D012:32~D01M:31,extra_native,D012:32,D01M:31,None,"('h_XY_1_4', 97, 'FORWARD')",False,True,3.470123577816543,0.2320685121194452,26.8
6950d3b79138,24hb_1xT,24hb,1-1,D001:15~D00Q:48,extra_native,D001:15,D00Q:48,"('h_XY_2_0', 28, 'REVERSE')",None,False,True,4.017167854554316,0.2316526315281776,3.4000000000000004
6950d3b79138,24hb_1xT,24hb,1-1,D00S:47~D023:17,native_native_near_insert,D00S:47,D023:17,"('h_XY_2_1', 6, 'FORWARD')","('h_XY_2_1', 7, 'FORWARD')",False,True,3.4509700518636497,0.22479575861844506,31.0
6950d3b79138,24hb_1xT,24hb,1-1,D018:31~D01S:32,extra_native,D018:31,D01S:32,"('h_XY_2_6', 98, 'REVERSE')",None,False,True,4.137688863242867,0.22230356937030385,0.2
6950d3b79138,24hb_1xT,24hb,1-1,D00Y:7~D023:25,native_native_near_insert,D00Y:7,D023:25,"('h_XY_3_1', 14, 'REVERSE')","('h_XY_3_1', 13, 'REVERSE')",False,True,3.444556273639992,0.21632855258817515,35.199999999999996
6950d3b79138,24hb_1xT,24hb,1-1,D00B:48~D00G:15,extra_native,D00B:48,D00G:15,None,"('h_XY_1_0', 83, 'FORWARD')",False,True,3.48527249214271,0.21283658986329473,28.799999999999997
6950d3b79138,24hb_1xT,24hb,1-1,D01L:7~D021:24,extra_native,D01L:7,D021:24,"('h_XY_0_2', 112, 'REVERSE')",None,False,True,4.822126091883116,0.20828932831618682,0.0
6950d3b79138,24hb_1xT,24hb,1-1,D007:7~D01V:24,extra_native,D007:7,D01V:24,"('h_XY_1_6', 6, 'FORWARD')",None,False,True,4.2304711692227785,0.20301544692942186,0.6
6950d3b79138,24hb_1xT,24hb,1-1,D015:31~D01V:32,extra_native,D015:31,D01V:32,"('h_XY_2_6', 14, 'REVERSE')",None,False,True,5.776562736529428,0.20121369289896823,0.0
6950d3b79138,24hb_1xT,24hb,1-1,D004:23~D00T:8,extra_native,D004:23,D00T:8,"('h_XY_2_1', 118, 'FORWARD')",None,False,True,4.2111943860632834,0.19941183361046075,6.0
6950d3b79138,24hb_1xT,24hb,1-1,D000:1385~D01O:24,extra_native,D000:1385,D01O:24,"('h_XY_1_4', 33, 'REVERSE')",None,False,True,4.817375414111586,0.1934977190209758,0.0
6950d3b79138,24hb_1xT,24hb,1-1,D003:15~D00O:48,extra_native,D003:15,D00O:48,"('h_XY_2_0', 91, 'REVERSE')",None,False,True,4.298513814189353,0.18746648960330392,0.6
6950d3b79138,24hb_1xT,24hb,1-1,D002:44~D00V:8,extra_native,D002:44,D00V:8,"('h_XY_2_1', 76, 'FORWARD')",None,False,True,3.977405367232409,0.1866109848271036,2.4
6950d3b79138,24hb_1xT,24hb,1-1,D000:3320~D00T:40,extra_native,D000:3320,D00T:40,"('h_XY_0_3', 124, 'REVERSE')",None,False,True,5.1288304317526565,0.183864779241296,0.0
6950d3b79138,24hb_1xT,24hb,1-1,D00Q:39~D00Y:16,extra_native,D00Q:39,D00Y:16,"('h_XY_2_2', 21, 'REVERSE')",None,False,True,4.279035262958657,0.1795156733941664,0.6
6950d3b79138,24hb_1xT,24hb,1-1,D019:33~D01R:31,native_native_near_insert,D019:33,D01R:31,"('h_XY_1_6', 119, 'FORWARD')","('h_XY_1_6', 118, 'FORWARD')",False,True,3.3478092911382205,0.1780618205137316,29.2
6950d3b79138,24hb_1xT,24hb,1-1,D000:1324~D00X:38,native_native_near_insert,D000:1324,D00X:38,"('h_XY_1_3', 35, 'FORWARD')","('h_XY_1_3', 36, 'REVERSE')",False,True,5.517868878697152,0.17386518766782338,0.0
6950d3b79138,24hb_1xT,24hb,1-1,D00D:48~D00E:16,designed_extra_extra,D00D:48,D00E:16,None,None,True,True,4.095832988027056,0.17002198373241698,0.8
6950d3b79138,24hb_1xT,24hb,1-1,D000:1989~D01L:22,native_native_near_insert,D000:1989,D01L:22,"('h_XY_1_3', 112, 'FORWARD')","('h_XY_1_3', 113, 'REVERSE')",False,True,4.966682267387927,0.16979029975582335,0.0
6950d3b79138,24hb_1xT,24hb,1-1,D000:1742~D00O:30,native_native_near_insert,D000:1742,D00O:30,"('h_XY_2_3', 90, 'REVERSE')","('h_XY_2_3', 89, 'FORWARD')",False,True,4.988046724976889,0.16910252239342805,0.0
6950d3b79138,24hb_1xT,24hb,1-1,D000:2857~D018:17,native_native_near_insert,D000:2857,D018:17,"('h_XY_2_5', 99, 'REVERSE')","('h_XY_2_5', 98, 'FORWARD')",False,True,5.890804635961732,0.16905019342334662,0.0
6950d3b79138,24hb_1xT,24hb,1-1,D000:457~D008:6,native_native_near_insert,D000:457,D008:6,"('h_XY_1_6', 27, 'REVERSE')","('h_XY_1_6', 26, 'FORWARD')",False,True,4.657997842486203,0.16855831360384033,0.0
6950d3b79138,24hb_1xT,24hb,1-1,D01N:37~D01Q:36,extra_native,D01N:37,D01Q:36,None,"('h_XY_1_3', 56, 'REVERSE')",False,True,3.837830535282368,0.1683001901999648,6.800000000000001
6950d3b79138,24hb_1xT,24hb,1-1,D01B:15~D01K:48,extra_native,D01B:15,D01K:48,"('h_XY_3_4', 111, 'FORWARD')",None,False,True,4.362368887141107,0.16735052414914095,0.2
6950d3b79138,24hb_1xT,24hb,1-1,D000:2399~D00H:35,native_native_near_insert,D000:2399,D00H:35,"('h_XY_2_1', 69, 'REVERSE')","('h_XY_2_1', 68, 'FORWARD')",False,True,4.321618602237644,0.16698872929515504,0.2
6950d3b79138,24hb_1xT,24hb,1-1,D000:919~D01D:59,native_native_far,D000:919,D01D:59,"('h_XY_3_1', 42, 'FORWARD')","('h_XY_3_1', 43, 'REVERSE')",False,True,5.2493613374813455,0.16565429551435074,0.0
6950d3b79138,24hb_1xT,24hb,1-1,D000:2217~D003:6,native_native_near_insert,D000:2217,D003:6,"('h_XY_1_0', 97, 'REVERSE')","('h_XY_1_0', 96, 'FORWARD')",False,True,4.790790322133758,0.16530844266484462,0.0
6950d3b79138,24hb_1xT,24hb,1-1,D000:2619~D01K:46,native_native_near_insert,D000:2619,D01K:46,"('h_XY_3_3', 112, 'FORWARD')","('h_XY_3_3', 113, 'REVERSE')",False,True,5.026608192008947,0.16304604563279776,0.0
6950d3b79138,24hb_1xT,24hb,1-1,D008:40~D01G:16,designed_extra_extra,D008:40,D01G:16,None,None,True,True,3.4741502984727597,0.1628719257427941,12.0
6950d3b79138,24hb_1xT,24hb,1-1,D00F:32~D021:32,designed_extra_extra,D00F:32,D021:32,None,None,True,True,5.082927732222411,0.16255516554400917,0.0
6950d3b79138,24hb_1xT,24hb,1-1,D000:1479~D00L:6,native_native_far,D000:1479,D00L:6,"('h_XY_2_4', 56, 'FORWARD')","('h_XY_2_4', 57, 'REVERSE')",False,True,5.250253314183409,0.1610406087879679,0.0
6950d3b79138,24hb_1xT,24hb,1-1,D019:8~D01A:7,extra_native,D019:8,D01A:7,None,"('h_XY_3_5', 126, 'REVERSE')",False,True,4.284005981831965,0.1607750014504067,1.4000000000000001
6950d3b79138,24hb_1xT,24hb,1-1,D000:1258~D00Y:30,native_native_near_insert,D000:1258,D00Y:30,"('h_XY_1_2', 20, 'REVERSE')","('h_XY_1_2', 19, 'FORWARD')",False,True,4.1363287863612985,0.1598112560728415,0.0
6950d3b79138,24hb_1xT,24hb,1-1,D000:1527~D00R:36,native_native_far,D000:1527,D00R:36,"('h_XY_2_3', 11, 'REVERSE')","('h_XY_2_3', 10, 'FORWARD')",False,True,5.770392053737297,0.1596548799974151,0.0
6950d3b79138,24hb_1xT,24hb,1-1,D00J:7~D023:8,extra_native,D00J:7,D023:8,"('h_XY_2_0', 14, 'REVERSE')",None,False,True,3.7578144146147845,0.15897905860164765,1.6
6950d3b79138,24hb_1xT,24hb,1-1,D00A:21~D017:33,native_native_near_insert,D00A:21,D017:33,"('h_XY_1_6', 76, 'FORWARD')","('h_XY_1_6', 77, 'FORWARD')",False,True,3.71109421439918,0.1588165067632647,11.600000000000001
6950d3b79138,24hb_1xT,24hb,1-1,D000:1044~D001:15,native_native_near_insert,D000:1044,D001:15,"('h_XY_2_0', 27, 'FORWARD')","('h_XY_2_0', 28, 'REVERSE')",False,True,5.525720487531685,0.15867349859648675,0.0
6950d3b79138,24hb_1xT,24hb,1-1,D000:432~D01T:48,native_native_near_insert,D000:432,D01T:48,"('h_XY_1_6', 52, 'REVERSE')","('h_XY_1_6', 51, 'FORWARD')",False,True,5.421399541802072,0.15731608065147068,0.0
6950d3b79138,24hb_1xT,24hb,1-1,D000:2774~D01B:4,native_native_far,D000:2774,D01B:4,"('h_XY_3_5', 107, 'FORWARD')","('h_XY_3_5', 108, 'REVERSE')",False,True,5.641928314397921,0.1572915206987848,0.0
6950d3b79138,24hb_1xT,24hb,1-1,D000:1133~D007:53,native_native_far,D000:1133,D007:53,"('h_XY_1_0', 5, 'REVERSE')","('h_XY_1_0', 4, 'FORWARD')",False,True,5.169047635309053,0.15691432376246797,0.0
6950d3b79138,24hb_1xT,24hb,1-1,D000:1406~D01P:29,native_native_near_insert,D000:1406,D01P:29,"('h_XY_1_4', 12, 'REVERSE')","('h_XY_1_4', 11, 'FORWARD')",False,True,5.898087205441396,0.15683017284037634,0.0
6950d3b79138,24hb_1xT,24hb,1-1,D000:1109~D001:1,native_native_far,D000:1109,D001:1,"('h_XY_1_0', 29, 'REVERSE')","('h_XY_1_0', 28, 'FORWARD')",False,True,5.663007242415486,0.1565737052028905,0.0
6950d3b79138,24hb_1xT,24hb,1-1,D000:2917~D017:31,native_native_near_insert,D000:2917,D017:31,"('h_XY_2_6', 76, 'FORWARD')","('h_XY_2_6', 77, 'REVERSE')",False,True,5.9800511689944456,0.15627045990453006,0.0
6950d3b79138,24hb_1xT,24hb,1-1,D000:45~D01X:36,native_native_far,D000:45,D01X:36,"('h_XY_0_1', 25, 'REVERSE')","('h_XY_0_1', 24, 'FORWARD')",False,True,5.723374030853603,0.15610831436715802,0.0
6950d3b79138,24hb_1xT,24hb,1-1,D000:2471~D00T:1,native_native_far,D000:2471,D00T:1,"('h_XY_3_1', 124, 'FORWARD')","('h_XY_3_1', 125, 'REVERSE')",False,True,5.879739338148693,0.1554121585482946,0.0
6950d3b79138,24hb_1xT,24hb,1-1,D000:1113~D008:52,native_native_far,D000:1113,D008:52,"('h_XY_1_0', 25, 'REVERSE')","('h_XY_1_0', 24, 'FORWARD')",False,True,5.62074432427498,0.1553519048165695,0.0
6950d3b79138,24hb_1xT,24hb,1-1,D000:2270~D00G:6,native_native_near_insert,D000:2270,D00G:6,"('h_XY_2_0', 77, 'FORWARD')","('h_XY_2_0', 78, 'REVERSE')",False,True,5.540166121871037,0.1552939689414559,0.0
6950d3b79138,24hb_1xT,24hb,1-1,D00F:31~D021:32,extra_native,D00F:31,D021:32,"('h_XY_0_1', 104, 'FORWARD')",None,False,True,5.204471300808007,0.15510978908558853,0.0
6950d3b79138,24hb_1xT,24hb,1-1,D000:510~D00Q:6,native_native_near_insert,D000:510,D00Q:6,"('h_XY_2_6', 21, 'FORWARD')","('h_XY_2_6', 22, 'REVERSE')",False,True,5.184577507024874,0.15490880360468753,0.0
6950d3b79138,24hb_1xT,24hb,1-1,D000:2122~D01J:14,native_native_near_insert,D000:2122,D01J:14,"('h_XY_1_1', 91, 'FORWARD')","('h_XY_1_1', 92, 'REVERSE')",False,True,4.959159014525915,0.15433014559704172,0.0
6950d3b79138,24hb_1xT,24hb,1-1,D000:1702~D00M:28,native_native_far,D000:1702,D00M:28,"('h_XY_2_3', 130, 'REVERSE')","('h_XY_2_3', 129, 'FORWARD')",False,True,5.806555202374977,0.15399446547432438,0.0
6950d3b79138,24hb_1xT,24hb,1-1,D000:2585~D011:13,native_native_near_insert,D000:2585,D011:13,"('h_XY_3_3', 78, 'FORWARD')","('h_XY_3_3', 79, 'REVERSE')",False,True,4.959810836016896,0.15398043823487567,0.0
6950d3b79138,24hb_1xT,24hb,1-1,D000:3420~D021:30,native_native_near_insert,D000:3420,D021:30,"('h_XY_0_2', 105, 'FORWARD')","('h_XY_0_2', 106, 'REVERSE')",False,True,5.232347302588525,0.15383416188673418,0.0
6950d3b79138,24hb_1xT,24hb,1-1,D000:1505~D01G:37,native_native_near_insert,D000:1505,D01G:37,"('h_XY_2_3', 33, 'REVERSE')","('h_XY_2_3', 32, 'FORWARD')",False,True,5.435698354795669,0.15379942817912917,0.0
6950d3b79138,24hb_1xT,24hb,1-1,D000:2478~D01A:33,native_native_near_insert,D000:2478,D01A:33,"('h_XY_3_1', 131, 'FORWARD')","('h_XY_3_1', 132, 'REVERSE')",False,True,5.327065657013787,0.1524622128048989,0.0
6950d3b79138,24hb_1xT,24hb,1-1,D000:1664~D00N:36,native_native_far,D000:1664,D00N:36,"('h_XY_2_2', 107, 'FORWARD')","('h_XY_2_2', 108, 'REVERSE')",False,True,5.019548517157582,0.1523469463701636,0.0
6950d3b79138,24hb_1xT,24hb,1-1,D000:1803~D00O:16,extra_native,D000:1803,D00O:16,"('h_XY_2_4', 86, 'FORWARD')",None,False,True,4.537580106454842,0.15216133078387342,0.0
6950d3b79138,24hb_1xT,24hb,1-1,D000:821~D010:2,native_native_far,D000:821,D010:2,"('h_XY_3_2', 37, 'REVERSE')","('h_XY_3_2', 36, 'FORWARD')",False,True,5.995924400775051,0.15215117081441037,0.0
6950d3b79138,24hb_1xT,24hb,1-1,D000:2666~D01K:52,native_native_far,D000:2666,D01K:52,"('h_XY_3_4', 116, 'REVERSE')","('h_XY_3_4', 115, 'FORWARD')",False,True,5.731482047921206,0.15202818806093557,0.0
6950d3b79138,24hb_1xT,24hb,1-1,D000:3169~D013:50,native_native_near_insert,D000:3169,D013:50,"('h_XY_0_5', 121, 'REVERSE')","('h_XY_0_5', 120, 'FORWARD')",False,True,5.3934601726790845,0.15201656481160192,0.0
6950d3b79138,24hb_1xT,24hb,1-1,D000:2344~D00T:13,native_native_near_insert,D000:2344,D00T:13,"('h_XY_2_1', 124, 'REVERSE')","('h_XY_2_1', 123, 'FORWARD')",False,True,4.5087479649504685,0.1517546658863655,0.0
6950d3b79138,24hb_1xT,24hb,1-1,D000:2653~D01A:11,native_native_near_insert,D000:2653,D01A:11,"('h_XY_3_4', 129, 'REVERSE')","('h_XY_3_4', 128, 'FORWARD')",False,True,4.986338742839412,0.1516995427394958,0.0
6950d3b79138,24hb_1xT,24hb,1-1,D000:1729~D012:21,native_native_near_insert,D000:1729,D012:21,"('h_XY_2_3', 103, 'REVERSE')","('h_XY_2_3', 102, 'FORWARD')",False,True,5.00718145690656,0.15166472440007975,0.0
6950d3b79138,24hb_1xT,24hb,1-1,D000:1448~D00Q:18,native_native_near_insert,D000:1448,D00Q:18,"('h_XY_2_4', 25, 'FORWARD')","('h_XY_2_4', 26, 'REVERSE')",False,True,5.600915901057729,0.15122646339621526,0.0
6950d3b79138,24hb_1xT,24hb,1-1,D000:3509~D020:37,native_native_far,D000:3509,D020:37,"('h_XY_0_1', 89, 'REVERSE')","('h_XY_0_1', 88, 'FORWARD')",False,True,5.979463192590603,0.1510789587195847,0.0
6950d3b79138,24hb_1xT,24hb,1-1,D000:2191~D00E:12,native_native_far,D000:2191,D00E:12,"('h_XY_1_0', 123, 'REVERSE')","('h_XY_1_0', 122, 'FORWARD')",False,True,5.8451141152148525,0.15077193701190184,0.0
6950d3b79138,24hb_1xT,24hb,1-1,D000:3106~D00C:14,native_native_near_insert,D000:3106,D00C:14,"('h_XY_1_5', 105, 'FORWARD')","('h_XY_1_5', 106, 'REVERSE')",False,True,4.752911588388706,0.150195925220702,0.0
6950d3b79138,24hb_1xT,24hb,1-1,D000:3234~D01T:3,native_native_far,D000:3234,D01T:3,"('h_XY_0_4', 73, 'FORWARD')","('h_XY_0_4', 74, 'REVERSE')",False,True,5.468053817859133,0.15011599563409284,0.0
6950d3b79138,24hb_1xT,24hb,1-1,D000:1245~D01G:21,native_native_near_insert,D000:1245,D01G:21,"('h_XY_1_2', 33, 'REVERSE')","('h_XY_1_2', 32, 'FORWARD')",False,True,4.77708807756361,0.14934190426727845,0.0
6950d3b79138,24hb_1xT,24hb,1-1,D000:1590~D01G:25,native_native_near_insert,D000:1590,D01G:25,"('h_XY_2_2', 33, 'FORWARD')","('h_XY_2_2', 34, 'REVERSE')",False,True,5.972565175796103,0.14927180282349245,0.0
6950d3b79138,24hb_1xT,24hb,1-1,D000:493~D00S:2,native_native_far,D000:493,D00S:2,"('h_XY_2_6', 4, 'FORWARD')","('h_XY_2_6', 5, 'REVERSE')",False,True,5.830373308363635,0.14912456314104094,0.0
6950d3b79138,24hb_1xT,24hb,1-1,D000:610~D01F:5,native_native_near_insert,D000:610,D01F:5,"('h_XY_3_5', 1, 'FORWARD')","('h_XY_3_5', 2, 'REVERSE')",False,True,5.078885807005675,0.14815740993813,0.0
6950d3b79138,24hb_1xT,24hb,1-1,D000:1409~D01P:26,native_native_near_insert,D000:1409,D01P:26,"('h_XY_1_4', 9, 'REVERSE')","('h_XY_1_4', 8, 'FORWARD')",False,True,5.39629269526823,0.1479996806712408,0.0
6950d3b79138,24hb_1xT,24hb,1-1,D000:2847~D00N:12,native_native_far,D000:2847,D00N:12,"('h_XY_2_5', 109, 'REVERSE')","('h_XY_2_5', 108, 'FORWARD')",False,True,5.26646658097364,0.1478600001183064,0.0
6950d3b79138,24hb_1xT,24hb,1-1,D000:1662~D00N:38,native_native_near_insert,D000:1662,D00N:38,"('h_XY_2_2', 105, 'FORWARD')","('h_XY_2_2', 106, 'REVERSE')",False,True,4.64040540457148,0.14739880072977027,0.0
6950d3b79138,24hb_1xT,24hb,1-1,D000:3434~D00E:38,native_native_far,D000:3434,D00E:38,"('h_XY_0_2', 119, 'FORWARD')","('h_XY_0_2', 120, 'REVERSE')",False,True,4.802241985682567,0.14676316424872532,0.0
6950d3b79138,24hb_1xT,24hb,1-1,D000:2954~D01R:37,native_native_far,D000:2954,D01R:37,"('h_XY_2_6', 113, 'FORWARD')","('h_XY_2_6', 114, 'REVERSE')",False,True,4.875297208474548,0.14669985063915317,0.0
6950d3b79138,24hb_1xT,24hb,1-1,D000:525~D016:29,native_native_near_insert,D000:525,D016:29,"('h_XY_2_6', 36, 'FORWARD')","('h_XY_2_6', 37, 'REVERSE')",False,True,5.370523697431689,0.14649646859862173,0.0
6950d3b79138,24hb_1xT,24hb,1-1,D000:3200~D020:6,native_native_near_insert,D000:3200,D020:6,"('h_XY_0_5', 90, 'REVERSE')","('h_XY_0_5', 89, 'FORWARD')",False,True,3.9224242547917507,0.14640313035798652,1.4000000000000001
6950d3b79138,24hb_1xT,24hb,1-1,D000:3485~D01K:1,native_native_far,D000:3485,D01K:1,"('h_XY_0_1', 113, 'REVERSE')","('h_XY_0_1', 112, 'FORWARD')",False,True,5.619088589315017,0.14613580403435095,0.0
6950d3b79138,24hb_1xT,24hb,1-1,D000:986~D023:21,native_native_near_insert,D000:986,D023:21,"('h_XY_2_1', 12, 'REVERSE')","('h_XY_2_1', 11, 'FORWARD')",False,True,5.179430519887857,0.1461009166707805,0.0
6950d3b79138,24hb_1xT,24hb,1-1,D000:1796~D011:28,native_native_far,D000:1796,D011:28,"('h_XY_2_4', 79, 'FORWARD')","('h_XY_2_4', 80, 'REVERSE')",False,True,5.822844246637339,0.14591031434022628,0.0
6950d3b79138,24hb_1xT,24hb,1-1,D000:97~D00J:36,native_native_far,D000:97,D00J:36,"('h_XY_0_2', 16, 'FORWARD')","('h_XY_0_2', 17, 'REVERSE')",False,True,5.806530891017664,0.14556111295575977,0.0
6950d3b79138,24hb_1xT,24hb,1-1,D000:601~D00S:11,native_native_near_insert,D000:601,D00S:11,"('h_XY_2_5', 3, 'REVERSE')","('h_XY_2_5', 2, 'FORWARD')",False,True,5.8700592903751545,0.1451768239890174,0.0
6950d3b79138,24hb_1xT,24hb,1-1,D000:3503~D01J:4,native_native_far,D000:3503,D01J:4,"('h_XY_0_1', 95, 'REVERSE')","('h_XY_0_1', 94, 'FORWARD')",False,True,5.628612252257675,0.1450865782423347,0.0
6950d3b79138,24hb_1xT,24hb,1-1,D000:1533~D00S:29,native_native_near_insert,D000:1533,D00S:29,"('h_XY_2_3', 5, 'REVERSE')","('h_XY_2_3', 4, 'FORWARD')",False,True,5.007875707618642,0.14448954224098384,0.0
6950d3b79138,24hb_1xT,24hb,1-1,D000:2998~D00D:6,native_native_near_insert,D000:2998,D00D:6,"('h_XY_1_6', 132, 'REVERSE')","('h_XY_1_6', 131, 'FORWARD')",False,True,5.8633280491287545,0.14427133456512156,0.0
6950d3b79138,24hb_1xT,24hb,1-1,D000:1359~D006:3,native_native_far,D000:1359,D006:3,"('h_XY_1_4', 59, 'REVERSE')","('h_XY_1_4', 58, 'FORWARD')",False,True,5.447168845735907,0.14406654182999137,0.0
6950d3b79138,24hb_1xT,24hb,1-1,D000:905~D001:30,native_native_near_insert,D000:905,D001:30,"('h_XY_3_1', 28, 'FORWARD')","('h_XY_3_1', 29, 'REVERSE')",False,True,5.457883800481632,0.14400590143187939,0.0
6950d3b79138,24hb_1xT,24hb,1-1,D000:3182~D021:3,native_native_far,D000:3182,D021:3,"('h_XY_0_5', 108, 'REVERSE')","('h_XY_0_5', 107, 'FORWARD')",False,True,5.490647143332782,0.14396182912705155,0.0
6950d3b79138,24hb_1xT,24hb,1-1,D000:3121~D013:45,native_native_near_insert,D000:3121,D013:45,"('h_XY_1_5', 120, 'FORWARD')","('h_XY_1_5', 121, 'REVERSE')",False,True,4.7654368539560705,0.1433075200259903,0.0
6950d3b79138,24hb_1xT,24hb,1-1,D000:2064~D01J:21,native_native_near_insert,D000:2064,D01J:21,"('h_XY_1_2', 96, 'REVERSE')","('h_XY_1_2', 95, 'FORWARD')",False,True,5.197299691171578,0.14245834979786928,0.0
6950d3b79138,24hb_1xT,24hb,1-1,D000:2731~D01D:5,native_native_far,D000:2731,D01D:5,"('h_XY_3_5', 64, 'FORWARD')","('h_XY_3_5', 65, 'REVERSE')",False,True,5.343076120661146,0.14229724881871034,0.0
6950d3b79138,24hb_1xT,24hb,1-1,D000:3474~D00E:29,native_native_near_insert,D000:3474,D00E:29,"('h_XY_0_1', 124, 'REVERSE')","('h_XY_0_1', 123, 'FORWARD')",False,True,4.975362589566316,0.14225370581630886,0.0
6950d3b79138,24hb_1xT,24hb,1-1,D000:2681~D018:3,native_native_far,D000:2681,D018:3,"('h_XY_3_4', 101, 'REVERSE')","('h_XY_3_4', 100, 'FORWARD')",False,True,5.545508302760725,0.14129714183236497,0.0
6950d3b79138,24hb_1xT,24hb,1-1,D000:417~D01Z:29,native_native_far,D000:417,D01Z:29,"('h_XY_1_5', 62, 'FORWARD')","('h_XY_1_5', 63, 'REVERSE')",False,True,5.49362453391438,0.1411624781029653,0.0
6950d3b79138,24hb_1xT,24hb,1-1,D00C:47~D00F:16,extra_native,D00C:47,D00F:16,"('h_XY_1_1', 105, 'REVERSE')",None,False,True,4.1436833466025,0.1410904680850191,1.6
6950d3b79138,24hb_1xT,24hb,1-1,D000:112~D01O:3,native_native_far,D000:112,D01O:3,"('h_XY_0_2', 31, 'FORWARD')","('h_XY_0_2', 32, 'REVERSE')",False,True,4.780253783082762,0.14108613804366235,0.0
6950d3b79138,24hb_1xT,24hb,1-1,D000:1313~D008:27,native_native_near_insert,D000:1313,D008:27,"('h_XY_1_3', 24, 'FORWARD')","('h_XY_1_3', 25, 'REVERSE')",False,True,5.88888835669195,0.14090720380358585,0.0
6950d3b79138,24hb_1xT,24hb,1-1,D00N:16~D01L:40,designed_extra_extra,D00N:16,D01L:40,None,None,True,True,3.4721493912292254,0.14058932683388686,18.4
6950d3b79138,24hb_1xT,24hb,1-1,D000:1218~D00K:34,native_native_far,D000:1218,D00K:34,"('h_XY_1_2', 60, 'REVERSE')","('h_XY_1_2', 59, 'FORWARD')",False,True,5.164575944126054,0.14036048849124486,0.0
6950d3b79138,24hb_1xT,24hb,1-1,D000:3446~D022:25,native_native_near_insert,D000:3446,D022:25,"('h_XY_0_2', 131, 'FORWARD')","('h_XY_0_2', 132, 'REVERSE')",False,True,5.589053730573525,0.13952515391416678,0.0
6950d3b79138,24hb_1xT,24hb,1-1,D00M:39~D00T:16,extra_native,D00M:39,D00T:16,"('h_XY_2_2', 126, 'REVERSE')",None,False,True,5.489897326221167,0.13950793863601807,0.0
6950d3b79138,24hb_1xT,24hb,1-1,D000:2070~D00B:38,native_native_near_insert,D000:2070,D00B:38,"('h_XY_1_2', 90, 'REVERSE')","('h_XY_1_2', 89, 'FORWARD')",False,True,4.805619733233541,0.13936260581297596,0.0
6950d3b79138,24hb_1xT,24hb,1-1,D000:3266~D021:14,native_native_near_insert,D000:3266,D021:14,"('h_XY_0_4', 105, 'FORWARD')","('h_XY_0_4', 106, 'REVERSE')",False,True,4.759555203142746,0.13869296826853555,0.0
6950d3b79138,24hb_1xT,24hb,1-1,D000:87~D01P:7,native_native_near_insert,D000:87,D01P:7,"('h_XY_0_2', 6, 'FORWARD')","('h_XY_0_2', 7, 'REVERSE')",False,True,5.964026547232825,0.13865378828466765,0.0
6950d3b79138,24hb_1xT,24hb,1-1,D000:834~D01E:24,extra_native,D000:834,D01E:24,"('h_XY_3_2', 24, 'REVERSE')",None,False,True,5.461054126055614,0.1383564768417897,0.0
6950d3b79138,24hb_1xT,24hb,1-1,D000:1199~D01H:13,native_native_near_insert,D000:1199,D01H:13,"('h_XY_1_1', 50, 'FORWARD')","('h_XY_1_1', 51, 'REVERSE')",False,True,5.4449755669576785,0.13791365388312202,0.0
6950d3b79138,24hb_1xT,24hb,1-1,D000:2700~D017:5,native_native_near_insert,D000:2700,D017:5,"('h_XY_3_4', 82, 'REVERSE')","('h_XY_3_4', 81, 'FORWARD')",False,True,5.215174746729872,0.13779504219943958,0.0
6950d3b79138,24hb_1xT,24hb,1-1,D000:3197~D01S:10,native_native_near_insert,D000:3197,D01S:10,"('h_XY_0_5', 93, 'REVERSE')","('h_XY_0_5', 92, 'FORWARD')",False,True,5.1214623009115385,0.13779253422968007,0.0
6950d3b79138,24hb_1xT,24hb,1-1,D000:2787~D019:13,native_native_near_insert,D000:2787,D019:13,"('h_XY_3_5', 120, 'FORWARD')","('h_XY_3_5', 121, 'REVERSE')",False,True,4.830685417612543,0.13768143349965528,0.0
6950d3b79138,24hb_1xT,24hb,1-1,D000:1238~D00X:29,native_native_near_insert,D000:1238,D00X:29,"('h_XY_1_2', 40, 'REVERSE')","('h_XY_1_2', 39, 'FORWARD')",False,True,4.878415828053277,0.1357767675036681,0.0
6950d3b79138,24hb_1xT,24hb,1-1,D000:2523~D012:1,native_native_far,D000:2523,D012:1,"('h_XY_3_2', 99, 'REVERSE')","('h_XY_3_2', 98, 'FORWARD')",False,True,5.950234411444756,0.13501560553858993,0.0
6950d3b79138,24hb_1xT,24hb,1-1,D000:2204~D00C:53,native_native_far,D000:2204,D00C:53,"('h_XY_1_0', 110, 'REVERSE')","('h_XY_1_0', 109, 'FORWARD')",False,True,3.8295641657866093,0.13423025559626733,0.2
6950d3b79138,24hb_1xT,24hb,1-1,D000:652~D01D:26,native_native_near_insert,D000:652,D01D:26,"('h_XY_3_5', 43, 'FORWARD')","('h_XY_3_5', 44, 'REVERSE')",False,True,4.937560187427335,0.13421491950680325,0.0
6950d3b79138,24hb_1xT,24hb,1-1,D000:394~D010:42,native_native_near_insert,D000:394,D010:42,"('h_XY_1_5', 39, 'FORWARD')","('h_XY_1_5', 40, 'REVERSE')",False,True,5.760527206612291,0.1335163335740156,0.0
6950d3b79138,24hb_1xT,24hb,1-1,D000:1037~D00Q:55,native_native_far,D000:1037,D00Q:55,"('h_XY_2_0', 20, 'FORWARD')","('h_XY_2_0', 21, 'REVERSE')",False,True,3.49304999863967,0.13340152077960402,0.0
6950d3b79138,24hb_1xT,24hb,1-1,D000:481~D007:3,native_native_far,D000:481,D007:3,"('h_XY_1_6', 3, 'REVERSE')","('h_XY_1_6', 2, 'FORWARD')",False,True,5.7220886252181336,0.13286589120903275,0.0
6950d3b79138,24hb_1xT,24hb,1-1,D000:3444~D022:27,native_native_near_insert,D000:3444,D022:27,"('h_XY_0_2', 129, 'FORWARD')","('h_XY_0_2', 130, 'REVERSE')",False,True,5.981899743047221,0.13207374394350774,0.0
6950d3b79138,24hb_1xT,24hb,1-1,D000:3239~D00V:53,native_native_far,D000:3239,D00V:53,"('h_XY_0_4', 78, 'FORWARD')","('h_XY_0_4', 79, 'REVERSE')",False,True,5.769291628451305,0.13141409757005706,0.0
6950d3b79138,24hb_1xT,24hb,1-1,D000:1749~D011:22,native_native_near_insert,D000:1749,D011:22,"('h_XY_2_3', 83, 'REVERSE')","('h_XY_2_3', 82, 'FORWARD')",False,True,5.0338937060732265,0.1312919946762646,0.0
6950d3b79138,24hb_1xT,24hb,1-1,D000:1817~D012:24,extra_native,D000:1817,D012:24,"('h_XY_2_4', 100, 'FORWARD')",None,False,True,5.508200292265174,0.13109199354291753,0.0
6950d3b79138,24hb_1xT,24hb,1-1,D000:851~D01F:31,native_native_near_insert,D000:851,D01F:31,"('h_XY_3_2', 7, 'REVERSE')","('h_XY_3_2', 6, 'FORWARD')",False,True,4.896813183871893,0.13067823568737708,0.0
6950d3b79138,24hb_1xT,24hb,1-1,D00C:31~D00U:32,extra_native,D00C:31,D00U:32,"('h_XY_1_3', 105, 'REVERSE')",None,False,True,5.716937908562484,0.13023755682261914,0.0
6950d3b79138,24hb_1xT,24hb,1-1,D00R:40~D00Z:16,designed_extra_extra,D00R:40,D00Z:16,None,None,True,False,,0.1301295963914528,0.0
6950d3b79138,24hb_1xT,24hb,1-1,D000:3046~D017:39,native_native_far,D000:3046,D017:39,"('h_XY_1_6', 84, 'REVERSE')","('h_XY_1_6', 83, 'FORWARD')",False,True,4.697766972051957,0.1299723782977515,0.0
6950d3b79138,24hb_1xT,24hb,1-1,D000:1317~D01O:22,native_native_near_insert,D000:1317,D01O:22,"('h_XY_1_3', 28, 'FORWARD')","('h_XY_1_3', 29, 'REVERSE')",False,True,4.269648173434604,0.12996991757079673,0.2
6950d3b79138,24hb_1xT,24hb,1-1,D000:939~D00H:25,native_native_far,D000:939,D00H:25,"('h_XY_2_1', 59, 'REVERSE')","('h_XY_2_1', 58, 'FORWARD')",False,True,5.49881060049141,0.12959386508801332,0.0
6950d3b79138,24hb_1xT,24hb,1-1,D000:2151~D00E:21,native_native_near_insert,D000:2151,D00E:21,"('h_XY_1_1', 120, 'FORWARD')","('h_XY_1_1', 121, 'REVERSE')",False,True,3.5597385681389992,0.1295191379163023,0.2
6950d3b79138,24hb_1xT,24hb,1-1,D000:2736~D006:45,native_native_far,D000:2736,D006:45,"('h_XY_3_5', 69, 'FORWARD')","('h_XY_3_5', 70, 'REVERSE')",False,True,5.7078869715530836,0.12931260147961712,0.0
6950d3b79138,24hb_1xT,24hb,1-1,D000:3243~D00V:49,native_native_near_insert,D000:3243,D00V:49,"('h_XY_0_4', 82, 'FORWARD')","('h_XY_0_4', 83, 'REVERSE')",False,True,5.275595417155769,0.12885253290211576,0.0
6950d3b79138,24hb_1xT,24hb,1-1,D000:3428~D01L:5,native_native_near_insert,D000:3428,D01L:5,"('h_XY_0_2', 113, 'FORWARD')","('h_XY_0_2', 114, 'REVERSE')",False,True,4.6801334836939406,0.1265691896603887,0.0
6950d3b79138,24hb_1xT,24hb,1-1,D000:1927~D011:34,native_native_near_insert,D000:1927,D011:34,"('h_XY_1_4', 79, 'REVERSE')","('h_XY_1_4', 78, 'FORWARD')",False,True,5.88214386258157,0.12648956236348705,0.0
6950d3b79138,24hb_1xT,24hb,1-1,D000:1610~D01H:26,native_native_near_insert,D000:1610,D01H:26,"('h_XY_2_2', 53, 'FORWARD')","('h_XY_2_2', 54, 'REVERSE')",False,True,5.545273349859244,0.12437249754948754,0.0
6950d3b79138,24hb_1xT,24hb,1-1,D000:2319~D00M:54,native_native_far,D000:2319,D00M:54,"('h_XY_2_0', 126, 'FORWARD')","('h_XY_2_0', 127, 'REVERSE')",False,True,4.370596628541863,0.12360254009080275,0.0
6950d3b79138,24hb_1xT,24hb,1-1,D000:2288~D003:10,native_native_near_insert,D000:2288,D003:10,"('h_XY_2_0', 95, 'FORWARD')","('h_XY_2_0', 96, 'REVERSE')",False,True,5.945556743153239,0.12358838407288268,0.0
6950d3b79138,24hb_1xT,24hb,1-1,D000:2195~D004:7,native_native_near_insert,D000:2195,D004:7,"('h_XY_1_0', 119, 'REVERSE')","('h_XY_1_0', 118, 'FORWARD')",False,True,4.7795029806224045,0.12229494294782244,0.0
6950d3b79138,24hb_1xT,24hb,1-1,D005:17~D00K:13,native_native_near_insert,D005:17,D00K:13,"('h_XY_2_3', 70, 'FORWARD')","('h_XY_2_3', 68, 'FORWARD')",False,True,5.884827347432377,0.12062837392053193,0.0
6950d3b79138,24hb_1xT,24hb,1-1,D008:47~D00J:16,extra_native,D008:47,D00J:16,"('h_XY_1_1', 21, 'REVERSE')",None,False,True,4.270360016622312,0.11999864389870703,0.2
6950d3b79138,24hb_1xT,24hb,1-1,D000:2538~D011:7,native_native_near_insert,D000:2538,D011:7,"('h_XY_3_2', 84, 'REVERSE')","('h_XY_3_2', 83, 'FORWARD')",False,True,5.799406311741164,0.11994283931455706,0.0
6950d3b79138,24hb_1xT,24hb,1-1,D000:3128~D00D:8,extra_native,D000:3128,D00D:8,"('h_XY_1_5', 127, 'FORWARD')",None,False,True,5.180971313731629,0.11925086731519133,0.0
6950d3b79138,24hb_1xT,24hb,1-1,D00Y:7~D023:24,extra_native,D00Y:7,D023:24,"('h_XY_3_1', 14, 'REVERSE')",None,False,True,3.805838825341564,0.11903321269404511,4.3999999999999995
6950d3b79138,24hb_1xT,24hb,1-1,D000:110~D01O:5,native_native_near_insert,D000:110,D01O:5,"('h_XY_0_2', 29, 'FORWARD')","('h_XY_0_2', 30, 'REVERSE')",False,True,4.487832848988171,0.11833650071513457,0.0
6950d3b79138,24hb_1xT,24hb,1-1,D000:1816~D012:24,extra_native,D000:1816,D012:24,"('h_XY_2_4', 99, 'FORWARD')",None,False,True,5.585445932672383,0.11778023119518577,0.0
6950d3b79138,24hb_1xT,24hb,1-1,D000:2947~D00N:5,native_native_near_insert,D000:2947,D00N:5,"('h_XY_2_6', 106, 'FORWARD')","('h_XY_2_6', 107, 'REVERSE')",False,True,5.194097498252958,0.11776287040112188,0.0
6950d3b79138,24hb_1xT,24hb,1-1,D008:49~D00J:16,extra_native,D008:49,D00J:16,"('h_XY_1_0', 21, 'FORWARD')",None,False,True,5.245734409611254,0.11747831405577736,0.0
6950d3b79138,24hb_1xT,24hb,1-1,D00P:39~D01H:31,extra_native,D00P:39,D01H:31,None,"('h_XY_2_2', 49, 'REVERSE')",False,True,5.289002962702655,0.11703997735194042,0.0
6950d3b79138,24hb_1xT,24hb,1-1,D000:1721~D00N:30,native_native_near_insert,D000:1721,D00N:30,"('h_XY_2_3', 111, 'REVERSE')","('h_XY_2_3', 110, 'FORWARD')",False,True,4.2840498923030825,0.116024747926567,0.0
6950d3b79138,24hb_1xT,24hb,1-1,D009:47~D00I:16,extra_native,D009:47,D00I:16,"('h_XY_1_1', 42, 'REVERSE')",None,False,True,4.376336411957539,0.11557646656570664,0.6
6950d3b79138,24hb_1xT,24hb,1-1,D010:8~D01D:44,extra_native,D010:8,D01D:44,None,"('h_XY_3_3', 42, 'REVERSE')",False,True,5.2563424229817315,0.11556201684569542,0.0
6950d3b79138,24hb_1xT,24hb,1-1,D000:2498~D013:5,native_native_near_insert,D000:2498,D013:5,"('h_XY_3_2', 124, 'REVERSE')","('h_XY_3_2', 123, 'FORWARD')",False,True,4.605846064610217,0.11553993418989865,0.0
6950d3b79138,24hb_1xT,24hb,1-1,D000:2283~D003:15,native_native_near_insert,D000:2283,D003:15,"('h_XY_2_0', 90, 'FORWARD')","('h_XY_2_0', 91, 'REVERSE')",False,True,4.486535406979464,0.114118815503903,0.0
6950d3b79138,24hb_1xT,24hb,1-1,D000:2163~D00D:40,extra_native,D000:2163,D00D:40,"('h_XY_1_1', 132, 'FORWARD')",None,False,True,4.961552416212999,0.11005430319699008,0.0
6950d3b79138,24hb_1xT,24hb,1-1,D000:1961~D00B:30,native_native_near_insert,D000:1961,D00B:30,"('h_XY_1_3', 84, 'FORWARD')","('h_XY_1_3', 85, 'REVERSE')",False,True,3.9757566156091935,0.10985676816223527,0.0
6950d3b79138,24hb_1xT,24hb,1-1,D005:7~D00V:24,extra_native,D005:7,D00V:24,"('h_XY_1_2', 76, 'FORWARD')",None,False,True,4.444099419059225,0.10933406203443342,0.2
6950d3b79138,24hb_1xT,24hb,1-1,D000:570~D01O:46,native_native_near_insert,D000:570,D01O:46,"('h_XY_2_5', 34, 'REVERSE')","('h_XY_2_5', 33, 'FORWARD')",False,True,4.501794122186377,0.10650998311213972,0.0
6950d3b79138,24hb_1xT,24hb,1-1,D000:316~D010:49,native_native_near_insert,D000:316,D010:49,"('h_XY_0_5', 34, 'REVERSE')","('h_XY_0_5', 35, 'FORWARD')",False,True,5.692682051609778,0.10525838418255225,0.0
6950d3b79138,24hb_1xT,24hb,1-1,D000:3226~D01T:11,native_native_far,D000:3226,D01T:11,"('h_XY_0_4', 65, 'FORWARD')","('h_XY_0_4', 66, 'REVERSE')",False,True,5.661707681472444,0.10429007945135695,0.0
6950d3b79138,24hb_1xT,24hb,1-1,D010:16~D01G:40,designed_extra_extra,D010:16,D01G:40,None,None,True,True,4.777142712145231,0.10326573533688888,0.0
6950d3b79138,24hb_1xT,24hb,1-1,D018:33~D01S:32,extra_native,D018:33,D01S:32,"('h_XY_1_6', 98, 'FORWARD')",None,False,True,5.949063035411535,0.10288791526721225,0.0
6950d3b79138,24hb_1xT,24hb,1-1,D000:2513~D01B:24,extra_native,D000:2513,D01B:24,"('h_XY_3_2', 109, 'REVERSE')",None,False,True,5.212593631517531,0.0995038285415811,0.0
6950d3b79138,24hb_1xT,24hb,1-1,D000:1097~D00I:14,native_native_near_insert,D000:1097,D00I:14,"('h_XY_1_0', 41, 'REVERSE')","('h_XY_1_0', 40, 'FORWARD')",False,True,3.8279719071242124,0.09944483829393545,0.0
6950d3b79138,24hb_1xT,24hb,1-1,D000:1857~D00M:16,extra_native,D000:1857,D00M:16,"('h_XY_2_4', 140, 'FORWARD')",None,False,True,3.3336740254630364,0.09942010740285201,0.2
6950d3b79138,24hb_1xT,24hb,1-1,D00H:14~D00P:55,extra_native,D00H:14,D00P:55,"('h_XY_2_0', 49, 'REVERSE')",None,False,True,4.170736772509951,0.09831744889923028,1.0
6950d3b79138,24hb_1xT,24hb,1-1,D00Z:8~D01E:25,extra_native,D00Z:8,D01E:25,None,"('h_XY_3_2', 21, 'FORWARD')",False,True,5.06160405477355,0.09698025644587897,0.0
6950d3b79138,24hb_1xT,24hb,1-1,D00A:22~D017:32,designed_extra_extra,D00A:22,D017:32,None,None,True,True,3.881998546871248,0.09657511007811148,1.4000000000000001
6950d3b79138,24hb_1xT,24hb,1-1,D00C:24~D01L:25,extra_native,D00C:24,D01L:25,None,"('h_XY_1_4', 112, 'FORWARD')",False,True,5.897623368811617,0.09655574676518999,0.0
6950d3b79138,24hb_1xT,24hb,1-1,D00Z:33~D01P:32,extra_native,D00Z:33,D01P:32,"('h_XY_1_4', 14, 'FORWARD')",None,False,True,4.915585672946255,0.09597729073079955,0.0
6950d3b79138,24hb_1xT,24hb,1-1,D000:2256~D00H:43,native_native_far,D000:2256,D00H:43,"('h_XY_2_0', 63, 'FORWARD')","('h_XY_2_0', 64, 'REVERSE')",False,True,3.912354563067697,0.09542048344739341,0.0
6950d3b79138,24hb_1xT,24hb,1-1,D000:3407~D01M:5,native_native_near_insert,D000:3407,D01M:5,"('h_XY_0_2', 92, 'FORWARD')","('h_XY_0_2', 93, 'REVERSE')",False,True,4.125671873996392,0.09526143811396329,0.0
6950d3b79138,24hb_1xT,24hb,1-1,D00B:8~D01S:24,designed_extra_extra,D00B:8,D01S:24,None,None,True,False,,0.09484538605082853,0.0
6950d3b79138,24hb_1xT,24hb,1-1,D000:1890~D01L:24,extra_native,D000:1890,D01L:24,"('h_XY_1_4', 116, 'REVERSE')",None,False,True,5.511551295479109,0.09478755605671459,0.0
6950d3b79138,24hb_1xT,24hb,1-1,D00Z:48~D01V:16,designed_extra_extra,D00Z:48,D01V:16,None,None,True,True,3.3772466825187286,0.09413815874906815,3.5999999999999996
6950d3b79138,24hb_1xT,24hb,1-1,D01N:29~D01Y:24,designed_extra_extra,D01N:29,D01Y:24,None,None,True,False,,0.0918016720946209,0.0
6950d3b79138,24hb_1xT,24hb,1-1,D000:2036~D00T:29,native_native_near_insert,D000:2036,D00T:29,"('h_XY_1_2', 124, 'REVERSE')","('h_XY_1_2', 123, 'FORWARD')",False,True,4.365485509541614,0.09106763955827676,0.0
6950d3b79138,24hb_1xT,24hb,1-1,D018:17~D01M:48,extra_native,D018:17,D01M:48,"('h_XY_2_5', 98, 'FORWARD')",None,False,True,5.666580263065681,0.0905110220740533,0.0
6950d3b79138,24hb_1xT,24hb,1-1,D00Y:8~D023:24,designed_extra_extra,D00Y:8,D023:24,None,None,True,False,,0.08880328759741019,0.0
6950d3b79138,24hb_1xT,24hb,1-1,D000:2079~D00V:24,extra_native,D000:2079,D00V:24,"('h_XY_1_2', 81, 'REVERSE')",None,False,True,5.534771524549248,0.08756743953213159,0.0
6950d3b79138,24hb_1xT,24hb,1-1,D006:21~D011:32,extra_native,D006:21,D011:32,"('h_XY_1_4', 76, 'FORWARD')",None,False,True,4.777018250696772,0.08715506636086541,0.0
6950d3b79138,24hb_1xT,24hb,1-1,D000:377~D008:8,extra_native,D000:377,D008:8,"('h_XY_1_5', 22, 'FORWARD')",None,False,True,4.830821249204402,0.08685200448694283,0.0
6950d3b79138,24hb_1xT,24hb,1-1,D00U:40~D01M:16,designed_extra_extra,D00U:40,D01M:16,None,None,True,True,5.790651186966495,0.08547590235106288,0.0
6950d3b79138,24hb_1xT,24hb,1-1,D002:45~D00V:8,designed_extra_extra,D002:45,D00V:8,None,None,True,False,,0.08538496913092763,0.0
6950d3b79138,24hb_1xT,24hb,1-1,D000:2317~D00E:1,native_native_far,D000:2317,D00E:1,"('h_XY_2_0', 124, 'FORWARD')","('h_XY_2_0', 125, 'REVERSE')",False,True,3.874338256028811,0.08491048103877721,0.0
6950d3b79138,24hb_1xT,24hb,1-1,D015:8~D01E:8,designed_extra_extra,D015:8,D01E:8,None,None,True,False,,0.08423946447099646,0.0
6950d3b79138,24hb_1xT,24hb,1-1,D000:1113~D008:48,extra_native,D000:1113,D008:48,"('h_XY_1_0', 25, 'REVERSE')",None,False,True,5.708538030274158,0.08326528301605692,0.0
6950d3b79138,24hb_1xT,24hb,1-1,D00N:40~D00U:15,extra_native,D00N:40,D00U:15,None,"('h_XY_2_1', 104, 'FORWARD')",False,True,4.190026109868126,0.08288104063566216,0.8
6950d3b79138,24hb_1xT,24hb,1-1,D00X:48~D01Y:16,designed_extra_extra,D00X:48,D01Y:16,None,None,True,True,3.7253235388404695,0.08207574184568688,2.0
6950d3b79138,24hb_1xT,24hb,1-1,D007:24~D01P:24,designed_extra_extra,D007:24,D01P:24,None,None,True,True,5.276483787531855,0.08202768685139249,0.0
6950d3b79138,24hb_1xT,24hb,1-1,D019:16~D01L:47,extra_native,D019:16,D01L:47,None,"('h_XY_2_5', 118, 'FORWARD')",False,True,5.150856645790991,0.08196054003072174,0.0
6950d3b79138,24hb_1xT,24hb,1-1,D013:16~D01K:40,designed_extra_extra,D013:16,D01K:40,None,None,True,False,,0.08077987572492963,0.0
6950d3b79138,24hb_1xT,24hb,1-1,D000:3196~D01S:8,extra_native,D000:3196,D01S:8,"('h_XY_0_5', 94, 'REVERSE')",None,False,True,5.614161021665591,0.0804569507057984,0.0
6950d3b79138,24hb_1xT,24hb,1-1,D002:53~D00W:37,designed_extra_extra,D002:53,D00W:37,None,None,True,True,5.120589400109407,0.08035510235559859,0.0
6950d3b79138,24hb_1xT,24hb,1-1,D000:1694~D00M:32,extra_native,D000:1694,D00M:32,"('h_XY_2_2', 137, 'FORWARD')",None,False,True,5.238176672151247,0.08004862944601397,0.0
6950d3b79138,24hb_1xT,24hb,1-1,D00X:40~D01O:16,designed_extra_extra,D00X:40,D01O:16,None,None,True,False,,0.08003801208971291,0.0
6950d3b79138,24hb_1xT,24hb,1-1,D000:2750~D017:8,extra_native,D000:2750,D017:8,"('h_XY_3_5', 83, 'FORWARD')",None,False,True,4.372345447670056,0.07980380305585053,0.2
6950d3b79138,24hb_1xT,24hb,1-1,D000:2587~D011:8,extra_native,D000:2587,D011:8,"('h_XY_3_3', 80, 'FORWARD')",None,False,True,5.863731097315512,0.07804058055174123,0.0
6950d3b79138,24hb_1xT,24hb,1-1,D010:8~D01D:45,designed_extra_extra,D010:8,D01D:45,None,None,True,False,,0.07783643982292054,0.0
6950d3b79138,24hb_1xT,24hb,1-1,D004:16~D00N:48,designed_extra_extra,D004:16,D00N:48,None,None,True,True,5.238945301020996,0.07705824089342254,0.0
6950d3b79138,24hb_1xT,24hb,1-1,D00M:40~D00T:16,designed_extra_extra,D00M:40,D00T:16,None,None,True,True,5.077548246396317,0.07516484790098855,0.0
6950d3b79138,24hb_1xT,24hb,1-1,D014:15~D01D:37,designed_extra_extra,D014:15,D01D:37,None,None,True,False,,0.07436035737916703,0.0
6950d3b79138,24hb_1xT,24hb,1-1,D000:1796~D011:24,extra_native,D000:1796,D011:24,"('h_XY_2_4', 79, 'FORWARD')",None,False,True,5.397406794949806,0.0743269862407737,0.0
6950d3b79138,24hb_1xT,24hb,1-1,D017:8~D01C:8,designed_extra_extra,D017:8,D01C:8,None,None,True,False,,0.07420788634133302,0.0
6950d3b79138,24hb_1xT,24hb,1-1,D00Y:8~D023:25,extra_native,D00Y:8,D023:25,None,"('h_XY_3_1', 13, 'REVERSE')",False,True,5.244273262959383,0.07403194565050221,0.0
6950d3b79138,24hb_1xT,24hb,1-1,D000:1498~D010:21,native_native_near_insert,D000:1498,D010:21,"('h_XY_2_3', 40, 'REVERSE')","('h_XY_2_3', 39, 'FORWARD')",False,True,4.174466313625349,0.07369563010239154,0.0
6950d3b79138,24hb_1xT,24hb,1-1,D019:16~D01L:48,designed_extra_extra,D019:16,D01L:48,None,None,True,False,,0.07365882458407469,0.0
6950d3b79138,24hb_1xT,24hb,1-1,D000:2334~D00M:48,extra_native,D000:2334,D00M:48,"('h_XY_2_1', 134, 'REVERSE')",None,False,True,3.894502288857805,0.07189314026853409,0.6
6950d3b79138,24hb_1xT,24hb,1-1,D006:38~D017:16,designed_extra_extra,D006:38,D017:16,None,None,True,False,,0.07166306227251223,0.0
6950d3b79138,24hb_1xT,24hb,1-1,D000:1790~D006:22,extra_native,D000:1790,D006:22,"('h_XY_2_4', 73, 'FORWARD')",None,False,True,5.323316840689715,0.07160093793341676,0.0
6950d3b79138,24hb_1xT,24hb,1-1,D004:24~D00T:8,designed_extra_extra,D004:24,D00T:8,None,None,True,True,5.519727455058656,0.0714412679295821,0.0
6950d3b79138,24hb_1xT,24hb,1-1,D000:3155~D022:8,extra_native,D000:3155,D022:8,"('h_XY_0_5', 135, 'REVERSE')",None,False,True,3.4348458254113723,0.07127225275945262,1.4000000000000001
6950d3b79138,24hb_1xT,24hb,1-1,D01T:37~D01Z:36,extra_native,D01T:37,D01Z:36,None,"('h_XY_1_5', 56, 'REVERSE')",False,True,4.4668425096626345,0.07014180222840663,0.2
6950d3b79138,24hb_1xT,24hb,1-1,D000:2420~D002:45,extra_native,D000:2420,D002:45,"('h_XY_3_1', 73, 'FORWARD')",None,False,True,5.180566548248579,0.07011499498583718,0.0
6950d3b79138,24hb_1xT,24hb,1-1,D000:3168~D013:48,extra_native,D000:3168,D013:48,"('h_XY_0_5', 122, 'REVERSE')",None,False,True,5.67361446833448,0.0699962574360016,0.0
6950d3b79138,24hb_1xT,24hb,1-1,D01C:16~D01J:48,designed_extra_extra,D01C:16,D01J:48,None,None,True,False,,0.06969496145906996,0.0
6950d3b79138,24hb_1xT,24hb,1-1,D00B:16~D011:41,extra_native,D00B:16,D011:41,None,"('h_XY_1_5', 83, 'REVERSE')",False,True,5.547587513310841,0.0696320293922932,0.0
6950d3b79138,24hb_1xT,24hb,1-1,D00D:16~D013:40,designed_extra_extra,D00D:16,D013:40,None,None,True,False,,0.06922395416247427,0.0
6950d3b79138,24hb_1xT,24hb,1-1,D00C:48~D00F:16,designed_extra_extra,D00C:48,D00F:16,None,None,True,False,,0.06915897591945923,0.0
6950d3b79138,24hb_1xT,24hb,1-1,D009:32~D00X:32,designed_extra_extra,D009:32,D00X:32,None,None,True,False,,0.06895668014513957,0.0
6950d3b79138,24hb_1xT,24hb,1-1,D00S:48~D023:16,designed_extra_extra,D00S:48,D023:16,None,None,True,False,,0.0688109454367067,0.0
6950d3b79138,24hb_1xT,24hb,1-1,D000:3108~D00C:8,extra_native,D000:3108,D00C:8,"('h_XY_1_5', 107, 'FORWARD')",None,False,True,5.637471861425957,0.06839695940367038,0.0
6950d3b79138,24hb_1xT,24hb,1-1,D00C:24~D01L:24,designed_extra_extra,D00C:24,D01L:24,None,None,True,False,,0.06792288700528676,0.0
6950d3b79138,24hb_1xT,24hb,1-1,D000:2615~D01B:16,extra_native,D000:2615,D01B:16,"('h_XY_3_3', 108, 'FORWARD')",None,False,True,4.589446681689494,0.06775542419682043,0.0
6950d3b79138,24hb_1xT,24hb,1-1,D00V:48~D020:16,designed_extra_extra,D00V:48,D020:16,None,None,True,False,,0.06752028316641244,0.0
6950d3b79138,24hb_1xT,24hb,1-1,D000:1507~D01G:32,extra_native,D000:1507,D01G:32,"('h_XY_2_3', 31, 'REVERSE')",None,False,True,5.28105301592573,0.06691222751511797,0.0
6950d3b79138,24hb_1xT,24hb,1-1,D00A:22~D017:33,extra_native,D00A:22,D017:33,None,"('h_XY_1_6', 77, 'FORWARD')",False,True,3.510368784193621,0.06540568673560489,0.0
6950d3b79138,24hb_1xT,24hb,1-1,D000:1422~D00S:24,extra_native,D000:1422,D00S:24,"('h_XY_2_4', -1, 'FORWARD')",None,False,True,4.50961715850704,0.06538910938259722,0.0
6950d3b79138,24hb_1xT,24hb,1-1,D000:1731~D012:16,extra_native,D000:1731,D012:16,"('h_XY_2_3', 101, 'REVERSE')",None,False,True,5.594264381957449,0.06457908488713596,0.0
6950d3b79138,24hb_1xT,24hb,1-1,D005:8~D00V:24,designed_extra_extra,D005:8,D00V:24,None,None,True,True,5.591037156348567,0.0642087406856689,0.0
6950d3b79138,24hb_1xT,24hb,1-1,D010:33~D01O:32,extra_native,D010:33,D01O:32,"('h_XY_1_4', 35, 'FORWARD')",None,False,True,3.4404514562215622,0.06385986555608561,6.2
6950d3b79138,24hb_1xT,24hb,1-1,D000:2020~D00D:40,extra_native,D000:2020,D00D:40,"('h_XY_1_2', 140, 'REVERSE')",None,False,True,3.7835838639528405,0.06262522537003005,0.8
6950d3b79138,24hb_1xT,24hb,1-1,D012:32~D01M:32,designed_extra_extra,D012:32,D01M:32,None,None,True,False,,0.06098319790274284,0.0
6950d3b79138,24hb_1xT,24hb,1-1,D004:16~D00N:47,extra_native,D004:16,D00N:47,None,"('h_XY_2_1', 111, 'FORWARD')",False,True,5.593244581495995,0.06069369479158819,0.0
6950d3b79138,24hb_1xT,24hb,1-1,D008:16~D00Z:40,designed_extra_extra,D008:16,D00Z:40,None,None,True,False,,0.06068402449461418,0.0
6950d3b79138,24hb_1xT,24hb,1-1,D000:1729~D012:16,extra_native,D000:1729,D012:16,"('h_XY_2_3', 103, 'REVERSE')",None,False,True,5.801707950758061,0.060563521430871486,0.0
6950d3b79138,24hb_1xT,24hb,1-1,D01B:16~D01K:48,designed_extra_extra,D01B:16,D01K:48,None,None,True,False,,0.060413777397006256,0.0
6950d3b79138,24hb_1xT,24hb,1-1,D003:16~D00O:48,designed_extra_extra,D003:16,D00O:48,None,None,True,True,5.790132161798947,0.060337207887426816,0.0
6950d3b79138,24hb_1xT,24hb,1-1,D000:1896~D00C:16,extra_native,D000:1896,D00C:16,"('h_XY_1_4', 110, 'REVERSE')",None,False,True,4.965409133212914,0.06029497031810621,0.0
6950d3b79138,24hb_1xT,24hb,1-1,D000:1856~D00M:16,extra_native,D000:1856,D00M:16,"('h_XY_2_4', 139, 'FORWARD')",None,False,True,3.66989299949713,0.060041750912454256,4.2
6950d3b79138,24hb_1xT,24hb,1-1,D00T:24~D01K:24,designed_extra_extra,D00T:24,D01K:24,None,None,True,False,,0.05979401894731466,0.0
6950d3b79138,24hb_1xT,24hb,1-1,D000:2739~D006:38,extra_native,D000:2739,D006:38,"('h_XY_3_5', 72, 'FORWARD')",None,False,True,4.855608051800867,0.05958979844078218,0.0
6950d3b79138,24hb_1xT,24hb,1-1,D000:2534~D01C:24,extra_native,D000:2534,D01C:24,"('h_XY_3_2', 88, 'REVERSE')",None,False,True,5.196502034371017,0.05954643028419159,0.0
6950d3b79138,24hb_1xT,24hb,1-1,D00F:31~D021:33,native_native_near_insert,D00F:31,D021:33,"('h_XY_0_1', 104, 'FORWARD')","('h_XY_0_1', 105, 'FORWARD')",False,True,3.688972858790893,0.05939254105515902,4.0
6950d3b79138,24hb_1xT,24hb,1-1,D000:1093~D009:48,extra_native,D000:1093,D009:48,"('h_XY_1_0', 45, 'REVERSE')",None,False,True,5.340830176063739,0.05932809410240016,0.0
6950d3b79138,24hb_1xT,24hb,1-1,D009:48~D00I:16,designed_extra_extra,D009:48,D00I:16,None,None,True,False,,0.05924745427068001,0.0
6950d3b79138,24hb_1xT,24hb,1-1,D005:16~D00K:15,designed_extra_extra,D005:16,D00K:15,None,None,True,False,,0.05881204163746538,0.0
6950d3b79138,24hb_1xT,24hb,1-1,D00M:24~D013:23,extra_native,D00M:24,D013:23,None,"('h_XY_2_3', 125, 'FORWARD')",False,True,4.625481656729792,0.05798037391530888,0.0
6950d3b79138,24hb_1xT,24hb,1-1,D000:372~D00Z:40,extra_native,D000:372,D00Z:40,"('h_XY_1_5', 17, 'FORWARD')",None,False,True,4.965758764903049,0.05775772937211868,0.0
6950d3b79138,24hb_1xT,24hb,1-1,D00L:14~D00P:23,extra_native,D00L:14,D00P:23,"('h_XY_2_4', 49, 'REVERSE')",None,False,True,4.72757437502356,0.05726047610309129,0.0
6950d3b79138,24hb_1xT,24hb,1-1,D018:32~D01S:32,designed_extra_extra,D018:32,D01S:32,None,None,True,True,5.774348258355295,0.05697673257815658,0.0
6950d3b79138,24hb_1xT,24hb,1-1,D000:3311~D022:23,native_native_near_insert,D000:3311,D022:23,"('h_XY_0_3', 133, 'REVERSE')","('h_XY_0_3', 132, 'FORWARD')",False,True,4.227226388262068,0.05695717064179761,0.0
6950d3b79138,24hb_1xT,24hb,1-1,D00J:8~D023:8,designed_extra_extra,D00J:8,D023:8,None,None,True,True,5.873863079192501,0.05670725764068932,0.0
6950d3b79138,24hb_1xT,24hb,1-1,D01V:8~D01W:8,designed_extra_extra,D01V:8,D01W:8,None,None,True,False,,0.05659239974064861,0.0
6950d3b79138,24hb_1xT,24hb,1-1,D006:22~D011:32,designed_extra_extra,D006:22,D011:32,None,None,True,False,,0.05530688509955073,0.0
6950d3b79138,24hb_1xT,24hb,1-1,D00V:40~D01Q:15,designed_extra_extra,D00V:40,D01Q:15,None,None,True,False,,0.05476748506811956,0.0
6950d3b79138,24hb_1xT,24hb,1-1,D008:32~D00Y:32,designed_extra_extra,D008:32,D00Y:32,None,None,True,False,,0.05468861699372722,0.0
6950d3b79138,24hb_1xT,24hb,1-1,D000:2945~D00N:7,native_native_near_insert,D000:2945,D00N:7,"('h_XY_2_6', 104, 'FORWARD')","('h_XY_2_6', 105, 'REVERSE')",False,True,3.741644452896878,0.054523161478154905,0.0
6950d3b79138,24hb_1xT,24hb,1-1,D000:1233~D009:32,extra_native,D000:1233,D009:32,"('h_XY_1_2', 45, 'REVERSE')",None,False,True,5.039837010606886,0.05390207927269117,0.0
6950d3b79138,24hb_1xT,24hb,1-1,D00B:48~D00G:16,designed_extra_extra,D00B:48,D00G:16,None,None,True,False,,0.053884162161499424,0.0
6950d3b79138,24hb_1xT,24hb,1-1,D012:16~D01J:40,designed_extra_extra,D012:16,D01J:40,None,None,True,False,,0.053553347288718425,0.0
6950d3b79138,24hb_1xT,24hb,1-1,D000:2738~D006:38,extra_native,D000:2738,D006:38,"('h_XY_3_5', 71, 'FORWARD')",None,False,True,5.201491304931248,0.05302034427456313,0.0
6950d3b79138,24hb_1xT,24hb,1-1,D01F:32~D023:31,extra_native,D01F:32,D023:31,None,"('h_XY_3_1', 7, 'REVERSE')",False,True,4.373525359543218,0.05282149385199294,0.4
6950d3b79138,24hb_1xT,24hb,1-1,D019:8~D01A:8,designed_extra_extra,D019:8,D01A:8,None,None,True,True,4.244280689846153,0.05275936151742518,0.2
6950d3b79138,24hb_1xT,24hb,1-1,D00H:15~D00P:55,designed_extra_extra,D00H:15,D00P:55,None,None,True,False,,0.052627256857509,0.0
6950d3b79138,24hb_1xT,24hb,1-1,D009:16~D010:40,designed_extra_extra,D009:16,D010:40,None,None,True,False,,0.05254307563723405,0.0
6950d3b79138,24hb_1xT,24hb,1-1,D00B:48~D00G:14,extra_native,D00B:48,D00G:14,None,"('h_XY_1_0', 82, 'FORWARD')",False,True,5.091597761617014,0.05217194730590224,0.0
6950d3b79138,24hb_1xT,24hb,1-1,D000:2110~D00G:16,extra_native,D000:2110,D00G:16,"('h_XY_1_1', 79, 'FORWARD')",None,False,True,4.508558392201199,0.051902394146405996,0.0
6950d3b79138,24hb_1xT,24hb,1-1,D000:1910~D01M:24,extra_native,D000:1910,D01M:24,"('h_XY_1_4', 96, 'REVERSE')",None,False,True,5.55177429037618,0.051832828890267094,0.0
6950d3b79138,24hb_1xT,24hb,1-1,D000:2847~D00N:8,extra_native,D000:2847,D00N:8,"('h_XY_2_5', 109, 'REVERSE')",None,False,True,4.518080777053226,0.05180982479453669,0.0
6950d3b79138,24hb_1xT,24hb,1-1,D011:48~D01Z:15,designed_extra_extra,D011:48,D01Z:15,None,None,True,False,,0.05119639186265698,0.0
6950d3b79138,24hb_1xT,24hb,1-1,D013:32~D01L:32,designed_extra_extra,D013:32,D01L:32,None,None,True,True,4.439682144925147,0.051135561143149676,0.6
6950d3b79138,24hb_1xT,24hb,1-1,D01P:8~D01W:24,designed_extra_extra,D01P:8,D01W:24,None,None,True,True,4.972876449465926,0.05109787336249872,0.0
6950d3b79138,24hb_1xT,24hb,1-1,D00B:16~D011:40,designed_extra_extra,D00B:16,D011:40,None,None,True,False,,0.050759532339076284,0.0
6950d3b79138,24hb_1xT,24hb,1-1,D000:3197~D01S:8,extra_native,D000:3197,D01S:8,"('h_XY_0_5', 93, 'REVERSE')",None,False,True,4.800791539315042,0.05074409017192427,0.0
6950d3b79138,24hb_1xT,24hb,1-1,D007:23~D01P:24,extra_native,D007:23,D01P:24,"('h_XY_1_4', 6, 'FORWARD')",None,False,True,4.311405643538077,0.05046748747386993,0.2
6950d3b79138,24hb_1xT,24hb,1-1,D01O:8~D01X:24,designed_extra_extra,D01O:8,D01X:24,None,None,True,True,3.619043283847764,0.050299121917377974,0.2
6950d3b79138,24hb_1xT,24hb,1-1,D012:48~D01S:16,designed_extra_extra,D012:48,D01S:16,None,None,True,False,,0.05021014355120637,0.0
6950d3b79138,24hb_1xT,24hb,1-1,D005:32~D014:37,designed_extra_extra,D005:32,D014:37,None,None,True,False,,0.04995061593390109,0.0
6950d3b79138,24hb_1xT,24hb,1-1,D010:48~D01U:16,designed_extra_extra,D010:48,D01U:16,None,None,True,True,4.387469256572601,0.04981235760635387,0.2
6950d3b79138,24hb_1xT,24hb,1-1,D000:2204~D00C:48,extra_native,D000:2204,D00C:48,"('h_XY_1_0', 110, 'REVERSE')",None,False,True,5.507690589080614,0.04962745646084785,0.0
6950d3b79138,24hb_1xT,24hb,1-1,D000:3167~D013:48,extra_native,D000:3167,D013:48,"('h_XY_0_5', 123, 'REVERSE')",None,False,True,5.916548746168096,0.04917475695912188,0.0
6950d3b79138,24hb_1xT,24hb,1-1,D00N:32~D01K:32,designed_extra_extra,D00N:32,D01K:32,None,None,True,True,5.257056862179472,0.04914016043258641,0.0
6950d3b79138,24hb_1xT,24hb,1-1,D011:7~D01C:24,extra_native,D011:7,D01C:24,"('h_XY_3_2', 83, 'FORWARD')",None,False,True,4.547993771609074,0.04896103365689064,0.0
6950d3b79138,24hb_1xT,24hb,1-1,D006:30~D00L:37,designed_extra_extra,D006:30,D00L:37,None,None,True,False,,0.0489158110416017,0.0
6950d3b79138,24hb_1xT,24hb,1-1,D00Y:48~D01X:15,extra_native,D00Y:48,D01X:15,None,"('h_XY_0_4', 21, 'REVERSE')",False,True,4.582069885728315,0.04875500829910419,0.0
6950d3b79138,24hb_1xT,24hb,1-1,D00I:32~D01Y:32,designed_extra_extra,D00I:32,D01Y:32,None,None,True,False,,0.04705997711938667,0.0
6950d3b79138,24hb_1xT,24hb,1-1,D00Q:40~D00Y:16,designed_extra_extra,D00Q:40,D00Y:16,None,None,True,False,,0.04674367728744039,0.0
6950d3b79138,24hb_1xT,24hb,1-1,D01T:29~D01Y:8,designed_extra_extra,D01T:29,D01Y:8,None,None,True,True,4.376854386917119,0.04652432816463809,0.2
6950d3b79138,24hb_1xT,24hb,1-1,D000:1485~D01H:32,extra_native,D000:1485,D01H:32,"('h_XY_2_3', 53, 'REVERSE')",None,False,True,4.69106261375904,0.04640867310477846,0.0
6950d3b79138,24hb_1xT,24hb,1-1,D00C:16~D012:40,designed_extra_extra,D00C:16,D012:40,None,None,True,False,,0.04640014579421037,0.0
6950d3b79138,24hb_1xT,24hb,1-1,D003:24~D00U:6,extra_native,D003:24,D00U:6,None,"('h_XY_3_1', 99, 'REVERSE')",False,True,5.701415855506906,0.04628760460538379,0.0
6950d3b79138,24hb_1xT,24hb,1-1,D000:2319~D00E:1,native_native_far,D000:2319,D00E:1,"('h_XY_2_0', 126, 'FORWARD')","('h_XY_2_0', 125, 'REVERSE')",False,True,4.187042291548037,0.04610782574720394,0.0
6950d3b79138,24hb_1xT,24hb,1-1,D00R:24~D00Y:24,designed_extra_extra,D00R:24,D00Y:24,None,None,True,False,,0.04597013805968739,0.0
6950d3b79138,24hb_1xT,24hb,1-1,D00P:15~D016:24,designed_extra_extra,D00P:15,D016:24,None,None,True,False,,0.04577396073837458,0.0
6950d3b79138,24hb_1xT,24hb,1-1,D000:1963~D00B:24,extra_native,D000:1963,D00B:24,"('h_XY_1_3', 86, 'FORWARD')",None,False,True,5.409119879241697,0.04567747554757176,0.0
6950d3b79138,24hb_1xT,24hb,1-1,D000:2038~D00T:24,extra_native,D000:2038,D00T:24,"('h_XY_1_2', 122, 'REVERSE')",None,False,True,5.23305551625013,0.04535466959352791,0.0
6950d3b79138,24hb_1xT,24hb,1-1,D003:24~D00U:8,designed_extra_extra,D003:24,D00U:8,None,None,True,False,,0.045067316016080265,0.0
6950d3b79138,24hb_1xT,24hb,1-1,D01S:8~D020:8,designed_extra_extra,D01S:8,D020:8,None,None,True,False,,0.04452414683105095,0.0
6950d3b79138,24hb_1xT,24hb,1-1,D000:2184~D00D:48,extra_native,D000:2184,D00D:48,"('h_XY_1_0', 130, 'REVERSE')",None,False,True,5.974268189362604,0.044338819153256694,0.0
6950d3b79138,24hb_1xT,24hb,1-1,D000:97~D00J:32,extra_native,D000:97,D00J:32,"('h_XY_0_2', 16, 'FORWARD')",None,False,True,5.114011893804498,0.044263891450815614,0.0
6950d3b79138,24hb_1xT,24hb,1-1,D019:33~D01R:32,extra_native,D019:33,D01R:32,"('h_XY_1_6', 119, 'FORWARD')",None,False,True,5.0930166855952965,0.0439691500832321,0.0
6950d3b79138,24hb_1xT,24hb,1-1,D000:3088~D00B:8,extra_native,D000:3088,D00B:8,"('h_XY_1_5', 87, 'FORWARD')",None,False,True,4.927781112629238,0.04390605397493542,0.0
6950d3b79138,24hb_1xT,24hb,1-1,D000:2265~D002:29,extra_native,D000:2265,D002:29,"('h_XY_2_0', 72, 'FORWARD')",None,False,True,5.666469427310597,0.04388227000230317,0.0
6950d3b79138,24hb_1xT,24hb,1-1,D00Q:8~D015:24,designed_extra_extra,D00Q:8,D015:24,None,None,True,True,4.619450251433557,0.043657377736182924,0.0
6950d3b79138,24hb_1xT,24hb,1-1,D000:2259~D00H:37,extra_native,D000:2259,D00H:37,"('h_XY_2_0', 66, 'FORWARD')",None,False,True,5.205329982509997,0.043462442636088616,0.0
6950d3b79138,24hb_1xT,24hb,1-1,D00D:32~D00T:32,designed_extra_extra,D00D:32,D00T:32,None,None,True,True,5.45081483975021,0.04339312964946748,0.0
6950d3b79138,24hb_1xT,24hb,1-1,D000:2185~D00D:48,extra_native,D000:2185,D00D:48,"('h_XY_1_0', 129, 'REVERSE')",None,False,True,5.170704823097697,0.042227251712081144,0.0
6950d3b79138,24hb_1xT,24hb,1-1,D000:313~D010:48,extra_native,D000:313,D010:48,"('h_XY_0_5', 37, 'REVERSE')",None,False,True,5.764346385947209,0.04221048427528083,0.0
6950d3b79138,24hb_1xT,24hb,1-1,D00C:23~D01L:25,native_native_near_insert,D00C:23,D01L:25,"('h_XY_1_4', 111, 'FORWARD')","('h_XY_1_4', 112, 'FORWARD')",False,True,3.287957703120967,0.042174754726188805,7.6
6950d3b79138,24hb_1xT,24hb,1-1,D000:1266~D00R:20,native_native_far,D000:1266,D00R:20,"('h_XY_1_2', 12, 'REVERSE')","('h_XY_1_2', 10, 'FORWARD')",False,True,5.573142273898225,0.041592995155698045,0.0
6950d3b79138,24hb_1xT,24hb,1-1,D000:2413~D00W:37,extra_native,D000:2413,D00W:37,"('h_XY_3_1', 66, 'FORWARD')",None,False,True,5.435224689293826,0.04139816966495859,0.0
6950d3b79138,24hb_1xT,24hb,1-1,D016:9~D01D:29,extra_native,D016:9,D01D:29,"('h_XY_3_5', 41, 'REVERSE')",None,False,True,5.090448610928484,0.041167078240438554,0.0
6950d3b79138,24hb_1xT,24hb,1-1,D00M:8~D019:24,designed_extra_extra,D00M:8,D019:24,None,None,True,False,,0.04097617256302806,0.0
6950d3b79138,24hb_1xT,24hb,1-1,D001:8~D00I:8,designed_extra_extra,D001:8,D00I:8,None,None,True,True,5.786394889702136,0.04084887534512309,0.0
6950d3b79138,24hb_1xT,24hb,1-1,D00J:32~D01X:32,designed_extra_extra,D00J:32,D01X:32,None,None,True,False,,0.04081942351053742,0.0
6950d3b79138,24hb_1xT,24hb,1-1,D000:2488~D01A:32,extra_native,D000:2488,D01A:32,"('h_XY_3_2', 134, 'REVERSE')",None,False,True,3.462460462262698,0.040810992762525485,2.8000000000000003
6950d3b79138,24hb_1xT,24hb,1-1,D007:8~D01V:24,designed_extra_extra,D007:8,D01V:24,None,None,True,False,,0.04053599950935906,0.0
6950d3b79138,24hb_1xT,24hb,1-1,D006:29~D00L:37,extra_native,D006:29,D00L:37,"('h_XY_2_4', 70, 'REVERSE')",None,False,True,4.564117255217536,0.040454309284504414,0.0
6950d3b79138,24hb_1xT,24hb,1-1,D000:2191~D00E:8,extra_native,D000:2191,D00E:8,"('h_XY_1_0', 123, 'REVERSE')",None,False,True,4.795623745968372,0.04039181063349602,0.0
6950d3b79138,24hb_1xT,24hb,1-1,D000:2489~D01A:32,extra_native,D000:2489,D01A:32,"('h_XY_3_2', 133, 'REVERSE')",None,False,True,4.07391659642414,0.04021974124915304,0.0
6950d3b79138,24hb_1xT,24hb,1-1,D00Q:32~D01G:32,designed_extra_extra,D00Q:32,D01G:32,None,None,True,False,,0.0400828397191119,0.0
6950d3b79138,24hb_1xT,24hb,1-1,D000:244~D01X:8,extra_native,D000:244,D01X:8,"('h_XY_0_4', 23, 'FORWARD')",None,False,True,5.570785705583176,0.04006805429773231,0.0
6950d3b79138,24hb_1xT,24hb,1-1,D011:8~D01C:24,designed_extra_extra,D011:8,D01C:24,None,None,True,True,5.141705973862185,0.03999281277480348,0.0
6950d3b79138,24hb_1xT,24hb,1-1,D001:8~D00I:7,extra_native,D001:8,D00I:7,None,"('h_XY_2_0', 35, 'REVERSE')",False,True,4.326728812237921,0.039613090896200784,0.4
6950d3b79138,24hb_1xT,24hb,1-1,D000:918~D01D:59,native_native_far,D000:918,D01D:59,"('h_XY_3_1', 41, 'FORWARD')","('h_XY_3_1', 43, 'REVERSE')",False,True,5.9088557183236174,0.03947438825468871,0.0
6950d3b79138,24hb_1xT,24hb,1-1,D00O:32~D01J:32,designed_extra_extra,D00O:32,D01J:32,None,None,True,False,,0.03941454435404643,0.0
6950d3b79138,24hb_1xT,24hb,1-1,D00B:8~D01S:25,extra_native,D00B:8,D01S:25,None,"('h_XY_1_6', 91, 'FORWARD')",False,True,4.164268641817909,0.03926499957912524,0.2
6950d3b79138,24hb_1xT,24hb,1-1,D009:40~D01H:16,designed_extra_extra,D009:40,D01H:16,None,None,True,True,5.576761930497549,0.039024562338944975,0.0
6950d3b79138,24hb_1xT,24hb,1-1,D000:3169~D013:48,extra_native,D000:3169,D013:48,"('h_XY_0_5', 121, 'REVERSE')",None,False,True,5.937991235872239,0.038830750967570285,0.0
6950d3b79138,24hb_1xT,24hb,1-1,D000:1814~D01M:32,extra_native,D000:1814,D01M:32,"('h_XY_2_4', 97, 'FORWARD')",None,False,True,5.323838143602238,0.038635814769608576,0.0
6950d3b79138,24hb_1xT,24hb,1-1,D000:2212~D00F:8,extra_native,D000:2212,D00F:8,"('h_XY_1_0', 102, 'REVERSE')",None,False,True,5.712931382143914,0.03822755927055864,0.0
6950d3b79138,24hb_1xT,24hb,1-1,D00Z:8~D01E:24,designed_extra_extra,D00Z:8,D01E:24,None,None,True,False,,0.03811303178310232,0.0
6950d3b79138,24hb_1xT,24hb,1-1,D004:8~D00E:8,designed_extra_extra,D004:8,D00E:8,None,None,True,True,5.018399468467657,0.037585181897313885,0.0
6950d3b79138,24hb_1xT,24hb,1-1,D01L:8~D021:24,designed_extra_extra,D01L:8,D021:24,None,None,True,False,,0.03722693324392145,0.0
6950d3b79138,24hb_1xT,24hb,1-1,D00Y:48~D01X:16,designed_extra_extra,D00Y:48,D01X:16,None,None,True,True,3.577969717374251,0.03677995906670118,1.2
6950d3b79138,24hb_1xT,24hb,1-1,D00Q:24~D00Z:24,designed_extra_extra,D00Q:24,D00Z:24,None,None,True,False,,0.036739030518887945,0.0
6950d3b79138,24hb_1xT,24hb,1-1,D016:16~D01O:48,designed_extra_extra,D016:16,D01O:48,None,None,True,False,,0.03647778792203973,0.0
6950d3b79138,24hb_1xT,24hb,1-1,D00O:30~D01J:32,extra_native,D00O:30,D01J:32,"('h_XY_2_3', 89, 'FORWARD')",None,False,True,5.966991906955869,0.03646360547192124,0.0
6950d3b79138,24hb_1xT,24hb,1-1,D000:2832~D019:16,extra_native,D000:2832,D019:16,"('h_XY_2_5', 124, 'REVERSE')",None,False,True,5.470702163457403,0.036433408801704224,0.0
6950d3b79138,24hb_1xT,24hb,1-1,D000:1240~D00X:24,extra_native,D000:1240,D00X:24,"('h_XY_1_2', 38, 'REVERSE')",None,False,True,5.451097384429795,0.03634871820915456,0.0
6950d3b79138,24hb_1xT,24hb,1-1,D000:580~D00Q:8,extra_native,D000:580,D00Q:8,"('h_XY_2_5', 24, 'REVERSE')",None,False,True,5.549371734613731,0.036210006105192594,0.0
6950d3b79138,24hb_1xT,24hb,1-1,D015:16~D01P:48,designed_extra_extra,D015:16,D01P:48,None,None,True,False,,0.035741164330335994,0.0
6950d3b79138,24hb_1xT,24hb,1-1,D00X:24~D01G:24,designed_extra_extra,D00X:24,D01G:24,None,None,True,False,,0.03546435119722072,0.0
6950d3b79138,24hb_1xT,24hb,1-1,D00T:40~D01L:16,designed_extra_extra,D00T:40,D01L:16,None,None,True,False,,0.035152095453377594,0.0
6950d3b79138,24hb_1xT,24hb,1-1,D000:1424~D00S:16,extra_native,D000:1424,D00S:16,"('h_XY_2_4', 1, 'FORWARD')",None,False,True,5.626389826173615,0.03506206531975641,0.0
6950d3b79138,24hb_1xT,24hb,1-1,D001:16~D00Q:48,designed_extra_extra,D001:16,D00Q:48,None,None,True,False,,0.03479559860782407,0.0
6950d3b79138,24hb_1xT,24hb,1-1,D00P:47~D00X:16,designed_extra_extra,D00P:47,D00X:16,None,None,True,False,,0.034776504668175334,0.0
6950d3b79138,24hb_1xT,24hb,1-1,D000:1664~D00N:32,extra_native,D000:1664,D00N:32,"('h_XY_2_2', 107, 'FORWARD')",None,False,True,4.855334793080166,0.03424684710182837,0.0
6950d3b79138,24hb_1xT,24hb,1-1,D01N:37~D01Q:37,designed_extra_extra,D01N:37,D01Q:37,None,None,True,False,,0.034226588328039674,0.0
6950d3b79138,24hb_1xT,24hb,1-1,D003:8~D00F:8,designed_extra_extra,D003:8,D00F:8,None,None,True,False,,0.03402086776664282,0.0
6950d3b79138,24hb_1xT,24hb,1-1,D00L:15~D00P:24,extra_native,D00L:15,D00P:24,None,"('h_XY_2_4', 48, 'REVERSE')",False,True,4.942274474541523,0.0338100843453043,0.0
6950d3b79138,24hb_1xT,24hb,1-1,D000:178~D01O:8,extra_native,D000:178,D01O:8,"('h_XY_0_3', 32, 'REVERSE')",None,False,True,5.186754521413035,0.03364743733665579,0.0
6950d3b79138,24hb_1xT,24hb,1-1,D01M:8~D020:24,designed_extra_extra,D01M:8,D020:24,None,None,True,False,,0.033548498311906934,0.0
6950d3b79138,24hb_1xT,24hb,1-1,D000:2036~D00T:24,extra_native,D000:2036,D00T:24,"('h_XY_1_2', 124, 'REVERSE')",None,False,True,4.923776472847627,0.03306424004672898,0.0
6950d3b79138,24hb_1xT,24hb,1-1,D00S:16~D01P:40,designed_extra_extra,D00S:16,D01P:40,None,None,True,False,,0.03303679107066772,0.0
6950d3b79138,24hb_1xT,24hb,1-1,D018:8~D01B:8,designed_extra_extra,D018:8,D01B:8,None,None,True,False,,0.03290340648678286,0.0
6950d3b79138,24hb_1xT,24hb,1-1,D000:1978~D00U:32,extra_native,D000:1978,D00U:32,"('h_XY_1_3', 101, 'FORWARD')",None,False,True,4.703449939636275,0.03262515066454581,0.0
6950d3b79138,24hb_1xT,24hb,1-1,D000:312~D010:48,extra_native,D000:312,D010:48,"('h_XY_0_5', 38, 'REVERSE')",None,False,True,5.099438482415882,0.032352533720410095,0.0
6950d3b79138,24hb_1xT,24hb,1-1,D013:48~D01R:16,designed_extra_extra,D013:48,D01R:16,None,None,True,False,,0.0323313196795543,0.0
6950d3b79138,24hb_1xT,24hb,1-1,D000:908~D001:24,extra_native,D000:908,D001:24,"('h_XY_3_1', 31, 'FORWARD')",None,False,True,5.120318773630795,0.03206869637625306,0.0
6950d3b79138,24hb_1xT,24hb,1-1,D000:1425~D00S:16,extra_native,D000:1425,D00S:16,"('h_XY_2_4', 2, 'FORWARD')",None,False,True,5.607766023081538,0.03192218205466917,0.0
6950d3b79138,24hb_1xT,24hb,1-1,D000:357~D007:8,extra_native,D000:357,D007:8,"('h_XY_1_5', 2, 'FORWARD')",None,False,True,5.72581905363263,0.03184342943176333,0.0
6950d3b79138,24hb_1xT,24hb,1-1,D000:567~D016:16,extra_native,D000:567,D016:16,"('h_XY_2_5', 37, 'REVERSE')",None,False,True,4.916566839354278,0.03181106113068318,0.0
6950d3b79138,24hb_1xT,24hb,1-1,D00B:32~D00V:32,designed_extra_extra,D00B:32,D00V:32,None,None,True,False,,0.03160046130268125,0.0
6950d3b79138,24hb_1xT,24hb,1-1,D000:3315~D022:16,extra_native,D000:3315,D022:16,"('h_XY_0_3', 129, 'REVERSE')",None,False,True,5.062663601203978,0.03141663367881029,0.0
6950d3b79138,24hb_1xT,24hb,1-1,D00Q:16~D01O:40,designed_extra_extra,D00Q:16,D01O:40,None,None,True,False,,0.03120590987494512,0.0
6950d3b79138,24hb_1xT,24hb,1-1,D00R:48~D01F:16,designed_extra_extra,D00R:48,D01F:16,None,None,True,False,,0.030781873521532176,0.0
6950d3b79138,24hb_1xT,24hb,1-1,D00G:32~D020:32,designed_extra_extra,D00G:32,D020:32,None,None,True,False,,0.030739220747255838,0.0
6950d3b79138,24hb_1xT,24hb,1-1,D000:2280~D00O:48,extra_native,D000:2280,D00O:48,"('h_XY_2_0', 87, 'FORWARD')",None,False,True,5.854679035773703,0.030117500419996703,0.0
6950d3b79138,24hb_1xT,24hb,1-1,D01T:37~D01Z:37,designed_extra_extra,D01T:37,D01Z:37,None,None,True,True,3.6322912342779987,0.030100014816180833,0.0
6950d3b79138,24hb_1xT,24hb,1-1,D000:1500~D010:16,extra_native,D000:1500,D010:16,"('h_XY_2_3', 38, 'REVERSE')",None,False,True,5.206836318527021,0.02995072415789205,0.0
6950d3b79138,24hb_1xT,24hb,1-1,D000:224~D01W:8,extra_native,D000:224,D01W:8,"('h_XY_0_4', 3, 'FORWARD')",None,False,True,5.299339756897551,0.02994464254269695,0.0
6950d3b79138,24hb_1xT,24hb,1-1,D002:29~D00G:8,designed_extra_extra,D002:29,D00G:8,None,None,True,False,,0.029741948809546847,0.0
6950d3b79138,24hb_1xT,24hb,1-1,D000:722~D01F:8,extra_native,D000:722,D01F:8,"('h_XY_3_4', 2, 'REVERSE')",None,False,True,4.914344257132547,0.029027209045903526,0.0
6950d3b79138,24hb_1xT,24hb,1-1,D000:1988~D01L:22,native_native_near_insert,D000:1988,D01L:22,"('h_XY_1_3', 111, 'FORWARD')","('h_XY_1_3', 113, 'REVERSE')",False,True,5.97963828306233,0.02872872156943062,0.0
6950d3b79138,24hb_1xT,24hb,1-1,D00P:39~D01H:32,designed_extra_extra,D00P:39,D01H:32,None,None,True,False,,0.028554278971083927,0.0
6950d3b79138,24hb_1xT,24hb,1-1,D019:7~D01A:8,extra_native,D019:7,D01A:8,"('h_XY_3_4', 125, 'FORWARD')",None,False,True,4.684540378646092,0.02847928618618535,0.0
6950d3b79138,24hb_1xT,24hb,1-1,D000:2579~D005:24,extra_native,D000:2579,D005:24,"('h_XY_3_3', 72, 'FORWARD')",None,False,True,5.993178001064451,0.028173855858505206,0.0
6950d3b79138,24hb_1xT,24hb,1-1,D000:744~D01F:16,extra_native,D000:744,D01F:16,"('h_XY_3_3', 1, 'FORWARD')",None,False,True,4.441659283553417,0.02795101098777383,0.0
6950d3b79138,24hb_1xT,24hb,1-1,D000:858~D01F:26,native_native_near_insert,D000:858,D01F:26,"('h_XY_3_2', 0, 'REVERSE')","('h_XY_3_2', 1, 'FORWARD')",False,True,3.943777941718082,0.027792507236910895,0.0
6950d3b79138,24hb_1xT,24hb,1-1,D00E:32~D022:32,designed_extra_extra,D00E:32,D022:32,None,None,True,False,,0.027695397497313527,0.0
6950d3b79138,24hb_1xT,24hb,1-1,D000:2491~D01A:24,extra_native,D000:2491,D01A:24,"('h_XY_3_2', 131, 'REVERSE')",None,False,True,5.904708980728121,0.02749390488111409,0.0
6950d3b79138,24hb_1xT,24hb,1-1,D016:32~D01U:32,designed_extra_extra,D016:32,D01U:32,None,None,True,True,5.4132112404760635,0.02748494350199362,0.0
6950d3b79138,24hb_1xT,24hb,1-1,D000:506~D015:24,extra_native,D000:506,D015:24,"('h_XY_2_6', 17, 'FORWARD')",None,False,True,5.363976535147258,0.027413868323485347,0.0
6950d3b79138,24hb_1xT,24hb,1-1,D01F:32~D023:32,designed_extra_extra,D01F:32,D023:32,None,None,True,True,5.393580651332199,0.027362177388807578,0.0
6950d3b79138,24hb_1xT,24hb,1-1,D010:32~D01O:33,extra_native,D010:32,D01O:33,None,"('h_XY_2_4', 34, 'REVERSE')",False,True,5.144298338276993,0.027060606025845833,0.0
6950d3b79138,24hb_1xT,24hb,1-1,D000:1440~D00Z:24,extra_native,D000:1440,D00Z:24,"('h_XY_2_4', 17, 'FORWARD')",None,False,True,5.691348107780564,0.02682552018394307,0.0
6950d3b79138,24hb_1xT,24hb,1-1,D008:48~D00J:16,designed_extra_extra,D008:48,D00J:16,None,None,True,False,,0.02677891049982881,0.0
6950d3b79138,24hb_1xT,24hb,1-1,D000:1099~D00I:8,extra_native,D000:1099,D00I:8,"('h_XY_1_0', 39, 'REVERSE')",None,False,True,5.4035958823301105,0.02649840344856045,0.0
6950d3b79138,24hb_1xT,24hb,1-1,D000:2783~D01L:48,extra_native,D000:2783,D01L:48,"('h_XY_3_5', 116, 'FORWARD')",None,False,True,5.85009263850289,0.026473663576091627,0.0
6950d3b79138,24hb_1xT,24hb,1-1,D005:24~D011:16,designed_extra_extra,D005:24,D011:16,None,None,True,False,,0.026415136755200182,0.0
6950d3b79138,24hb_1xT,24hb,1-1,D015:32~D01V:32,designed_extra_extra,D015:32,D01V:32,None,None,True,False,,0.026392586747936826,0.0
6950d3b79138,24hb_1xT,24hb,1-1,D000:394~D010:40,extra_native,D000:394,D010:40,"('h_XY_1_5', 39, 'FORWARD')",None,False,True,5.794631866528336,0.025880792253016326,0.0
6950d3b79138,24hb_1xT,24hb,1-1,D000:2121~D01J:14,native_native_near_insert,D000:2121,D01J:14,"('h_XY_1_1', 90, 'FORWARD')","('h_XY_1_1', 92, 'REVERSE')",False,True,5.900809636157532,0.02586610135075318,0.0
6950d3b79138,24hb_1xT,24hb,1-1,D000:2825~D00M:8,extra_native,D000:2825,D00M:8,"('h_XY_2_5', 131, 'REVERSE')",None,False,True,4.868256464748918,0.025854096651144944,0.0
6950d3b79138,24hb_1xT,24hb,1-1,D00L:15~D00P:23,designed_extra_extra,D00L:15,D00P:23,None,None,True,False,,0.025616493839889256,0.0
6950d3b79138,24hb_1xT,24hb,1-1,D000:1334~D009:24,extra_native,D000:1334,D009:24,"('h_XY_1_3', 45, 'FORWARD')",None,False,True,5.714940258154691,0.02547517492299019,0.0
6950d3b79138,24hb_1xT,24hb,1-1,D000:859~D01F:24,extra_native,D000:859,D01F:24,"('h_XY_3_2', -1, 'REVERSE')",None,False,True,3.8169509947843494,0.024994189411485068,0.6
6950d3b79138,24hb_1xT,24hb,1-1,D000:2789~D019:8,extra_native,D000:2789,D019:8,"('h_XY_3_5', 122, 'FORWARD')",None,False,True,5.400854644642437,0.024844093332803054,0.0
6950d3b79138,24hb_1xT,24hb,1-1,D000:2319~D00M:53,native_native_far,D000:2319,D00M:53,"('h_XY_2_0', 126, 'FORWARD')","('h_XY_2_0', 128, 'REVERSE')",False,True,5.973275426422686,0.024784936543889198,0.0
6950d3b79138,24hb_1xT,24hb,1-1,D003:8~D00F:7,extra_native,D003:8,D00F:7,None,"('h_XY_2_0', 98, 'REVERSE')",False,True,5.608122866322122,0.0246246626869283,0.0
6950d3b79138,24hb_1xT,24hb,1-1,D000:1225~D01H:16,extra_native,D000:1225,D01H:16,"('h_XY_1_2', 53, 'REVERSE')",None,False,True,5.17880716023629,0.02443532927240747,0.0
6950d3b79138,24hb_1xT,24hb,1-1,D000:2190~D00E:8,extra_native,D000:2190,D00E:8,"('h_XY_1_0', 124, 'REVERSE')",None,False,True,5.465480603317102,0.02436865172995767,0.0
6950d3b79138,24hb_1xT,24hb,1-1,D013:8~D01A:24,designed_extra_extra,D013:8,D01A:24,None,None,True,False,,0.024262943193097724,0.0
6950d3b79138,24hb_1xT,24hb,1-1,D01H:8~D01I:37,designed_extra_extra,D01H:8,D01I:37,None,None,True,False,,0.02396460784935186,0.0
6950d3b79138,24hb_1xT,24hb,1-1,D00U:48~D021:16,designed_extra_extra,D00U:48,D021:16,None,None,True,False,,0.023817122433998122,0.0
6950d3b79138,24hb_1xT,24hb,1-1,D00N:32~D01K:31,extra_native,D00N:32,D01K:31,None,"('h_XY_2_2', 112, 'REVERSE')",False,True,5.887446217833421,0.023771459156404745,0.0
6950d3b79138,24hb_1xT,24hb,1-1,D000:2264~D002:29,extra_native,D000:2264,D002:29,"('h_XY_2_0', 71, 'FORWARD')",None,False,True,5.931027444491534,0.023469374773996556,0.0
6950d3b79138,24hb_1xT,24hb,1-1,D000:3311~D022:24,extra_native,D000:3311,D022:24,"('h_XY_0_3', 133, 'REVERSE')",None,False,True,5.019949234748012,0.023448579340496174,0.0
6950d3b79138,24hb_1xT,24hb,1-1,D000:859~D01F:26,native_native_near_insert,D000:859,D01F:26,"('h_XY_3_2', -1, 'REVERSE')","('h_XY_3_2', 1, 'FORWARD')",False,True,4.04993021613622,0.02334762474574743,0.0
6950d3b79138,24hb_1xT,24hb,1-1,D000:2330~D00M:48,extra_native,D000:2330,D00M:48,"('h_XY_2_0', 137, 'FORWARD')",None,False,True,5.0047075667360215,0.023190340052809164,0.0
6950d3b79138,24hb_1xT,24hb,1-1,D000:1693~D00M:32,extra_native,D000:1693,D00M:32,"('h_XY_2_2', 136, 'FORWARD')",None,False,True,3.4967625969238694,0.02302329658794912,0.0
6950d3b79138,24hb_1xT,24hb,1-1,D000:858~D01F:24,extra_native,D000:858,D01F:24,"('h_XY_3_2', 0, 'REVERSE')",None,False,True,4.142966509944053,0.02299265250957954,0.0
6950d3b79138,24hb_1xT,24hb,1-1,D000:1446~D00Q:16,extra_native,D000:1446,D00Q:16,"('h_XY_2_4', 23, 'FORWARD')",None,False,True,5.214828796294959,0.02295557939514594,0.0
6950d3b79138,24hb_1xT,24hb,1-1,D000:432~D01T:45,extra_native,D000:432,D01T:45,"('h_XY_1_6', 52, 'REVERSE')",None,False,True,5.651731233328199,0.022588370007898727,0.0
6950d3b79138,24hb_1xT,24hb,1-1,D000:2022~D00D:40,extra_native,D000:2022,D00D:40,"('h_XY_1_2', 138, 'REVERSE')",None,False,True,5.748924497353972,0.022557787945930084,0.0
6950d3b79138,24hb_1xT,24hb,1-1,D000:1977~D00U:32,extra_native,D000:1977,D00U:32,"('h_XY_1_3', 100, 'FORWARD')",None,False,True,5.6781157064490255,0.02248469207464813,0.0
6950d3b79138,24hb_1xT,24hb,1-1,D000:1385~D01O:28,native_native_far,D000:1385,D01O:28,"('h_XY_1_4', 33, 'REVERSE')","('h_XY_1_4', 31, 'FORWARD')",False,True,5.96354534848977,0.022453289112639205,0.0
6950d3b79138,24hb_1xT,24hb,1-1,D000:1638~D00V:16,extra_native,D000:1638,D00V:16,"('h_XY_2_2', 81, 'FORWARD')",None,False,True,5.659742834693077,0.022296090629580306,0.0
6950d3b79138,24hb_1xT,24hb,1-1,D000:2195~D004:8,extra_native,D000:2195,D004:8,"('h_XY_1_0', 119, 'REVERSE')",None,False,True,5.780452948936319,0.022288886785549814,0.0
6950d3b79138,24hb_1xT,24hb,1-1,D000:1838~D013:24,extra_native,D000:1838,D013:24,"('h_XY_2_4', 121, 'FORWARD')",None,False,True,5.32269216526732,0.021853768986035305,0.0
6950d3b79138,24hb_1xT,24hb,1-1,D000:1327~D00X:32,extra_native,D000:1327,D00X:32,"('h_XY_1_3', 38, 'FORWARD')",None,False,True,5.053341226766374,0.02177044387441022,0.0
6950d3b79138,24hb_1xT,24hb,1-1,D00N:8~D018:24,designed_extra_extra,D00N:8,D018:24,None,None,True,False,,0.021610301795681904,0.0
6950d3b79138,24hb_1xT,24hb,1-1,D000:2203~D00C:53,native_native_far,D000:2203,D00C:53,"('h_XY_1_0', 111, 'REVERSE')","('h_XY_1_0', 109, 'FORWARD')",False,True,4.646872791275672,0.021344353380725052,0.0
6950d3b79138,24hb_1xT,24hb,1-1,D000:2862~D01M:40,extra_native,D000:2862,D01M:40,"('h_XY_2_5', 94, 'REVERSE')",None,False,True,5.422325244679555,0.021256515750559906,0.0
6950d3b79138,24hb_1xT,24hb,1-1,D000:3450~D022:25,native_native_near_insert,D000:3450,D022:25,"('h_XY_0_2', 135, 'FORWARD')","('h_XY_0_2', 132, 'REVERSE')",False,True,4.890914424225275,0.020920102560128825,0.0
6950d3b79138,24hb_1xT,24hb,1-1,D000:2069~D00B:38,native_native_near_insert,D000:2069,D00B:38,"('h_XY_1_2', 91, 'REVERSE')","('h_XY_1_2', 89, 'FORWARD')",False,True,5.466785076360698,0.020754530978858408,0.0
6950d3b79138,24hb_1xT,24hb,1-1,D000:1341~D01N:37,extra_native,D000:1341,D01N:37,"('h_XY_1_3', 52, 'FORWARD')",None,False,True,5.715331167291939,0.02070563526140049,0.0
6950d3b79138,24hb_1xT,24hb,1-1,D008:24~D01O:24,designed_extra_extra,D008:24,D01O:24,None,None,True,False,,0.020616030535465117,0.0
6950d3b79138,24hb_1xT,24hb,1-1,D00C:40~D01K:16,designed_extra_extra,D00C:40,D01K:16,None,None,True,False,,0.020272953183091764,0.0
6950d3b79138,24hb_1xT,24hb,1-1,D000:3476~D00E:24,extra_native,D000:3476,D00E:24,"('h_XY_0_1', 122, 'REVERSE')",None,False,True,5.08794787178884,0.020087819215181036,0.0
6950d3b79138,24hb_1xT,24hb,1-1,D000:2641~D01A:17,native_native_near_insert,D000:2641,D01A:17,"('h_XY_3_3', 134, 'FORWARD')","('h_XY_3_3', 132, 'REVERSE')",False,True,5.947128148087248,0.020075197708437513,0.0
6950d3b79138,24hb_1xT,24hb,1-1,D000:1393~D008:16,extra_native,D000:1393,D008:16,"('h_XY_1_4', 25, 'REVERSE')",None,False,True,5.447625389004911,0.020063666795052622,0.0
6950d3b79138,24hb_1xT,24hb,1-1,D019:32~D01R:32,designed_extra_extra,D019:32,D01R:32,None,None,True,False,,0.019945218844476025,0.0
6950d3b79138,24hb_1xT,24hb,1-1,D000:2331~D00M:48,extra_native,D000:2331,D00M:48,"('h_XY_2_1', 137, 'REVERSE')",None,False,True,4.0708679140720365,0.01976041863653165,0.0
6950d3b79138,24hb_1xT,24hb,1-1,D000:673~D014:15,extra_native,D000:673,D014:15,"('h_XY_3_4', 51, 'REVERSE')",None,False,True,5.91650745321475,0.01940525403624418,0.0
6950d3b79138,24hb_1xT,24hb,1-1,D00O:8~D017:24,designed_extra_extra,D00O:8,D017:24,None,None,True,False,,0.0193248961083836,0.0
6950d3b79138,24hb_1xT,24hb,1-1,D00K:30~D01H:24,designed_extra_extra,D00K:30,D01H:24,None,None,True,False,,0.019262662700073995,0.0
6950d3b79138,24hb_1xT,24hb,1-1,D000:2353~D004:16,extra_native,D000:2353,D004:16,"('h_XY_2_1', 115, 'REVERSE')",None,False,True,5.587406970437204,0.01918085826473178,0.0
6950d3b79138,24hb_1xT,24hb,1-1,D000:1970~D01M:16,extra_native,D000:1970,D01M:16,"('h_XY_1_3', 93, 'FORWARD')",None,False,True,5.113946935227219,0.01909052537803794,0.0
6950d3b79138,24hb_1xT,24hb,1-1,D00M:24~D013:24,designed_extra_extra,D00M:24,D013:24,None,None,True,False,,0.018750534398154856,0.0
6950d3b79138,24hb_1xT,24hb,1-1,D000:3521~D01I:13,native_native_near_insert,D000:3521,D01I:13,"('h_XY_0_1', 77, 'REVERSE')","('h_XY_0_1', 75, 'FORWARD')",False,True,5.9974712732405315,0.018635173926257513,0.0
6950d3b79138,24hb_1xT,24hb,1-1,D000:1339~D01N:37,extra_native,D000:1339,D01N:37,"('h_XY_1_3', 50, 'FORWARD')",None,False,True,5.675713572998875,0.018446775702841832,0.0
6950d3b79138,24hb_1xT,24hb,1-1,D000:1427~D00S:16,extra_native,D000:1427,D00S:16,"('h_XY_2_4', 4, 'FORWARD')",None,False,True,5.917706957422918,0.0181873517326496,0.0
6950d3b79138,24hb_1xT,24hb,1-1,D00N:24~D012:24,designed_extra_extra,D00N:24,D012:24,None,None,True,False,,0.01814421228787466,0.0
6950d3b79138,24hb_1xT,24hb,1-1,D00U:24~D01J:24,designed_extra_extra,D00U:24,D01J:24,None,None,True,False,,0.01814146603958038,0.0
6950d3b79138,24hb_1xT,24hb,1-1,D00Z:32~D01P:32,designed_extra_extra,D00Z:32,D01P:32,None,None,True,True,5.72974406890126,0.01812347370793538,0.0
6950d3b79138,24hb_1xT,24hb,1-1,D00J:24~D00R:8,designed_extra_extra,D00J:24,D00R:8,None,None,True,False,,0.018113459255002323,0.0
6950d3b79138,24hb_1xT,24hb,1-1,D007:40~D00R:16,designed_extra_extra,D007:40,D00R:16,None,None,True,True,3.48964527391841,0.018014123422594133,0.0
6950d3b79138,24hb_1xT,24hb,1-1,D003:31~D01C:32,extra_native,D003:31,D01C:32,"('h_XY_3_1', 91, 'REVERSE')",None,False,True,5.118893403503029,0.017994180123682528,0.0
6950d3b79138,24hb_1xT,24hb,1-1,D000:2688~D01J:48,extra_native,D000:2688,D01J:48,"('h_XY_3_4', 94, 'REVERSE')",None,False,True,5.309429819347196,0.017973083757915242,0.0
6950d3b79138,24hb_1xT,24hb,1-1,D01R:8~D021:8,designed_extra_extra,D01R:8,D021:8,None,None,True,False,,0.017856497756147772,0.0
6950d3b79138,24hb_1xT,24hb,1-1,D001:32~D01E:32,designed_extra_extra,D001:32,D01E:32,None,None,True,False,,0.01781971577412929,0.0
6950d3b79138,24hb_1xT,24hb,1-1,D00N:40~D00U:16,designed_extra_extra,D00N:40,D00U:16,None,None,True,False,,0.017649422856250204,0.0
6950d3b79138,24hb_1xT,24hb,1-1,D000:1272~D007:37,native_native_near_insert,D000:1272,D007:37,"('h_XY_1_2', 6, 'REVERSE')","('h_XY_1_2', 4, 'FORWARD')",False,True,5.951876733050399,0.01749610750712889,0.0
6950d3b79138,24hb_1xT,24hb,1-1,D000:1486~D01H:32,extra_native,D000:1486,D01H:32,"('h_XY_2_3', 52, 'REVERSE')",None,False,True,5.625859836874884,0.01742743368197,0.0
6950d3b79138,24hb_1xT,24hb,1-1,D00R:32~D00S:32,designed_extra_extra,D00R:32,D00S:32,None,None,True,False,,0.017083406850855732,0.0
6950d3b79138,24hb_1xT,24hb,1-1,D00I:24~D01G:8,designed_extra_extra,D00I:24,D01G:8,None,None,True,True,3.912889241371377,0.016894763315834345,0.0
6950d3b79138,24hb_1xT,24hb,1-1,D000:2652~D01A:8,extra_native,D000:2652,D01A:8,"('h_XY_3_4', 130, 'REVERSE')",None,False,True,5.36338220714642,0.01658719521977434,0.0
6950d3b79138,24hb_1xT,24hb,1-1,D002:37~D00H:37,designed_extra_extra,D002:37,D00H:37,None,None,True,False,,0.016524364417194355,0.0
6950d3b79138,24hb_1xT,24hb,1-1,D000:2433~D01C:32,extra_native,D000:2433,D01C:32,"('h_XY_3_1', 86, 'FORWARD')",None,False,True,5.500144037442266,0.016343529500249837,0.0
6950d3b79138,24hb_1xT,24hb,1-1,D000:3121~D013:40,extra_native,D000:3121,D013:40,"('h_XY_1_5', 120, 'FORWARD')",None,False,True,5.359884306038599,0.01632140367601512,0.0
6950d3b79138,24hb_1xT,24hb,1-1,D000:3392~D00G:37,native_native_far,D000:3392,D00G:37,"('h_XY_0_2', 77, 'FORWARD')","('h_XY_0_2', 79, 'REVERSE')",False,True,5.910266401774881,0.016296777947138266,0.0
6950d3b79138,24hb_1xT,24hb,1-1,D000:2330~D00M:47,native_native_near_insert,D000:2330,D00M:47,"('h_XY_2_0', 137, 'FORWARD')","('h_XY_2_1', 132, 'FORWARD')",False,True,5.969709688857539,0.015909622281099812,0.0
6950d3b79138,24hb_1xT,24hb,1-1,D000:2112~D00G:16,extra_native,D000:2112,D00G:16,"('h_XY_1_1', 81, 'FORWARD')",None,False,True,5.457242364076167,0.015594584350303009,0.0
6950d3b79138,24hb_1xT,24hb,1-1,D000:1327~D00X:34,native_native_near_insert,D000:1327,D00X:34,"('h_XY_1_3', 38, 'FORWARD')","('h_XY_1_3', 40, 'REVERSE')",False,True,5.991174272186862,0.015494413441415082,0.0
6950d3b79138,24hb_1xT,24hb,1-1,D000:3105~D00C:14,native_native_near_insert,D000:3105,D00C:14,"('h_XY_1_5', 104, 'FORWARD')","('h_XY_1_5', 106, 'REVERSE')",False,True,5.927310118339313,0.015232760426195863,0.0
6950d3b79138,24hb_1xT,24hb,1-1,D000:1374~D009:16,extra_native,D000:1374,D009:16,"('h_XY_1_4', 44, 'REVERSE')",None,False,True,5.889743803487504,0.015063829711905601,0.0
6950d3b79138,24hb_1xT,24hb,1-1,D000:2352~D004:16,extra_native,D000:2352,D004:16,"('h_XY_2_1', 116, 'REVERSE')",None,False,True,5.410071653215358,0.014880822473300928,0.0
6950d3b79138,24hb_1xT,24hb,1-1,D000:12~D01I:37,extra_native,D000:12,D01I:37,"('h_XY_0_1', 58, 'REVERSE')",None,False,True,5.875277796123473,0.014874471206542318,0.0
6950d3b79138,24hb_1xT,24hb,1-1,D01U:8~D01X:8,designed_extra_extra,D01U:8,D01X:8,None,None,True,False,,0.014758408963113454,0.0
6950d3b79138,24hb_1xT,24hb,1-1,D000:1254~D008:32,extra_native,D000:1254,D008:32,"('h_XY_1_2', 24, 'REVERSE')",None,False,True,5.953406108545292,0.014729597100700627,0.0
6950d3b79138,24hb_1xT,24hb,1-1,D00C:8~D01R:24,designed_extra_extra,D00C:8,D01R:24,None,None,True,False,,0.014670796723427694,0.0
6950d3b79138,24hb_1xT,24hb,1-1,D000:3075~D01Z:15,extra_native,D000:3075,D01Z:15,"('h_XY_1_5', 74, 'FORWARD')",None,False,True,5.638621240865639,0.014367296395980146,0.0
6950d3b79138,24hb_1xT,24hb,1-1,D000:2790~D019:8,extra_native,D000:2790,D019:8,"('h_XY_3_5', 123, 'FORWARD')",None,False,True,5.747217627613683,0.014279868882429086,0.0
6950d3b79138,24hb_1xT,24hb,1-1,D00P:31~D010:24,designed_extra_extra,D00P:31,D010:24,None,None,True,False,,0.014274286669422613,0.0
6950d3b79138,24hb_1xT,24hb,1-1,D000:1479~D00L:5,native_native_far,D000:1479,D00L:5,"('h_XY_2_4', 56, 'FORWARD')","('h_XY_2_4', 58, 'REVERSE')",False,True,5.905435937476195,0.014115181141538563,0.0
6950d3b79138,24hb_1xT,24hb,1-1,D00B:40~D01J:16,designed_extra_extra,D00B:40,D01J:16,None,None,True,False,,0.014093087959743685,0.0
6950d3b79138,24hb_1xT,24hb,1-1,D000:1174~D008:40,extra_native,D000:1174,D008:40,"('h_XY_1_1', 25, 'FORWARD')",None,False,True,5.467675078848782,0.014091583578913077,0.0
6950d3b79138,24hb_1xT,24hb,1-1,D000:2722~D014:25,native_native_far,D000:2722,D014:25,"('h_XY_3_4', 60, 'REVERSE')","('h_XY_3_4', 58, 'FORWARD')",False,True,5.986358856886356,0.013876252797722357,0.0
6950d3b79138,24hb_1xT,24hb,1-1,D000:1406~D01P:24,extra_native,D000:1406,D01P:24,"('h_XY_1_4', 12, 'REVERSE')",None,False,True,5.39038695850949,0.013767789488443078,0.0
6950d3b79138,24hb_1xT,24hb,1-1,D000:2208~D00F:15,native_native_near_insert,D000:2208,D00F:15,"('h_XY_1_0', 106, 'REVERSE')","('h_XY_1_0', 104, 'FORWARD')",False,True,5.91379818204626,0.01363222415679213,0.0
6950d3b79138,24hb_1xT,24hb,1-1,D000:2876~D017:16,extra_native,D000:2876,D017:16,"('h_XY_2_5', 80, 'REVERSE')",None,False,True,5.233501398722857,0.013612972628168529,0.0
6950d3b79138,24hb_1xT,24hb,1-1,D000:2333~D00M:48,extra_native,D000:2333,D00M:48,"('h_XY_2_1', 135, 'REVERSE')",None,False,True,5.363587991655549,0.013612259567898024,0.0
6950d3b79138,24hb_1xT,24hb,1-1,D000:2653~D01A:8,extra_native,D000:2653,D01A:8,"('h_XY_3_4', 129, 'REVERSE')",None,False,True,5.052591732510942,0.013563706443482966,0.0
6950d3b79138,24hb_1xT,24hb,1-1,D000:1379~D010:32,extra_native,D000:1379,D010:32,"('h_XY_1_4', 39, 'REVERSE')",None,False,True,5.5738379396922975,0.013176348999835727,0.0
6950d3b79138,24hb_1xT,24hb,1-1,D00O:16~D01M:40,designed_extra_extra,D00O:16,D01M:40,None,None,True,False,,0.01313917185316283,0.0
6950d3b79138,24hb_1xT,24hb,1-1,D000:1426~D00S:16,extra_native,D000:1426,D00S:16,"('h_XY_2_4', 3, 'FORWARD')",None,False,True,4.944059195513905,0.013009610982657821,0.0
6950d3b79138,24hb_1xT,24hb,1-1,D000:2207~D00C:48,extra_native,D000:2207,D00C:48,"('h_XY_1_0', 107, 'REVERSE')",None,False,True,5.544817368341778,0.012996976509128276,0.0
6950d3b79138,24hb_1xT,24hb,1-1,D000:1698~D00M:32,extra_native,D000:1698,D00M:32,"('h_XY_2_3', 134, 'REVERSE')",None,False,True,4.938578202731289,0.012930450548093478,0.0
6950d3b79138,24hb_1xT,24hb,1-1,D000:1898~D00C:16,extra_native,D000:1898,D00C:16,"('h_XY_1_4', 108, 'REVERSE')",None,False,True,4.870671596987943,0.012863812696028586,0.0
6950d3b79138,24hb_1xT,24hb,1-1,D000:11~D01I:37,extra_native,D000:11,D01I:37,"('h_XY_0_1', 59, 'REVERSE')",None,False,True,5.6065500453610495,0.01279763290535324,0.0
6950d3b79138,24hb_1xT,24hb,1-1,D000:2432~D01C:32,extra_native,D000:2432,D01C:32,"('h_XY_3_1', 85, 'FORWARD')",None,False,True,5.294523780346331,0.01255667704719886,0.0
6950d3b79138,24hb_1xT,24hb,1-1,D000:449~D01U:30,native_native_near_insert,D000:449,D01U:30,"('h_XY_1_6', 35, 'REVERSE')","('h_XY_1_6', 33, 'FORWARD')",False,True,5.649303891230813,0.01255619102693328,0.0
6950d3b79138,24hb_1xT,24hb,1-1,D000:2782~D01L:48,extra_native,D000:2782,D01L:48,"('h_XY_3_5', 115, 'FORWARD')",None,False,True,5.80400340514313,0.012433620850455485,0.0
6950d3b79138,24hb_1xT,24hb,1-1,D00F:24~D01J:8,designed_extra_extra,D00F:24,D01J:8,None,None,True,False,,0.01242260137264825,0.0
6950d3b79138,24hb_1xT,24hb,1-1,D000:569~D01O:46,native_native_near_insert,D000:569,D01O:46,"('h_XY_2_5', 35, 'REVERSE')","('h_XY_2_5', 33, 'FORWARD')",False,True,5.85367443132236,0.01239788847324532,0.0
6950d3b79138,24hb_1xT,24hb,1-1,D000:2741~D006:38,extra_native,D000:2741,D006:38,"('h_XY_3_5', 74, 'FORWARD')",None,False,True,5.845424904713205,0.01232133569742053,0.0
6950d3b79138,24hb_1xT,24hb,1-1,D000:2486~D01A:32,extra_native,D000:2486,D01A:32,"('h_XY_3_2', 136, 'REVERSE')",None,False,True,3.0879943550028512,0.012214987915110782,0.0
6950d3b79138,24hb_1xT,24hb,1-1,D00W:15~D01D:53,designed_extra_extra,D00W:15,D01D:53,None,None,True,False,,0.012119804336162112,0.0
6950d3b79138,24hb_1xT,24hb,1-1,D000:2395~D002:37,extra_native,D000:2395,D002:37,"('h_XY_2_1', 73, 'REVERSE')",None,False,True,5.633776046780431,0.012044106412161625,0.0
6950d3b79138,24hb_1xT,24hb,1-1,D000:3473~D00E:29,native_native_near_insert,D000:3473,D00E:29,"('h_XY_0_1', 125, 'REVERSE')","('h_XY_0_1', 123, 'FORWARD')",False,True,5.95730263247343,0.011986750841828073,0.0
6950d3b79138,24hb_1xT,24hb,1-1,D000:500~D01V:32,extra_native,D000:500,D01V:32,"('h_XY_2_6', 11, 'FORWARD')",None,False,True,5.572931827389761,0.011715089553264377,0.0
6950d3b79138,24hb_1xT,24hb,1-1,D018:16~D01M:48,designed_extra_extra,D018:16,D01M:48,None,None,True,False,,0.011636399774870848,0.0
6950d3b79138,24hb_1xT,24hb,1-1,D000:1416~D007:16,extra_native,D000:1416,D007:16,"('h_XY_1_4', 2, 'REVERSE')",None,False,True,5.525777801854897,0.011388060110925828,0.0
6950d3b79138,24hb_1xT,24hb,1-1,D009:8~D01T:45,designed_extra_extra,D009:8,D01T:45,None,None,True,True,4.228853880143185,0.011333822976602511,0.0
6950d3b79138,24hb_1xT,24hb,1-1,D000:1253~D008:32,extra_native,D000:1253,D008:32,"('h_XY_1_2', 25, 'REVERSE')",None,False,True,5.608135571171828,0.011291037404425377,0.0
6950d3b79138,24hb_1xT,24hb,1-1,D004:32~D01B:32,designed_extra_extra,D004:32,D01B:32,None,None,True,False,,0.01127501415002725,0.0
6950d3b79138,24hb_1xT,24hb,1-1,D000:1542~D01F:24,extra_native,D000:1542,D01F:24,"('h_XY_2_3', -4, 'REVERSE')",None,False,True,3.8234354907225123,0.011268107937692905,0.0
6950d3b79138,24hb_1xT,24hb,1-1,D000:2686~D01J:48,extra_native,D000:2686,D01J:48,"('h_XY_3_4', 96, 'REVERSE')",None,False,True,5.284327552184514,0.011102140103461795,0.0
6950d3b79138,24hb_1xT,24hb,1-1,D000:2954~D01R:32,extra_native,D000:2954,D01R:32,"('h_XY_2_6', 113, 'FORWARD')",None,False,True,4.839451797701707,0.010769978839879606,0.0
6950d3b79138,24hb_1xT,24hb,1-1,D000:901~D01E:32,extra_native,D000:901,D01E:32,"('h_XY_3_1', 24, 'FORWARD')",None,False,True,5.633422556114658,0.010698046344234437,0.0
6950d3b79138,24hb_1xT,24hb,1-1,D000:3102~D012:40,extra_native,D000:3102,D012:40,"('h_XY_1_5', 101, 'FORWARD')",None,False,True,5.6675121358860014,0.010696878610928731,0.0
6950d3b79138,24hb_1xT,24hb,1-1,D000:163~D01Y:16,extra_native,D000:163,D01Y:16,"('h_XY_0_3', 47, 'REVERSE')",None,False,True,5.973264525816651,0.01061439410665988,0.0
6950d3b79138,24hb_1xT,24hb,1-1,D000:1408~D01P:24,extra_native,D000:1408,D01P:24,"('h_XY_1_4', 10, 'REVERSE')",None,False,True,5.382096158598673,0.010599640440770532,0.0
6950d3b79138,24hb_1xT,24hb,1-1,D000:447~D016:32,extra_native,D000:447,D016:32,"('h_XY_1_6', 37, 'REVERSE')",None,False,True,5.539131994129483,0.010576716728111576,0.0
6950d3b79138,24hb_1xT,24hb,1-1,D001:24~D00X:8,designed_extra_extra,D001:24,D00X:8,None,None,True,True,3.902443597654251,0.010534734502570142,0.0
6950d3b79138,24hb_1xT,24hb,1-1,D008:8~D01U:24,designed_extra_extra,D008:8,D01U:24,None,None,True,False,,0.01041715470169239,0.0
6950d3b79138,24hb_1xT,24hb,1-1,D000:2193~D00E:8,extra_native,D000:2193,D00E:8,"('h_XY_1_0', 121, 'REVERSE')",None,False,True,5.715245537728022,0.010351567168033262,0.0
6950d3b79138,24hb_1xT,24hb,1-1,D000:2956~D01R:32,extra_native,D000:2956,D01R:32,"('h_XY_2_6', 115, 'FORWARD')",None,False,True,5.7258953676838935,0.010342160602713181,0.0
6950d3b79138,24hb_1xT,24hb,1-1,D000:1281~D007:32,extra_native,D000:1281,D007:32,"('h_XY_1_2', -3, 'REVERSE')",None,False,True,3.477047025270195,0.010317369377988415,0.0
6950d3b79138,24hb_1xT,24hb,1-1,D00O:24~D011:24,designed_extra_extra,D00O:24,D011:24,None,None,True,False,,0.010010438868349104,0.0
6950d3b79138,24hb_1xT,24hb,1-1,D000:3356~D020:16,extra_native,D000:3356,D020:16,"('h_XY_0_3', 88, 'REVERSE')",None,False,True,5.843535371351855,0.009923960043767931,0.0
6950d3b79138,24hb_1xT,24hb,1-1,D000:200~D01P:8,extra_native,D000:200,D01P:8,"('h_XY_0_3', 10, 'REVERSE')",None,False,True,5.91141548472273,0.00991543991015758,0.0
6950d3b79138,24hb_1xT,24hb,1-1,D00B:24~D01M:23,extra_native,D00B:24,D01M:23,None,"('h_XY_1_3', 91, 'REVERSE')",False,True,5.5240504059554265,0.009867926812868735,0.0
6950d3b79138,24hb_1xT,24hb,1-1,D01E:16~D01G:48,designed_extra_extra,D01E:16,D01G:48,None,None,True,False,,0.009766940285093178,0.0
6950d3b79138,24hb_1xT,24hb,1-1,D000:2827~D00M:8,extra_native,D000:2827,D00M:8,"('h_XY_2_5', 129, 'REVERSE')",None,False,True,5.926860252641549,0.009646383434858994,0.0
6950d3b79138,24hb_1xT,24hb,1-1,D000:2651~D01A:8,extra_native,D000:2651,D01A:8,"('h_XY_3_4', 131, 'REVERSE')",None,False,True,5.445379544256758,0.00953603309405852,0.0
6950d3b79138,24hb_1xT,24hb,1-1,D00B:24~D01M:24,designed_extra_extra,D00B:24,D01M:24,None,None,True,False,,0.009353038436800026,0.0
6950d3b79138,24hb_1xT,24hb,1-1,D000:3052~D00A:21,native_native_near_insert,D000:3052,D00A:21,"('h_XY_1_6', 78, 'REVERSE')","('h_XY_1_6', 76, 'FORWARD')",False,True,5.309178432897838,0.009208421977001514,0.0
6950d3b79138,24hb_1xT,24hb,1-1,D000:1704~D00M:24,extra_native,D000:1704,D00M:24,"('h_XY_2_3', 128, 'REVERSE')",None,False,True,5.993662439913705,0.009165061166422678,0.0
6950d3b79138,24hb_1xT,24hb,1-1,D012:8~D01B:24,designed_extra_extra,D012:8,D01B:24,None,None,True,False,,0.00889138725619241,0.0
6950d3b79138,24hb_1xT,24hb,1-1,D00E:24~D01K:8,designed_extra_extra,D00E:24,D01K:8,None,None,True,False,,0.008813684421043768,0.0
6950d3b79138,24hb_1xT,24hb,1-1,D000:981~D00Y:8,extra_native,D000:981,D00Y:8,"('h_XY_2_1', 17, 'REVERSE')",None,False,True,5.449119908975019,0.008631672168331883,0.0
6950d3b79138,24hb_1xT,24hb,1-1,D009:24~D01N:45,designed_extra_extra,D009:24,D01N:45,None,None,True,False,,0.008582366842453379,0.0
6950d3b79138,24hb_1xT,24hb,1-1,D000:1283~D007:32,extra_native,D000:1283,D007:32,"('h_XY_1_2', -5, 'REVERSE')",None,False,True,3.375198226837599,0.008538855569018018,0.0
6950d3b79138,24hb_1xT,24hb,1-1,D000:1678~D00T:16,extra_native,D000:1678,D00T:16,"('h_XY_2_2', 121, 'FORWARD')",None,False,True,5.3035597378592545,0.008282467423996218,0.0
6950d3b79138,24hb_1xT,24hb,1-1,D00G:24~D01I:15,designed_extra_extra,D00G:24,D01I:15,None,None,True,False,,0.007968654516845242,0.0
6950d3b79138,24hb_1xT,24hb,1-1,D000:2166~D00D:40,extra_native,D000:2166,D00D:40,"('h_XY_1_1', 135, 'FORWARD')",None,False,True,5.174940149270105,0.007930967237594412,0.0
6950d3b79138,24hb_1xT,24hb,1-1,D000:2104~D01I:15,extra_native,D000:2104,D01I:15,"('h_XY_1_1', 73, 'FORWARD')",None,False,True,5.610172500579532,0.007776272424554422,0.0
6950d3b79138,24hb_1xT,24hb,1-1,D016:8~D01D:29,designed_extra_extra,D016:8,D01D:29,None,None,True,True,4.343287929302508,0.007701555614525098,0.0
6950d3b79138,24hb_1xT,24hb,1-1,D000:1692~D00M:32,extra_native,D000:1692,D00M:32,"('h_XY_2_2', 135, 'FORWARD')",None,False,True,4.298820070058401,0.007623250749881188,0.0
6950d3b79138,24hb_1xT,24hb,1-1,D000:3124~D013:40,extra_native,D000:3124,D013:40,"('h_XY_1_5', 123, 'FORWARD')",None,False,True,5.941182344126686,0.007250952287166177,0.0
6950d3b79138,24hb_1xT,24hb,1-1,D000:2674~D01B:8,extra_native,D000:2674,D01B:8,"('h_XY_3_4', 108, 'REVERSE')",None,False,True,5.300645179903331,0.006929904184628552,0.0
6950d3b79138,24hb_1xT,24hb,1-1,D000:1969~D01M:16,extra_native,D000:1969,D01M:16,"('h_XY_1_3', 92, 'FORWARD')",None,False,True,5.424609151889738,0.006858846210697037,0.0
6950d3b79138,24hb_1xT,24hb,1-1,D00Y:40~D01P:16,designed_extra_extra,D00Y:40,D01P:16,None,None,True,False,,0.006815633845209569,0.0
6950d3b79138,24hb_1xT,24hb,1-1,D000:3449~D022:25,native_native_near_insert,D000:3449,D022:25,"('h_XY_0_2', 134, 'FORWARD')","('h_XY_0_2', 132, 'REVERSE')",False,True,4.550616407633732,0.006773186526918966,0.0
6950d3b79138,24hb_1xT,24hb,1-1,D000:1153~D007:40,extra_native,D000:1153,D007:40,"('h_XY_1_1', 4, 'FORWARD')",None,False,True,5.679825386669727,0.006535598881811057,0.0
6950d3b79138,24hb_1xT,24hb,1-1,D000:726~D01F:8,extra_native,D000:726,D01F:8,"('h_XY_3_4', -2, 'REVERSE')",None,False,True,3.4921980585234937,0.006466736080834225,0.0
6950d3b79138,24hb_1xT,24hb,1-1,D000:2608~D012:8,extra_native,D000:2608,D012:8,"('h_XY_3_3', 101, 'FORWARD')",None,False,True,5.857130190569805,0.00644329824949864,0.0
6950d3b79138,24hb_1xT,24hb,1-1,D00T:48~D022:16,designed_extra_extra,D00T:48,D022:16,None,None,True,False,,0.006399212849183497,0.0
6950d3b79138,24hb_1xT,24hb,1-1,D000:3437~D00E:32,extra_native,D000:3437,D00E:32,"('h_XY_0_2', 122, 'FORWARD')",None,False,True,4.043992948316245,0.006367318274555691,0.0
6950d3b79138,24hb_1xT,24hb,1-1,D000:2536~D011:7,native_native_near_insert,D000:2536,D011:7,"('h_XY_3_2', 86, 'REVERSE')","('h_XY_3_2', 83, 'FORWARD')",False,True,5.908853056701897,0.006319337946430905,0.0
6950d3b79138,24hb_1xT,24hb,1-1,D00C:32~D00U:32,designed_extra_extra,D00C:32,D00U:32,None,None,True,False,,0.006075529512256041,0.0
6950d3b79138,24hb_1xT,24hb,1-1,D000:1152~D007:40,extra_native,D000:1152,D007:40,"('h_XY_1_1', 3, 'FORWARD')",None,False,True,5.169778172990597,0.006045585993622111,0.0
6950d3b79138,24hb_1xT,24hb,1-1,D000:520~D01U:32,extra_native,D000:520,D01U:32,"('h_XY_2_6', 31, 'FORWARD')",None,False,True,4.981745533556245,0.006040810825820188,0.0
6950d3b79138,24hb_1xT,24hb,1-1,D000:902~D01E:32,extra_native,D000:902,D01E:32,"('h_XY_3_1', 25, 'FORWARD')",None,False,True,5.9535707150723525,0.006003983341093332,0.0
6950d3b79138,24hb_1xT,24hb,1-1,D000:410~D01Z:34,native_native_near_insert,D000:410,D01Z:34,"('h_XY_1_5', 55, 'FORWARD')","('h_XY_1_5', 58, 'REVERSE')",False,True,5.826418844338623,0.005895367017034789,0.0
6950d3b79138,24hb_1xT,24hb,1-1,D000:699~D01E:8,extra_native,D000:699,D01E:8,"('h_XY_3_4', 25, 'REVERSE')",None,False,True,5.529050394857325,0.005843908706152668,0.0
6950d3b79138,24hb_1xT,24hb,1-1,D000:3450~D022:24,extra_native,D000:3450,D022:24,"('h_XY_0_2', 135, 'FORWARD')",None,False,True,3.9359195257817103,0.005717629717863704,0.0
6950d3b79138,24hb_1xT,24hb,1-1,D000:2803~D00M:8,extra_native,D000:2803,D00M:8,"('h_XY_3_5', 136, 'FORWARD')",None,False,True,3.513204794656394,0.00546788801371502,0.0
6950d3b79138,24hb_1xT,24hb,1-1,D000:3509~D020:32,extra_native,D000:3509,D020:32,"('h_XY_0_1', 89, 'REVERSE')",None,False,True,5.472199908275317,0.005252991580715576,0.0
6950d3b79138,24hb_1xT,24hb,1-1,D000:1172~D008:40,extra_native,D000:1172,D008:40,"('h_XY_1_1', 23, 'FORWARD')",None,False,True,5.679026095126435,0.005073579800193708,0.0
6950d3b79138,24hb_1xT,24hb,1-1,D000:2214~D00F:8,extra_native,D000:2214,D00F:8,"('h_XY_1_0', 100, 'REVERSE')",None,False,True,5.596587375319474,0.005052478302476144,0.0
6950d3b79138,24hb_1xT,24hb,1-1,D00O:40~D00V:16,designed_extra_extra,D00O:40,D00V:16,None,None,True,False,,0.004898957720910203,0.0
6950d3b79138,24hb_1xT,24hb,1-1,D010:32~D01O:32,designed_extra_extra,D010:32,D01O:32,None,None,True,False,,0.004872468199936552,0.0
6950d3b79138,24hb_1xT,24hb,1-1,D000:3518~D00G:24,extra_native,D000:3518,D00G:24,"('h_XY_0_1', 80, 'REVERSE')",None,False,True,5.370456441556535,0.004792510928908761,0.0
6950d3b79138,24hb_1xT,24hb,1-1,D000:2574~D014:37,extra_native,D000:2574,D014:37,"('h_XY_3_3', 67, 'FORWARD')",None,False,True,5.707336640954338,0.0044409381673639284,0.0
6950d3b79138,24hb_1xT,24hb,1-1,D000:2709~D014:37,extra_native,D000:2709,D014:37,"('h_XY_3_4', 73, 'REVERSE')",None,False,True,5.237008724977236,0.004413607631105742,0.0
6950d3b79138,24hb_1xT,24hb,1-1,D000:3074~D01Z:15,extra_native,D000:3074,D01Z:15,"('h_XY_1_5', 73, 'FORWARD')",None,False,True,5.413787096916,0.004230021387229502,0.0
6950d3b79138,24hb_1xT,24hb,1-1,D000:1165~D00J:16,extra_native,D000:1165,D00J:16,"('h_XY_1_1', 16, 'FORWARD')",None,False,True,5.619893042477115,0.004224643632535614,0.0
6950d3b79138,24hb_1xT,24hb,1-1,D003:32~D01C:32,designed_extra_extra,D003:32,D01C:32,None,None,True,True,5.8606322199986,0.0035125446452964055,0.0
6950d3b79138,24hb_1xT,24hb,1-1,D000:1697~D00M:32,extra_native,D000:1697,D00M:32,"('h_XY_2_3', 135, 'REVERSE')",None,False,True,5.376815043064699,0.0034070302049993843,0.0
6950d3b79138,24hb_1xT,24hb,1-1,D000:499~D01V:32,extra_native,D000:499,D01V:32,"('h_XY_2_6', 10, 'FORWARD')",None,False,True,5.773156173256559,0.003230636383749716,0.0
6950d3b79138,24hb_1xT,24hb,1-1,D000:198~D01P:8,extra_native,D000:198,D01P:8,"('h_XY_0_3', 12, 'REVERSE')",None,False,True,5.616475532319047,0.0023887064636981615,0.0
6950d3b79138,24hb_1xT,24hb,1-1,D000:3073~D01Z:15,extra_native,D000:3073,D01Z:15,"('h_XY_1_5', 72, 'FORWARD')",None,False,True,5.885243697514089,0.0023496076452414237,0.0
fc12195d0636,24hb_2xT,24hb,2-2,D00F:34~D021:37,native_native_near_insert,D00F:34,D021:37,"('h_XY_0_1', 104, 'FORWARD')","('h_XY_0_1', 105, 'FORWARD')",False,True,3.398652537218252,0.5001861029353194,96.6
fc12195d0636,24hb_2xT,24hb,2-2,D00A:21~D017:37,native_native_near_insert,D00A:21,D017:37,"('h_XY_1_6', 76, 'FORWARD')","('h_XY_1_6', 77, 'FORWARD')",False,True,3.5467304810076308,0.42017404093518856,57.599999999999994
fc12195d0636,24hb_2xT,24hb,2-2,D005:7~D00V:28,native_native_near_insert,D005:7,D00V:28,"('h_XY_1_2', 76, 'FORWARD')","('h_XY_1_2', 77, 'FORWARD')",False,True,3.2628059410287213,0.403797322890314,83.6
fc12195d0636,24hb_2xT,24hb,2-2,D00L:14~D00P:26,native_native_near_insert,D00L:14,D00P:26,"('h_XY_2_4', 49, 'REVERSE')","('h_XY_2_4', 48, 'REVERSE')",False,True,3.56068418896394,0.3850758152209095,63.0
fc12195d0636,24hb_2xT,24hb,2-2,D012:37~D01M:34,native_native_near_insert,D012:37,D01M:34,"('h_XY_1_4', 98, 'FORWARD')","('h_XY_1_4', 97, 'FORWARD')",False,True,3.3039679964738697,0.3767719100113198,81.8
fc12195d0636,24hb_2xT,24hb,2-2,D01N:40~D01Q:37,native_native_near_insert,D01N:40,D01Q:37,"('h_XY_1_3', 55, 'REVERSE')","('h_XY_1_3', 56, 'REVERSE')",False,True,3.46419742252829,0.3748452659207368,78.8
fc12195d0636,24hb_2xT,24hb,2-2,D019:37~D01R:34,native_native_near_insert,D019:37,D01R:34,"('h_XY_1_6', 119, 'FORWARD')","('h_XY_1_6', 118, 'FORWARD')",False,True,3.521518623412753,0.35811798422256697,72.6
fc12195d0636,24hb_2xT,24hb,2-2,D010:37~D01O:34,native_native_near_insert,D010:37,D01O:34,"('h_XY_1_4', 35, 'FORWARD')","('h_XY_1_4', 34, 'FORWARD')",False,True,3.490104734341118,0.35770361307684595,71.8
fc12195d0636,24hb_2xT,24hb,2-2,D015:19~D01P:52,native_native_near_insert,D015:19,D01P:52,"('h_XY_2_5', 14, 'FORWARD')","('h_XY_2_5', 13, 'FORWARD')",False,True,3.4093316391211066,0.3546433790439434,72.39999999999999
fc12195d0636,24hb_2xT,24hb,2-2,D01B:16~D01K:55,native_native_near_insert,D01B:16,D01K:55,"('h_XY_3_4', 111, 'FORWARD')","('h_XY_3_4', 112, 'FORWARD')",False,True,3.3414679625783976,0.34958574402754755,70.6
fc12195d0636,24hb_2xT,24hb,2-2,D019:19~D01L:52,native_native_near_insert,D019:19,D01L:52,"('h_XY_2_5', 119, 'FORWARD')","('h_XY_2_5', 118, 'FORWARD')",False,True,3.3296718044685294,0.34941267472852083,83.0
fc12195d0636,24hb_2xT,24hb,2-2,D00X:61~D01U:1,native_native_far,D00X:61,D01U:1,"('h_XY_0_4', 35, 'REVERSE')","('h_XY_0_4', 34, 'REVERSE')",False,True,3.472622304712455,0.33989480205629136,77.2
fc12195d0636,24hb_2xT,24hb,2-2,D00J:7~D023:10,native_native_near_insert,D00J:7,D023:10,"('h_XY_2_0', 14, 'REVERSE')","('h_XY_2_0', 13, 'REVERSE')",False,True,3.4265285052348586,0.3317666849725831,74.0
fc12195d0636,24hb_2xT,24hb,2-2,D00B:7~D01S:28,native_native_near_insert,D00B:7,D01S:28,"('h_XY_1_6', 90, 'FORWARD')","('h_XY_1_6', 91, 'FORWARD')",False,True,3.3748895047012386,0.28976951854249156,69.0
fc12195d0636,24hb_2xT,24hb,2-2,D003:19~D00O:52,native_native_near_insert,D003:19,D00O:52,"('h_XY_2_1', 91, 'FORWARD')","('h_XY_2_1', 90, 'FORWARD')",False,True,3.4783957862098,0.28837836632693453,65.4
fc12195d0636,24hb_2xT,24hb,2-2,D00S:52~D023:19,native_native_near_insert,D00S:52,D023:19,"('h_XY_2_1', 6, 'FORWARD')","('h_XY_2_1', 7, 'FORWARD')",False,True,3.6267094018301793,0.2746061328215685,35.0
fc12195d0636,24hb_2xT,24hb,2-2,D007:26~D01P:26,designed_extra_extra,D007:26,D01P:26,None,None,True,True,3.5667825264238573,0.2594005393645062,7.199999999999999
fc12195d0636,24hb_2xT,24hb,2-2,D012:52~D01S:19,native_native_near_insert,D012:52,D01S:19,"('h_XY_1_5', 98, 'REVERSE')","('h_XY_1_5', 97, 'REVERSE')",False,True,3.6308124670679542,0.2544197096400953,12.8
fc12195d0636,24hb_2xT,24hb,2-2,D010:17~D01G:44,designed_extra_extra,D010:17,D01G:44,None,None,True,True,3.776848587347036,0.2500350294171637,17.0
fc12195d0636,24hb_2xT,24hb,2-2,D00C:25~D01L:28,native_native_near_insert,D00C:25,D01L:28,"('h_XY_1_4', 111, 'FORWARD')","('h_XY_1_4', 112, 'FORWARD')",False,True,3.723809242445757,0.2496874352952155,15.2
fc12195d0636,24hb_2xT,24hb,2-2,D00U:53~D021:17,designed_extra_extra,D00U:53,D021:17,None,None,True,True,3.87409864014159,0.24884418166473093,9.2
fc12195d0636,24hb_2xT,24hb,2-2,D00Y:7~D023:28,native_native_near_insert,D00Y:7,D023:28,"('h_XY_3_1', 14, 'REVERSE')","('h_XY_3_1', 13, 'REVERSE')",False,True,3.412917372493516,0.24357013148761297,36.4
fc12195d0636,24hb_2xT,24hb,2-2,D004:26~D00T:9,designed_extra_extra,D004:26,D00T:9,None,None,True,True,3.500121613797912,0.23463336130080822,28.4
fc12195d0636,24hb_2xT,24hb,2-2,D005:19~D00K:14,native_native_near_insert,D005:19,D00K:14,"('h_XY_2_3', 70, 'FORWARD')","('h_XY_2_3', 69, 'FORWARD')",False,True,3.92725613501145,0.23416436071393087,7.199999999999999
fc12195d0636,24hb_2xT,24hb,2-2,D000:1845~D00M:17,extra_native,D000:1845,D00M:17,"('h_XY_2_4', 128, 'FORWARD')",None,False,True,4.594291896997025,0.23385357572897048,0.0
fc12195d0636,24hb_2xT,24hb,2-2,D00T:26~D01K:26,designed_extra_extra,D00T:26,D01K:26,None,None,True,True,3.243582910764769,0.20726627650729915,21.8
fc12195d0636,24hb_2xT,24hb,2-2,D00P:15~D016:26,designed_extra_extra,D00P:15,D016:26,None,None,True,True,3.624075756548854,0.1994294835945449,14.2
fc12195d0636,24hb_2xT,24hb,2-2,D000:44~D01X:36,extra_native,D000:44,D01X:36,"('h_XY_0_1', 26, 'REVERSE')",None,False,True,5.555432822548674,0.1924960392961807,0.0
fc12195d0636,24hb_2xT,24hb,2-2,D001:8~D00I:8,designed_extra_extra,D001:8,D00I:8,None,None,True,True,3.5700154105171467,0.19106170893660515,28.199999999999996
fc12195d0636,24hb_2xT,24hb,2-2,D000:45~D01X:36,extra_native,D000:45,D01X:36,"('h_XY_0_1', 25, 'REVERSE')",None,False,True,5.6281413973196415,0.18593679378717962,0.0
fc12195d0636,24hb_2xT,24hb,2-2,D003:9~D00F:7,extra_native,D003:9,D00F:7,None,"('h_XY_2_0', 98, 'REVERSE')",False,True,5.708345967755866,0.17938097510391623,0.0
fc12195d0636,24hb_2xT,24hb,2-2,D01T:29~D01Y:8,designed_extra_extra,D01T:29,D01Y:8,None,None,True,True,3.6606806475371765,0.17641300982955585,4.0
fc12195d0636,24hb_2xT,24hb,2-2,D000:1749~D011:24,native_native_near_insert,D000:1749,D011:24,"('h_XY_2_3', 83, 'REVERSE')","('h_XY_2_3', 82, 'FORWARD')",False,True,5.7991822299601665,0.1753988074291403,0.0
fc12195d0636,24hb_2xT,24hb,2-2,D000:1716~D01K:36,extra_native,D000:1716,D01K:36,"('h_XY_2_3', 116, 'REVERSE')",None,False,True,4.827452363869223,0.17499282178767236,0.0
fc12195d0636,24hb_2xT,24hb,2-2,D00T:1~D01A:43,native_native_far,D00T:1,D01A:43,"('h_XY_3_1', 125, 'REVERSE')","('h_XY_3_1', 126, 'REVERSE')",False,True,3.309402832542002,0.17078629652959262,26.6
fc12195d0636,24hb_2xT,24hb,2-2,D000:2457~D01B:37,native_native_near_insert,D000:2457,D01B:37,"('h_XY_3_1', 110, 'FORWARD')","('h_XY_3_1', 111, 'REVERSE')",False,True,4.793847958334296,0.16891679138147425,0.0
fc12195d0636,24hb_2xT,24hb,2-2,D000:2619~D01K:51,native_native_near_insert,D000:2619,D01K:51,"('h_XY_3_3', 112, 'FORWARD')","('h_XY_3_3', 113, 'REVERSE')",False,True,5.469638585022845,0.16872080906334638,0.0
fc12195d0636,24hb_2xT,24hb,2-2,D000:457~D008:6,native_native_near_insert,D000:457,D008:6,"('h_XY_1_6', 27, 'REVERSE')","('h_XY_1_6', 26, 'FORWARD')",False,True,4.513713238138487,0.1684503102078728,0.0
fc12195d0636,24hb_2xT,24hb,2-2,D000:905~D001:33,native_native_near_insert,D000:905,D001:33,"('h_XY_3_1', 28, 'FORWARD')","('h_XY_3_1', 29, 'REVERSE')",False,True,3.9673681465345205,0.16728136306068744,0.2
fc12195d0636,24hb_2xT,24hb,2-2,D006:1~D01N:55,native_native_far,D006:1,D01N:55,"('h_XY_1_4', 56, 'FORWARD')","('h_XY_1_4', 55, 'FORWARD')",False,True,3.3294767753853507,0.1668779776338638,39.800000000000004
fc12195d0636,24hb_2xT,24hb,2-2,D000:1409~D01P:29,native_native_near_insert,D000:1409,D01P:29,"('h_XY_1_4', 9, 'REVERSE')","('h_XY_1_4', 8, 'FORWARD')",False,True,5.719126817106727,0.16571072950662738,0.0
fc12195d0636,24hb_2xT,24hb,2-2,D000:919~D01D:63,native_native_far,D000:919,D01D:63,"('h_XY_3_1', 42, 'FORWARD')","('h_XY_3_1', 43, 'REVERSE')",False,True,5.737418932284551,0.1656554272988484,0.0
fc12195d0636,24hb_2xT,24hb,2-2,D000:2280~D00O:57,native_native_near_insert,D000:2280,D00O:57,"('h_XY_2_0', 87, 'FORWARD')","('h_XY_2_0', 88, 'REVERSE')",False,True,5.808319663429213,0.16488730503986415,0.0
fc12195d0636,24hb_2xT,24hb,2-2,D012:53~D01S:19,extra_native,D012:53,D01S:19,None,"('h_XY_1_5', 97, 'REVERSE')",False,True,3.4631451356243117,0.16416320560543723,19.8
fc12195d0636,24hb_2xT,24hb,2-2,D000:1989~D01L:24,native_native_near_insert,D000:1989,D01L:24,"('h_XY_1_3', 112, 'FORWARD')","('h_XY_1_3', 113, 'REVERSE')",False,True,5.823962829057867,0.1640792441460264,0.0
fc12195d0636,24hb_2xT,24hb,2-2,D000:2070~D00B:42,native_native_near_insert,D000:2070,D00B:42,"('h_XY_1_2', 90, 'REVERSE')","('h_XY_1_2', 89, 'FORWARD')",False,True,5.67491414815504,0.16388783330103612,0.0
fc12195d0636,24hb_2xT,24hb,2-2,D000:1521~D00Z:21,native_native_near_insert,D000:1521,D00Z:21,"('h_XY_2_3', 17, 'REVERSE')","('h_XY_2_3', 16, 'FORWARD')",False,True,5.93562045564924,0.16244808079773235,0.0
fc12195d0636,24hb_2xT,24hb,2-2,D000:2204~D00C:59,native_native_far,D000:2204,D00C:59,"('h_XY_1_0', 110, 'REVERSE')","('h_XY_1_0', 109, 'FORWARD')",False,True,5.048670354309282,0.16115020390439105,0.0
fc12195d0636,24hb_2xT,24hb,2-2,D019:9~D01A:7,extra_native,D019:9,D01A:7,None,"('h_XY_3_5', 126, 'REVERSE')",False,True,4.051831291596518,0.1597671454722673,0.4
fc12195d0636,24hb_2xT,24hb,2-2,D000:1876~D00D:17,extra_native,D000:1876,D00D:17,"('h_XY_1_4', 130, 'REVERSE')",None,False,True,5.047942421237368,0.1596919161238679,0.0
fc12195d0636,24hb_2xT,24hb,2-2,D00M:27~D013:26,designed_extra_extra,D00M:27,D013:26,None,None,True,True,3.576688160510005,0.15943433128830634,5.6000000000000005
fc12195d0636,24hb_2xT,24hb,2-2,D000:3488~D021:36,extra_native,D000:3488,D021:36,"('h_XY_0_1', 110, 'REVERSE')",None,False,True,5.904441131143884,0.15937662152269347,0.0
fc12195d0636,24hb_2xT,24hb,2-2,D010:18~D01G:44,designed_extra_extra,D010:18,D01G:44,None,None,True,True,4.014964989833812,0.15868703522301023,1.6
fc12195d0636,24hb_2xT,24hb,2-2,D000:2758~D01M:60,native_native_far,D000:2758,D01M:60,"('h_XY_3_5', 91, 'FORWARD')","('h_XY_3_5', 92, 'REVERSE')",False,True,5.135752529161802,0.1583289081509339,0.0
fc12195d0636,24hb_2xT,24hb,2-2,D003:9~D00F:8,designed_extra_extra,D003:9,D00F:8,None,None,True,True,3.39643513599292,0.15807239718413935,4.8
fc12195d0636,24hb_2xT,24hb,2-2,D000:1581~D00Q:39,native_native_near_insert,D000:1581,D00Q:39,"('h_XY_2_2', 24, 'FORWARD')","('h_XY_2_2', 25, 'REVERSE')",False,True,5.997866591556282,0.15801804612644993,0.0
fc12195d0636,24hb_2xT,24hb,2-2,D01N:30~D01Y:26,designed_extra_extra,D01N:30,D01Y:26,None,None,True,True,3.448394731381712,0.15800967550363307,3.0
fc12195d0636,24hb_2xT,24hb,2-2,D000:1133~D007:59,native_native_far,D000:1133,D007:59,"('h_XY_1_0', 5, 'REVERSE')","('h_XY_1_0', 4, 'FORWARD')",False,True,4.283196725524475,0.1578953611938082,0.2
fc12195d0636,24hb_2xT,24hb,2-2,D000:3239~D00V:59,native_native_far,D000:3239,D00V:59,"('h_XY_0_4', 78, 'FORWARD')","('h_XY_0_4', 79, 'REVERSE')",False,True,5.622826122002623,0.15781710174526875,0.0
fc12195d0636,24hb_2xT,24hb,2-2,D005:7~D00V:27,extra_native,D005:7,D00V:27,"('h_XY_1_2', 76, 'FORWARD')",None,False,True,5.1339228497993314,0.1577317240611992,0.0
fc12195d0636,24hb_2xT,24hb,2-2,D000:2774~D01B:4,native_native_far,D000:2774,D01B:4,"('h_XY_3_5', 107, 'FORWARD')","('h_XY_3_5', 108, 'REVERSE')",False,True,5.467274853223179,0.15696649925694475,0.0
fc12195d0636,24hb_2xT,24hb,2-2,D000:2217~D003:6,native_native_near_insert,D000:2217,D003:6,"('h_XY_1_0', 97, 'REVERSE')","('h_XY_1_0', 96, 'FORWARD')",False,True,3.9406817292739724,0.15680910152423905,0.0
fc12195d0636,24hb_2xT,24hb,2-2,D000:3485~D01K:1,native_native_far,D000:3485,D01K:1,"('h_XY_0_1', 113, 'REVERSE')","('h_XY_0_1', 112, 'FORWARD')",False,True,4.980973109671927,0.1562750404048631,0.0
fc12195d0636,24hb_2xT,24hb,2-2,D000:3121~D013:50,native_native_near_insert,D000:3121,D013:50,"('h_XY_1_5', 120, 'FORWARD')","('h_XY_1_5', 121, 'REVERSE')",False,True,5.728375433327718,0.1562133571696208,0.0
fc12195d0636,24hb_2xT,24hb,2-2,D00N:7~D018:27,extra_native,D00N:7,D018:27,"('h_XY_2_6', 105, 'REVERSE')",None,False,True,4.664308896129106,0.15597603146140887,0.0
fc12195d0636,24hb_2xT,24hb,2-2,D000:1317~D01O:24,native_native_near_insert,D000:1317,D01O:24,"('h_XY_1_3', 28, 'FORWARD')","('h_XY_1_3', 29, 'REVERSE')",False,True,5.0561708177441895,0.15551587749863444,0.0
fc12195d0636,24hb_2xT,24hb,2-2,D000:1238~D00X:32,native_native_near_insert,D000:1238,D00X:32,"('h_XY_1_2', 40, 'REVERSE')","('h_XY_1_2', 39, 'FORWARD')",False,True,5.057784197118339,0.1551813345834814,0.0
fc12195d0636,24hb_2xT,24hb,2-2,D000:1998~D00T:36,extra_native,D000:1998,D00T:36,"('h_XY_1_3', 121, 'FORWARD')",None,False,True,5.6644329278987176,0.15510409908139783,0.0
fc12195d0636,24hb_2xT,24hb,2-2,D000:2731~D01D:5,native_native_far,D000:2731,D01D:5,"('h_XY_3_5', 64, 'FORWARD')","('h_XY_3_5', 65, 'REVERSE')",False,True,5.939653254856332,0.1547804255626665,0.0
fc12195d0636,24hb_2xT,24hb,2-2,D000:3335~D021:22,native_native_far,D000:3335,D021:22,"('h_XY_0_3', 109, 'REVERSE')","('h_XY_0_3', 108, 'FORWARD')",False,True,5.513885489728306,0.15444510358780197,0.0
fc12195d0636,24hb_2xT,24hb,2-2,D000:2829~D00M:10,native_native_near_insert,D000:2829,D00M:10,"('h_XY_2_5', 127, 'REVERSE')","('h_XY_2_5', 126, 'FORWARD')",False,True,5.946882648857631,0.15434434060712054,0.0
fc12195d0636,24hb_2xT,24hb,2-2,D000:2223~D00B:61,native_native_far,D000:2223,D00B:61,"('h_XY_1_0', 91, 'REVERSE')","('h_XY_1_0', 90, 'FORWARD')",False,True,5.345852568850765,0.1538483895016223,0.0
fc12195d0636,24hb_2xT,24hb,2-2,D000:3407~D01M:5,native_native_near_insert,D000:3407,D01M:5,"('h_XY_0_2', 92, 'FORWARD')","('h_XY_0_2', 93, 'REVERSE')",False,True,5.184081185051573,0.15367503679406944,0.0
fc12195d0636,24hb_2xT,24hb,2-2,D000:2792~D01A:7,native_native_near_insert,D000:2792,D01A:7,"('h_XY_3_5', 125, 'FORWARD')","('h_XY_3_5', 126, 'REVERSE')",False,True,4.661483716074247,0.1532789155933413,0.0
fc12195d0636,24hb_2xT,24hb,2-2,D000:2122~D01J:15,native_native_near_insert,D000:2122,D01J:15,"('h_XY_1_1', 91, 'FORWARD')","('h_XY_1_1', 92, 'REVERSE')",False,True,4.466027841361948,0.15295566312756295,0.0
fc12195d0636,24hb_2xT,24hb,2-2,D000:821~D010:2,native_native_far,D000:821,D010:2,"('h_XY_3_2', 37, 'REVERSE')","('h_XY_3_2', 36, 'FORWARD')",False,True,5.784491858357831,0.15190271467740396,0.0
fc12195d0636,24hb_2xT,24hb,2-2,D000:2433~D01C:40,native_native_far,D000:2433,D01C:40,"('h_XY_3_1', 86, 'FORWARD')","('h_XY_3_1', 87, 'REVERSE')",False,True,5.820500361675636,0.1516338003208894,0.0
fc12195d0636,24hb_2xT,24hb,2-2,D000:2666~D01K:58,native_native_far,D000:2666,D01K:58,"('h_XY_3_4', 116, 'REVERSE')","('h_XY_3_4', 115, 'FORWARD')",False,True,4.870345282291557,0.1515274821695362,0.0
fc12195d0636,24hb_2xT,24hb,2-2,D000:1258~D00Y:33,native_native_near_insert,D000:1258,D00Y:33,"('h_XY_1_2', 20, 'REVERSE')","('h_XY_1_2', 19, 'FORWARD')",False,True,4.863843249353682,0.1512921356717207,0.0
fc12195d0636,24hb_2xT,24hb,2-2,D000:313~D010:56,native_native_near_insert,D000:313,D010:56,"('h_XY_0_5', 37, 'REVERSE')","('h_XY_0_5', 36, 'FORWARD')",False,True,5.993901827799985,0.15119516642110442,0.0
fc12195d0636,24hb_2xT,24hb,2-2,D000:2363~D00U:16,native_native_near_insert,D000:2363,D00U:16,"('h_XY_2_1', 105, 'REVERSE')","('h_XY_2_1', 104, 'FORWARD')",False,True,5.149732755408427,0.15079664293762352,0.0
fc12195d0636,24hb_2xT,24hb,2-2,D000:1127~D023:4,native_native_far,D000:1127,D023:4,"('h_XY_1_0', 11, 'REVERSE')","('h_XY_1_0', 10, 'FORWARD')",False,True,5.4188091109448475,0.15016258048606834,0.0
fc12195d0636,24hb_2xT,24hb,2-2,D000:1721~D00N:33,native_native_near_insert,D000:1721,D00N:33,"('h_XY_2_3', 111, 'REVERSE')","('h_XY_2_3', 110, 'FORWARD')",False,True,4.971350413332173,0.14992252345991056,0.0
fc12195d0636,24hb_2xT,24hb,2-2,D000:3266~D021:15,native_native_near_insert,D000:3266,D021:15,"('h_XY_0_4', 105, 'FORWARD')","('h_XY_0_4', 106, 'REVERSE')",False,True,4.9041150570535175,0.14989198118997718,0.0
fc12195d0636,24hb_2xT,24hb,2-2,D000:3234~D01T:3,native_native_far,D000:3234,D01T:3,"('h_XY_0_4', 73, 'FORWARD')","('h_XY_0_4', 74, 'REVERSE')",False,True,5.904975634736762,0.14953356163844803,0.0
fc12195d0636,24hb_2xT,24hb,2-2,D000:1796~D011:31,native_native_far,D000:1796,D011:31,"('h_XY_2_4', 79, 'FORWARD')","('h_XY_2_4', 80, 'REVERSE')",False,True,5.648307457697503,0.14952618364858988,0.0
fc12195d0636,24hb_2xT,24hb,2-2,D000:1731~D012:21,native_native_near_insert,D000:1731,D012:21,"('h_XY_2_3', 101, 'REVERSE')","('h_XY_2_3', 100, 'FORWARD')",False,True,5.671369707158595,0.14930632176635827,0.0
fc12195d0636,24hb_2xT,24hb,2-2,D000:3420~D021:33,native_native_near_insert,D000:3420,D021:33,"('h_XY_0_2', 105, 'FORWARD')","('h_XY_0_2', 106, 'REVERSE')",False,True,4.8006925760582,0.14915091960962099,0.0
fc12195d0636,24hb_2xT,24hb,2-2,D000:2288~D003:11,native_native_near_insert,D000:2288,D003:11,"('h_XY_2_0', 95, 'FORWARD')","('h_XY_2_0', 96, 'REVERSE')",False,True,5.442491501765946,0.1489579741917488,0.0
fc12195d0636,24hb_2xT,24hb,2-2,D000:1113~D008:58,native_native_far,D000:1113,D008:58,"('h_XY_1_0', 25, 'REVERSE')","('h_XY_1_0', 24, 'FORWARD')",False,True,5.946737264511559,0.14876309295764265,0.0
fc12195d0636,24hb_2xT,24hb,2-2,D000:525~D016:32,native_native_near_insert,D000:525,D016:32,"('h_XY_2_6', 36, 'FORWARD')","('h_XY_2_6', 37, 'REVERSE')",False,True,5.602168823267379,0.14838117962596134,0.0
fc12195d0636,24hb_2xT,24hb,2-2,D000:4~D01I:3,native_native_far,D000:4,D01I:3,"('h_XY_0_1', 66, 'REVERSE')","('h_XY_0_1', 65, 'FORWARD')",False,True,5.361732015009947,0.14802967482147705,0.0
fc12195d0636,24hb_2xT,24hb,2-2,D000:601~D00S:12,native_native_near_insert,D000:601,D00S:12,"('h_XY_2_5', 3, 'REVERSE')","('h_XY_2_5', 2, 'FORWARD')",False,True,5.789544952669867,0.14782900208245175,0.0
fc12195d0636,24hb_2xT,24hb,2-2,D000:1997~D00T:36,extra_native,D000:1997,D00T:36,"('h_XY_1_3', 120, 'FORWARD')",None,False,True,5.653293487159536,0.14739590315803094,0.0
fc12195d0636,24hb_2xT,24hb,2-2,D000:2615~D01B:21,native_native_near_insert,D000:2615,D01B:21,"('h_XY_3_3', 108, 'FORWARD')","('h_XY_3_3', 109, 'REVERSE')",False,True,5.792510244587528,0.14731978828186473,0.0
fc12195d0636,24hb_2xT,24hb,2-2,D000:2954~D01R:41,native_native_far,D000:2954,D01R:41,"('h_XY_2_6', 113, 'FORWARD')","('h_XY_2_6', 114, 'REVERSE')",False,True,5.412629650186592,0.14715883752399178,0.0
fc12195d0636,24hb_2xT,24hb,2-2,D000:1803~D00O:22,native_native_far,D000:1803,D00O:22,"('h_XY_2_4', 86, 'FORWARD')","('h_XY_2_4', 87, 'REVERSE')",False,True,5.538303690002053,0.14667112950126768,0.0
fc12195d0636,24hb_2xT,24hb,2-2,D000:1037~D00Q:61,native_native_far,D000:1037,D00Q:61,"('h_XY_2_0', 20, 'FORWARD')","('h_XY_2_0', 21, 'REVERSE')",False,True,4.22850215980063,0.14622571048144198,0.0
fc12195d0636,24hb_2xT,24hb,2-2,D000:1406~D01P:32,native_native_near_insert,D000:1406,D01P:32,"('h_XY_1_4', 12, 'REVERSE')","('h_XY_1_4', 11, 'FORWARD')",False,True,5.174915863725989,0.1461861600304377,0.0
fc12195d0636,24hb_2xT,24hb,2-2,D000:1729~D012:23,native_native_near_insert,D000:1729,D012:23,"('h_XY_2_3', 103, 'REVERSE')","('h_XY_2_3', 102, 'FORWARD')",False,True,5.572404942988991,0.14574834310115617,0.0
fc12195d0636,24hb_2xT,24hb,2-2,D000:979~D00Y:14,native_native_near_insert,D000:979,D00Y:14,"('h_XY_2_1', 19, 'REVERSE')","('h_XY_2_1', 18, 'FORWARD')",False,True,5.92211270374865,0.14560120654672443,0.0
fc12195d0636,24hb_2xT,24hb,2-2,D000:1109~D001:1,native_native_far,D000:1109,D001:1,"('h_XY_1_0', 29, 'REVERSE')","('h_XY_1_0', 28, 'FORWARD')",False,True,5.518239824611157,0.1453972851418775,0.0
fc12195d0636,24hb_2xT,24hb,2-2,D000:3200~D020:6,native_native_near_insert,D000:3200,D020:6,"('h_XY_0_5', 90, 'REVERSE')","('h_XY_0_5', 89, 'FORWARD')",False,True,4.548364736899496,0.1453741870365626,0.0
fc12195d0636,24hb_2xT,24hb,2-2,D000:1172~D008:45,extra_native,D000:1172,D008:45,"('h_XY_1_1', 23, 'FORWARD')",None,False,True,5.027952484722036,0.1450914973753716,0.0
fc12195d0636,24hb_2xT,24hb,2-2,D000:2036~D00T:32,native_native_near_insert,D000:2036,D00T:32,"('h_XY_1_2', 124, 'REVERSE')","('h_XY_1_2', 123, 'FORWARD')",False,True,5.20861437762609,0.14454478660713613,0.0
fc12195d0636,24hb_2xT,24hb,2-2,D000:3182~D021:3,native_native_far,D000:3182,D021:3,"('h_XY_0_5', 108, 'REVERSE')","('h_XY_0_5', 107, 'FORWARD')",False,True,5.552027719261214,0.14421064547619541,0.0
fc12195d0636,24hb_2xT,24hb,2-2,D000:432~D01T:51,native_native_near_insert,D000:432,D01T:51,"('h_XY_1_6', 52, 'REVERSE')","('h_XY_1_6', 51, 'FORWARD')",False,True,5.359028830035628,0.14388827873176865,0.0
fc12195d0636,24hb_2xT,24hb,2-2,D000:1533~D00S:32,native_native_near_insert,D000:1533,D00S:32,"('h_XY_2_3', 5, 'REVERSE')","('h_XY_2_3', 4, 'FORWARD')",False,True,4.052342473034348,0.14380757874024944,0.0
fc12195d0636,24hb_2xT,24hb,2-2,D000:2146~D01K:12,native_native_near_insert,D000:2146,D01K:12,"('h_XY_1_1', 115, 'FORWARD')","('h_XY_1_1', 116, 'REVERSE')",False,True,5.74059850350341,0.14351787436354901,0.0
fc12195d0636,24hb_2xT,24hb,2-2,D000:1313~D008:30,native_native_near_insert,D000:1313,D008:30,"('h_XY_1_3', 24, 'FORWARD')","('h_XY_1_3', 25, 'REVERSE')",False,True,5.902800148906148,0.14323540908463572,0.0
fc12195d0636,24hb_2xT,24hb,2-2,D000:394~D010:47,native_native_near_insert,D000:394,D010:47,"('h_XY_1_5', 39, 'FORWARD')","('h_XY_1_5', 40, 'REVERSE')",False,True,5.818334661655543,0.1430014157118382,0.0
fc12195d0636,24hb_2xT,24hb,2-2,D000:2064~D01J:23,native_native_near_insert,D000:2064,D01J:23,"('h_XY_1_2', 96, 'REVERSE')","('h_XY_1_2', 95, 'FORWARD')",False,True,5.2473989210483785,0.1429995430544522,0.0
fc12195d0636,24hb_2xT,24hb,2-2,D000:2783~D01L:56,native_native_near_insert,D000:2783,D01L:56,"('h_XY_3_5', 116, 'FORWARD')","('h_XY_3_5', 117, 'REVERSE')",False,True,5.877786536631597,0.14295012791299916,0.0
fc12195d0636,24hb_2xT,24hb,2-2,D004:9~D00E:7,extra_native,D004:9,D00E:7,None,"('h_XY_2_0', 119, 'REVERSE')",False,True,5.219004998848752,0.14226835944247104,0.0
fc12195d0636,24hb_2xT,24hb,2-2,D000:1702~D00M:31,native_native_far,D000:1702,D00M:31,"('h_XY_2_3', 130, 'REVERSE')","('h_XY_2_3', 129, 'FORWARD')",False,True,5.68840711710866,0.1422619112827527,0.0
fc12195d0636,24hb_2xT,24hb,2-2,D000:112~D01O:3,native_native_far,D000:112,D01O:3,"('h_XY_0_2', 31, 'FORWARD')","('h_XY_0_2', 32, 'REVERSE')",False,True,5.687433216518063,0.1421765989923838,0.0
fc12195d0636,24hb_2xT,24hb,2-2,D000:1245~D01G:23,native_native_near_insert,D000:1245,D01G:23,"('h_XY_1_2', 33, 'REVERSE')","('h_XY_1_2', 32, 'FORWARD')",False,True,5.053720429087332,0.14127631126947274,0.0
fc12195d0636,24hb_2xT,24hb,2-2,D000:2256~D00H:45,native_native_far,D000:2256,D00H:45,"('h_XY_2_0', 63, 'FORWARD')","('h_XY_2_0', 64, 'REVERSE')",False,True,4.7809546079948975,0.1411816588098458,0.0
fc12195d0636,24hb_2xT,24hb,2-2,D000:3335~D021:18,extra_native,D000:3335,D021:18,"('h_XY_0_3', 109, 'REVERSE')",None,False,True,5.08161387811478,0.14096630174264868,0.0
fc12195d0636,24hb_2xT,24hb,2-2,D000:481~D007:3,native_native_far,D000:481,D007:3,"('h_XY_1_6', 3, 'REVERSE')","('h_XY_1_6', 2, 'FORWARD')",False,True,5.7194288829817665,0.1399330164225809,0.0
fc12195d0636,24hb_2xT,24hb,2-2,D000:1524~D00R:43,native_native_near_insert,D000:1524,D00R:43,"('h_XY_2_3', 14, 'REVERSE')","('h_XY_2_3', 13, 'FORWARD')",False,True,5.8489708974413395,0.1398282514873805,0.0
fc12195d0636,24hb_2xT,24hb,2-2,D000:3446~D022:28,native_native_near_insert,D000:3446,D022:28,"('h_XY_0_2', 131, 'FORWARD')","('h_XY_0_2', 132, 'REVERSE')",False,True,5.248860087698763,0.13966778325174467,0.0
fc12195d0636,24hb_2xT,24hb,2-2,D000:1479~D00L:6,native_native_far,D000:1479,D00L:6,"('h_XY_2_4', 56, 'FORWARD')","('h_XY_2_4', 57, 'REVERSE')",False,True,4.887703952277919,0.1391619573744098,0.0
fc12195d0636,24hb_2xT,24hb,2-2,D000:610~D01F:5,native_native_near_insert,D000:610,D01F:5,"('h_XY_3_5', 1, 'FORWARD')","('h_XY_3_5', 2, 'REVERSE')",False,True,5.406641138597279,0.13906438693198578,0.0
fc12195d0636,24hb_2xT,24hb,2-2,D000:1635~D00V:18,extra_native,D000:1635,D00V:18,"('h_XY_2_2', 78, 'FORWARD')",None,False,True,5.37874585774949,0.13874876847020312,0.0
fc12195d0636,24hb_2xT,24hb,2-2,D000:1359~D006:3,native_native_far,D000:1359,D006:3,"('h_XY_1_4', 59, 'REVERSE')","('h_XY_1_4', 58, 'FORWARD')",False,True,5.578947222948343,0.13872415263702992,0.0
fc12195d0636,24hb_2xT,24hb,2-2,D000:3444~D022:30,native_native_near_insert,D000:3444,D022:30,"('h_XY_0_2', 129, 'FORWARD')","('h_XY_0_2', 130, 'REVERSE')",False,True,5.807144791429927,0.13846126510476564,0.0
fc12195d0636,24hb_2xT,24hb,2-2,D000:1218~D00K:36,native_native_far,D000:1218,D00K:36,"('h_XY_1_2', 60, 'REVERSE')","('h_XY_1_2', 59, 'FORWARD')",False,True,5.284667255786595,0.13832642667974454,0.0
fc12195d0636,24hb_2xT,24hb,2-2,D000:493~D00S:2,native_native_far,D000:493,D00S:2,"('h_XY_2_6', 4, 'FORWARD')","('h_XY_2_6', 5, 'REVERSE')",False,True,5.697559158406186,0.13726398503994652,0.0
fc12195d0636,24hb_2xT,24hb,2-2,D000:1893~D01L:28,native_native_near_insert,D000:1893,D01L:28,"('h_XY_1_4', 113, 'REVERSE')","('h_XY_1_4', 112, 'FORWARD')",False,True,5.619260086345908,0.13711787339772644,0.0
fc12195d0636,24hb_2xT,24hb,2-2,D000:2151~D00E:23,native_native_near_insert,D000:2151,D00E:23,"('h_XY_1_1', 120, 'FORWARD')","('h_XY_1_1', 121, 'REVERSE')",False,True,4.601128482756693,0.1368448388322217,0.0
fc12195d0636,24hb_2xT,24hb,2-2,D002:46~D00V:9,extra_native,D002:46,D00V:9,"('h_XY_2_1', 76, 'FORWARD')",None,False,True,3.9618798861156286,0.13668268483772533,4.8
fc12195d0636,24hb_2xT,24hb,2-2,D000:2700~D017:5,native_native_near_insert,D000:2700,D017:5,"('h_XY_3_4', 82, 'REVERSE')","('h_XY_3_4', 81, 'FORWARD')",False,True,4.890029927063469,0.13668001105336294,0.0
fc12195d0636,24hb_2xT,24hb,2-2,D000:417~D01Z:30,native_native_far,D000:417,D01Z:30,"('h_XY_1_5', 62, 'FORWARD')","('h_XY_1_5', 63, 'REVERSE')",False,True,5.200943890229024,0.13654239982520022,0.0
fc12195d0636,24hb_2xT,24hb,2-2,D000:1498~D010:23,native_native_near_insert,D000:1498,D010:23,"('h_XY_2_3', 40, 'REVERSE')","('h_XY_2_3', 39, 'FORWARD')",False,True,5.698213445163771,0.13637021727805665,0.0
fc12195d0636,24hb_2xT,24hb,2-2,D000:1431~D01P:41,native_native_near_insert,D000:1431,D01P:41,"('h_XY_2_4', 8, 'FORWARD')","('h_XY_2_4', 9, 'REVERSE')",False,True,5.766868911735585,0.13509314441751719,0.0
fc12195d0636,24hb_2xT,24hb,2-2,D000:110~D01O:5,native_native_near_insert,D000:110,D01O:5,"('h_XY_0_2', 29, 'FORWARD')","('h_XY_0_2', 30, 'REVERSE')",False,True,4.860735530296301,0.13506713127230438,0.0
fc12195d0636,24hb_2xT,24hb,2-2,D000:2947~D00N:5,native_native_near_insert,D000:2947,D00N:5,"('h_XY_2_6', 106, 'FORWARD')","('h_XY_2_6', 107, 'REVERSE')",False,True,4.793798880094942,0.13481136205823138,0.0
fc12195d0636,24hb_2xT,24hb,2-2,D000:2736~D006:48,native_native_far,D000:2736,D006:48,"('h_XY_3_5', 69, 'FORWARD')","('h_XY_3_5', 70, 'REVERSE')",False,True,4.957433430985333,0.1342150809672859,0.0
fc12195d0636,24hb_2xT,24hb,2-2,D000:1715~D01K:36,extra_native,D000:1715,D01K:36,"('h_XY_2_3', 117, 'REVERSE')",None,False,True,5.549298665262311,0.1336766214038362,0.0
fc12195d0636,24hb_2xT,24hb,2-2,D000:2681~D018:3,native_native_far,D000:2681,D018:3,"('h_XY_3_4', 101, 'REVERSE')","('h_XY_3_4', 100, 'FORWARD')",False,True,5.8684001127627985,0.13355987538629469,0.0
fc12195d0636,24hb_2xT,24hb,2-2,D000:2270~D00G:6,native_native_near_insert,D000:2270,D00G:6,"('h_XY_2_0', 77, 'FORWARD')","('h_XY_2_0', 78, 'REVERSE')",False,True,4.218166472260427,0.1332179536404689,0.0
fc12195d0636,24hb_2xT,24hb,2-2,D000:2998~D00D:6,native_native_near_insert,D000:2998,D00D:6,"('h_XY_1_6', 132, 'REVERSE')","('h_XY_1_6', 131, 'FORWARD')",False,True,4.538540884715569,0.13306716358218154,0.0
fc12195d0636,24hb_2xT,24hb,2-2,D000:3404~D020:28,native_native_near_insert,D000:3404,D020:28,"('h_XY_0_2', 89, 'FORWARD')","('h_XY_0_2', 90, 'REVERSE')",False,True,5.9822936961405455,0.13297648750282312,0.0
fc12195d0636,24hb_2xT,24hb,2-2,D005:26~D011:17,designed_extra_extra,D005:26,D011:17,None,None,True,True,3.6565998389982783,0.1314177473988995,7.199999999999999
fc12195d0636,24hb_2xT,24hb,2-2,D016:10~D01D:28,native_native_near_insert,D016:10,D01D:28,"('h_XY_3_5', 41, 'REVERSE')","('h_XY_3_5', 42, 'REVERSE')",False,True,3.5436558651894154,0.13132832223748792,13.200000000000001
fc12195d0636,24hb_2xT,24hb,2-2,D000:3277~D01R:2,native_native_far,D000:3277,D01R:2,"('h_XY_0_4', 116, 'FORWARD')","('h_XY_0_4', 117, 'REVERSE')",False,True,5.798515918362897,0.13002164391392257,0.0
fc12195d0636,24hb_2xT,24hb,2-2,D000:1065~D00H:14,native_native_near_insert,D000:1065,D00H:14,"('h_XY_2_0', 48, 'FORWARD')","('h_XY_2_0', 49, 'REVERSE')",False,True,5.957675381869427,0.13000318875223343,0.0
fc12195d0636,24hb_2xT,24hb,2-2,D00O:9~D017:26,designed_extra_extra,D00O:9,D017:26,None,None,True,True,4.356558384317258,0.12858917522392785,0.2
fc12195d0636,24hb_2xT,24hb,2-2,D000:2319~D00M:60,native_native_far,D000:2319,D00M:60,"('h_XY_2_0', 126, 'FORWARD')","('h_XY_2_0', 127, 'REVERSE')",False,True,4.18889060943611,0.12832677982162538,0.0
fc12195d0636,24hb_2xT,24hb,2-2,D000:939~D00H:26,native_native_far,D000:939,D00H:26,"('h_XY_2_1', 59, 'REVERSE')","('h_XY_2_1', 58, 'FORWARD')",False,True,5.364077283164267,0.1275988674823058,0.0
fc12195d0636,24hb_2xT,24hb,2-2,D000:3428~D01L:5,native_native_near_insert,D000:3428,D01L:5,"('h_XY_0_2', 113, 'FORWARD')","('h_XY_0_2', 114, 'REVERSE')",False,True,4.268440391423751,0.12712975159323678,0.0
fc12195d0636,24hb_2xT,24hb,2-2,D00C:8~D01R:26,designed_extra_extra,D00C:8,D01R:26,None,None,True,True,3.728020745006447,0.12711668858296843,2.4
fc12195d0636,24hb_2xT,24hb,2-2,D01M:8~D020:27,designed_extra_extra,D01M:8,D020:27,None,None,True,False,,0.12675535289444534,0.0
fc12195d0636,24hb_2xT,24hb,2-2,D00R:45~D00Z:17,designed_extra_extra,D00R:45,D00Z:17,None,None,True,True,5.663856120480887,0.12542706014421837,0.0
fc12195d0636,24hb_2xT,24hb,2-2,D00S:53~D023:19,extra_native,D00S:53,D023:19,None,"('h_XY_2_1', 7, 'FORWARD')",False,True,3.62167170218376,0.12502519023768616,9.0
fc12195d0636,24hb_2xT,24hb,2-2,D000:2523~D012:1,native_native_far,D000:2523,D012:1,"('h_XY_3_2', 99, 'REVERSE')","('h_XY_3_2', 98, 'FORWARD')",False,True,5.356448545646213,0.12454783928940537,0.0
fc12195d0636,24hb_2xT,24hb,2-2,D000:510~D00Q:6,native_native_near_insert,D000:510,D00Q:6,"('h_XY_2_6', 21, 'FORWARD')","('h_XY_2_6', 22, 'REVERSE')",False,True,4.1061901110751835,0.12390818302081923,0.0
fc12195d0636,24hb_2xT,24hb,2-2,D000:3046~D017:43,native_native_far,D000:3046,D017:43,"('h_XY_1_6', 84, 'REVERSE')","('h_XY_1_6', 83, 'FORWARD')",False,True,4.306717674626848,0.12362661885005696,0.0
fc12195d0636,24hb_2xT,24hb,2-2,D016:8~D01D:28,extra_native,D016:8,D01D:28,None,"('h_XY_3_5', 42, 'REVERSE')",False,True,3.492916679167514,0.12238532553821432,12.0
fc12195d0636,24hb_2xT,24hb,2-2,D000:1044~D001:16,native_native_near_insert,D000:1044,D001:16,"('h_XY_2_0', 27, 'FORWARD')","('h_XY_2_0', 28, 'REVERSE')",False,True,4.503368069831819,0.121879076158629,0.0
fc12195d0636,24hb_2xT,24hb,2-2,D000:2945~D00N:7,native_native_near_insert,D000:2945,D00N:7,"('h_XY_2_6', 104, 'FORWARD')","('h_XY_2_6', 105, 'REVERSE')",False,True,5.477209092299396,0.12170997120615192,0.0
fc12195d0636,24hb_2xT,24hb,2-2,D000:1369~D009:25,native_native_near_insert,D000:1369,D009:25,"('h_XY_1_4', 49, 'REVERSE')","('h_XY_1_4', 48, 'FORWARD')",False,True,4.0749004908063435,0.11873651347330576,0.0
fc12195d0636,24hb_2xT,24hb,2-2,D00Y:53~D01X:16,extra_native,D00Y:53,D01X:16,None,"('h_XY_0_4', 21, 'REVERSE')",False,True,3.5293720431654036,0.11802218297804823,8.0
fc12195d0636,24hb_2xT,24hb,2-2,D004:7~D00E:9,extra_native,D004:7,D00E:9,"('h_XY_1_0', 118, 'FORWARD')",None,False,True,4.544949656518132,0.11738115434229869,0.0
fc12195d0636,24hb_2xT,24hb,2-2,D016:9~D01D:28,extra_native,D016:9,D01D:28,None,"('h_XY_3_5', 42, 'REVERSE')",False,True,3.731943405092115,0.11706492257769156,0.8
fc12195d0636,24hb_2xT,24hb,2-2,D000:2585~D011:14,native_native_near_insert,D000:2585,D011:14,"('h_XY_3_3', 78, 'FORWARD')","('h_XY_3_3', 79, 'REVERSE')",False,True,5.482780631687839,0.11650805461412948,0.0
fc12195d0636,24hb_2xT,24hb,2-2,D006:22~D011:35,designed_extra_extra,D006:22,D011:35,None,None,True,True,3.7632641995958336,0.11619195989234476,3.2
fc12195d0636,24hb_2xT,24hb,2-2,D000:3103~D012:47,native_native_near_insert,D000:3103,D012:47,"('h_XY_1_5', 102, 'FORWARD')","('h_XY_1_5', 103, 'REVERSE')",False,True,4.1351326364889465,0.11594388294517202,0.0
fc12195d0636,24hb_2xT,24hb,2-2,D000:652~D01D:26,native_native_near_insert,D000:652,D01D:26,"('h_XY_3_5', 43, 'FORWARD')","('h_XY_3_5', 44, 'REVERSE')",False,True,4.708731750587048,0.11578952732987371,0.0
fc12195d0636,24hb_2xT,24hb,2-2,D01L:7~D021:27,extra_native,D01L:7,D021:27,"('h_XY_0_2', 112, 'REVERSE')",None,False,True,3.5538477175544627,0.11559680271503812,12.8
fc12195d0636,24hb_2xT,24hb,2-2,D000:1199~D01H:14,native_native_near_insert,D000:1199,D01H:14,"('h_XY_1_1', 50, 'FORWARD')","('h_XY_1_1', 51, 'REVERSE')",False,True,4.361759763053821,0.11441048969774564,0.0
fc12195d0636,24hb_2xT,24hb,2-2,D018:34~D01S:36,extra_native,D018:34,D01S:36,"('h_XY_2_6', 98, 'REVERSE')",None,False,True,4.279257643381669,0.1117850948677892,0.8
fc12195d0636,24hb_2xT,24hb,2-2,D00B:8~D01S:28,extra_native,D00B:8,D01S:28,None,"('h_XY_1_6', 91, 'FORWARD')",False,True,5.731783174451367,0.10930276710884575,0.0
fc12195d0636,24hb_2xT,24hb,2-2,D000:2317~D00E:1,native_native_far,D000:2317,D00E:1,"('h_XY_2_0', 124, 'FORWARD')","('h_XY_2_0', 125, 'REVERSE')",False,True,4.020865350740729,0.10923144871824739,0.0
fc12195d0636,24hb_2xT,24hb,2-2,D005:26~D011:18,designed_extra_extra,D005:26,D011:18,None,None,True,False,,0.10889293681122382,0.0
fc12195d0636,24hb_2xT,24hb,2-2,D000:1139~D007:54,extra_native,D000:1139,D007:54,"('h_XY_1_0', -1, 'REVERSE')",None,False,True,4.032479010095653,0.10880384181337964,0.2
fc12195d0636,24hb_2xT,24hb,2-2,D000:986~D023:23,native_native_near_insert,D000:986,D023:23,"('h_XY_2_1', 12, 'REVERSE')","('h_XY_2_1', 11, 'FORWARD')",False,True,5.02660023265269,0.10876703210790858,0.0
fc12195d0636,24hb_2xT,24hb,2-2,D000:1729~D012:18,extra_native,D000:1729,D012:18,"('h_XY_2_3', 103, 'REVERSE')",None,False,True,5.70471428563125,0.10873356750116592,0.0
fc12195d0636,24hb_2xT,24hb,2-2,D000:1260~D00Y:27,extra_native,D000:1260,D00Y:27,"('h_XY_1_2', 18, 'REVERSE')",None,False,True,5.285574588764385,0.10737299063892174,0.0
fc12195d0636,24hb_2xT,24hb,2-2,D000:525~D016:27,extra_native,D000:525,D016:27,"('h_XY_2_6', 36, 'FORWARD')",None,False,True,5.058033426193201,0.1071827115844078,0.0
fc12195d0636,24hb_2xT,24hb,2-2,D000:1539~D00S:27,extra_native,D000:1539,D00S:27,"('h_XY_2_3', -1, 'REVERSE')",None,False,True,3.46193194258623,0.10638759940315604,5.2
fc12195d0636,24hb_2xT,24hb,2-2,D01M:8~D020:26,designed_extra_extra,D01M:8,D020:26,None,None,True,False,,0.10574702509959838,0.0
fc12195d0636,24hb_2xT,24hb,2-2,D000:1731~D012:18,extra_native,D000:1731,D012:18,"('h_XY_2_3', 101, 'REVERSE')",None,False,True,5.19157317329717,0.1053666556095603,0.0
fc12195d0636,24hb_2xT,24hb,2-2,D000:3197~D01S:11,native_native_near_insert,D000:3197,D01S:11,"('h_XY_0_5', 93, 'REVERSE')","('h_XY_0_5', 92, 'FORWARD')",False,True,4.463544991030279,0.10499864240015346,0.0
fc12195d0636,24hb_2xT,24hb,2-2,D000:649~D016:10,native_native_near_insert,D000:649,D016:10,"('h_XY_3_5', 40, 'FORWARD')","('h_XY_3_5', 41, 'REVERSE')",False,True,3.9163375001900738,0.10217200469620843,0.0
fc12195d0636,24hb_2xT,24hb,2-2,D000:3157~D022:9,extra_native,D000:3157,D022:9,"('h_XY_0_5', 133, 'REVERSE')",None,False,True,3.6375811098720883,0.09971412296651401,7.6
fc12195d0636,24hb_2xT,24hb,2-2,D00B:8~D01S:26,designed_extra_extra,D00B:8,D01S:26,None,None,True,True,4.391827270125439,0.09925212558644189,0.6
fc12195d0636,24hb_2xT,24hb,2-2,D000:1385~D01O:32,native_native_near_insert,D000:1385,D01O:32,"('h_XY_1_4', 33, 'REVERSE')","('h_XY_1_4', 32, 'FORWARD')",False,True,4.239960605542856,0.09863722683484313,0.0
fc12195d0636,24hb_2xT,24hb,2-2,D000:1026~D023:9,extra_native,D000:1026,D023:9,"('h_XY_2_0', 9, 'FORWARD')",None,False,True,5.437161923075984,0.09722839572227662,0.0
fc12195d0636,24hb_2xT,24hb,2-2,D00E:26~D01K:8,designed_extra_extra,D00E:26,D01K:8,None,None,True,True,3.272544486059216,0.09702565401334358,8.0
fc12195d0636,24hb_2xT,24hb,2-2,D000:3311~D022:25,native_native_near_insert,D000:3311,D022:25,"('h_XY_0_3', 133, 'REVERSE')","('h_XY_0_3', 132, 'FORWARD')",False,True,4.078813872681407,0.09641571878261522,0.0
fc12195d0636,24hb_2xT,24hb,2-2,D000:1026~D023:13,native_native_far,D000:1026,D023:13,"('h_XY_2_0', 9, 'FORWARD')","('h_XY_2_0', 10, 'REVERSE')",False,True,4.070703204461967,0.0958773976822526,0.0
fc12195d0636,24hb_2xT,24hb,2-2,D00M:27~D013:25,extra_native,D00M:27,D013:25,None,"('h_XY_2_3', 125, 'FORWARD')",False,True,3.8679579007764766,0.09507031630030979,0.6
fc12195d0636,24hb_2xT,24hb,2-2,D00Y:53~D01X:18,designed_extra_extra,D00Y:53,D01X:18,None,None,True,True,5.325996005232805,0.09408676022689294,0.0
fc12195d0636,24hb_2xT,24hb,2-2,D00Q:8~D015:26,designed_extra_extra,D00Q:8,D015:26,None,None,True,True,3.446016766578064,0.09407132812478687,9.4
fc12195d0636,24hb_2xT,24hb,2-2,D000:1664~D00N:36,extra_native,D000:1664,D00N:36,"('h_XY_2_2', 107, 'FORWARD')",None,False,True,5.06203737551496,0.09259708337154822,0.0
fc12195d0636,24hb_2xT,24hb,2-2,D000:3086~D011:45,extra_native,D000:3086,D011:45,"('h_XY_1_5', 85, 'FORWARD')",None,False,True,4.781101277572909,0.09126552783051636,0.0
fc12195d0636,24hb_2xT,24hb,2-2,D000:1929~D006:21,native_native_near_insert,D000:1929,D006:21,"('h_XY_1_4', 77, 'REVERSE')","('h_XY_1_4', 76, 'FORWARD')",False,True,5.6785664683382215,0.09039351886571848,0.0
fc12195d0636,24hb_2xT,24hb,2-2,D000:1281~D007:35,extra_native,D000:1281,D007:35,"('h_XY_1_2', -3, 'REVERSE')",None,False,True,3.3798708379900395,0.09023022906789545,5.4
fc12195d0636,24hb_2xT,24hb,2-2,D000:2151~D00E:18,extra_native,D000:2151,D00E:18,"('h_XY_1_1', 120, 'FORWARD')",None,False,True,4.8048135910628895,0.08983045792265656,0.0
fc12195d0636,24hb_2xT,24hb,2-2,D000:1199~D01H:9,extra_native,D000:1199,D01H:9,"('h_XY_1_1', 50, 'FORWARD')",None,False,True,5.198717605540413,0.0896551951058121,0.0
fc12195d0636,24hb_2xT,24hb,2-2,D007:27~D01P:26,designed_extra_extra,D007:27,D01P:26,None,None,True,False,,0.08932420245707828,0.0
fc12195d0636,24hb_2xT,24hb,2-2,D01P:8~D01W:26,designed_extra_extra,D01P:8,D01W:26,None,None,True,True,4.381172654726915,0.08875140589479513,0.4
fc12195d0636,24hb_2xT,24hb,2-2,D000:1024~D023:17,extra_native,D000:1024,D023:17,"('h_XY_2_0', 7, 'FORWARD')",None,False,True,5.468467989050771,0.088408854798198,0.0
fc12195d0636,24hb_2xT,24hb,2-2,D000:436~D01T:48,extra_native,D000:436,D01T:48,"('h_XY_1_6', 48, 'REVERSE')",None,False,True,4.155791906059107,0.08805047488066195,0.0
fc12195d0636,24hb_2xT,24hb,2-2,D00Z:35~D01P:35,designed_extra_extra,D00Z:35,D01P:35,None,None,True,True,4.218130755177086,0.08779630014176311,0.4
fc12195d0636,24hb_2xT,24hb,2-2,D000:265~D01Y:9,extra_native,D000:265,D01Y:9,"('h_XY_0_4', 44, 'FORWARD')",None,False,True,4.872500311208299,0.08775168616815293,0.0
fc12195d0636,24hb_2xT,24hb,2-2,D000:1838~D013:27,extra_native,D000:1838,D013:27,"('h_XY_2_4', 121, 'FORWARD')",None,False,True,5.135736805857387,0.08678731374521445,0.0
fc12195d0636,24hb_2xT,24hb,2-2,D004:8~D00E:8,designed_extra_extra,D004:8,D00E:8,None,None,True,True,3.5320602418949214,0.08576489406190761,2.1999999999999997
fc12195d0636,24hb_2xT,24hb,2-2,D000:2498~D013:5,native_native_near_insert,D000:2498,D013:5,"('h_XY_3_2', 124, 'REVERSE')","('h_XY_3_2', 123, 'FORWARD')",False,True,4.402980997355397,0.08559102373803112,0.0
fc12195d0636,24hb_2xT,24hb,2-2,D019:8~D01A:9,designed_extra_extra,D019:8,D01A:9,None,None,True,False,,0.08431469761361865,0.0
fc12195d0636,24hb_2xT,24hb,2-2,D000:3167~D013:54,extra_native,D000:3167,D013:54,"('h_XY_0_5', 123, 'REVERSE')",None,False,True,5.192090433061449,0.08375159625760317,0.0
fc12195d0636,24hb_2xT,24hb,2-2,D004:8~D00E:9,designed_extra_extra,D004:8,D00E:9,None,None,True,True,5.626714952098423,0.08254115855834578,0.0
fc12195d0636,24hb_2xT,24hb,2-2,D011:9~D01C:26,designed_extra_extra,D011:9,D01C:26,None,None,True,False,,0.08245306250602522,0.0
fc12195d0636,24hb_2xT,24hb,2-2,D00V:54~D020:17,designed_extra_extra,D00V:54,D020:17,None,None,True,True,4.256690825454584,0.08211667305924601,0.4
fc12195d0636,24hb_2xT,24hb,2-2,D000:3035~D01S:27,extra_native,D000:3035,D01S:27,"('h_XY_1_6', 95, 'REVERSE')",None,False,True,5.880518405900438,0.08158063122795675,0.0
fc12195d0636,24hb_2xT,24hb,2-2,D008:8~D01U:26,designed_extra_extra,D008:8,D01U:26,None,None,True,False,,0.08103602195894194,0.0
fc12195d0636,24hb_2xT,24hb,2-2,D00X:26~D01G:27,designed_extra_extra,D00X:26,D01G:27,None,None,True,True,4.613777999000154,0.08103528321236776,0.0
fc12195d0636,24hb_2xT,24hb,2-2,D000:2485~D01A:35,extra_native,D000:2485,D01A:35,"('h_XY_3_2', 137, 'REVERSE')",None,False,True,4.936399713309041,0.08095983991359534,0.0
fc12195d0636,24hb_2xT,24hb,2-2,D00O:45~D00V:17,designed_extra_extra,D00O:45,D00V:17,None,None,True,True,4.378674547118547,0.08048087911437506,0.2
fc12195d0636,24hb_2xT,24hb,2-2,D00P:42~D01H:36,designed_extra_extra,D00P:42,D01H:36,None,None,True,True,4.675268884558185,0.08041836251490557,0.0
fc12195d0636,24hb_2xT,24hb,2-2,D01R:8~D021:8,designed_extra_extra,D01R:8,D021:8,None,None,True,True,5.5993551067687335,0.07943210294596659,0.0
fc12195d0636,24hb_2xT,24hb,2-2,D000:1225~D01H:18,extra_native,D000:1225,D01H:18,"('h_XY_1_2', 53, 'REVERSE')",None,False,True,4.601630533879254,0.07905777649908406,0.0
fc12195d0636,24hb_2xT,24hb,2-2,D013:17~D01K:45,designed_extra_extra,D013:17,D01K:45,None,None,True,False,,0.07863147724356433,0.0
fc12195d0636,24hb_2xT,24hb,2-2,D00U:24~D01J:27,extra_native,D00U:24,D01J:27,"('h_XY_2_2', 99, 'REVERSE')",None,False,True,4.544057119343825,0.07844637688141111,0.0
fc12195d0636,24hb_2xT,24hb,2-2,D00B:9~D01S:26,designed_extra_extra,D00B:9,D01S:26,None,None,True,True,3.661840425837575,0.0781218236845253,2.6
fc12195d0636,24hb_2xT,24hb,2-2,D00M:26~D013:26,designed_extra_extra,D00M:26,D013:26,None,None,True,True,3.7809086526831517,0.07713989206514814,2.6
fc12195d0636,24hb_2xT,24hb,2-2,D00C:18~D012:44,designed_extra_extra,D00C:18,D012:44,None,None,True,False,,0.07710540155188582,0.0
fc12195d0636,24hb_2xT,24hb,2-2,D004:9~D00E:8,designed_extra_extra,D004:9,D00E:8,None,None,True,True,4.476674229391217,0.07612134254119376,0.2
fc12195d0636,24hb_2xT,24hb,2-2,D013:35~D01L:36,designed_extra_extra,D013:35,D01L:36,None,None,True,False,,0.07611746043729341,0.0
fc12195d0636,24hb_2xT,24hb,2-2,D01P:9~D01W:26,designed_extra_extra,D01P:9,D01W:26,None,None,True,False,,0.07482159894420823,0.0
fc12195d0636,24hb_2xT,24hb,2-2,D00P:42~D01H:35,designed_extra_extra,D00P:42,D01H:35,None,None,True,True,4.271048885680776,0.07459047327223395,0.0
fc12195d0636,24hb_2xT,24hb,2-2,D000:1706~D013:25,native_native_near_insert,D000:1706,D013:25,"('h_XY_2_3', 126, 'REVERSE')","('h_XY_2_3', 125, 'FORWARD')",False,True,4.264821596000959,0.07351152685342345,0.0
fc12195d0636,24hb_2xT,24hb,2-2,D000:1702~D00M:27,extra_native,D000:1702,D00M:27,"('h_XY_2_3', 130, 'REVERSE')",None,False,True,4.712843067540453,0.07350876287054958,0.0
fc12195d0636,24hb_2xT,24hb,2-2,D003:26~D00U:8,designed_extra_extra,D003:26,D00U:8,None,None,True,True,3.434928583479168,0.07332561090310875,0.2
fc12195d0636,24hb_2xT,24hb,2-2,D006:31~D00L:39,designed_extra_extra,D006:31,D00L:39,None,None,True,True,4.308038616085966,0.07218044582360092,0.0
fc12195d0636,24hb_2xT,24hb,2-2,D000:1385~D01O:26,extra_native,D000:1385,D01O:26,"('h_XY_1_4', 33, 'REVERSE')",None,False,True,5.018123705108468,0.07171338178233015,0.0
fc12195d0636,24hb_2xT,24hb,2-2,D000:2184~D00D:54,extra_native,D000:2184,D00D:54,"('h_XY_1_0', 130, 'REVERSE')",None,False,True,5.4932688951165725,0.07118666735015969,0.0
fc12195d0636,24hb_2xT,24hb,2-2,D000:1817~D012:27,extra_native,D000:1817,D012:27,"('h_XY_2_4', 100, 'FORWARD')",None,False,True,5.288854977966929,0.07113942513807722,0.0
fc12195d0636,24hb_2xT,24hb,2-2,D005:19~D00K:15,extra_native,D005:19,D00K:15,"('h_XY_2_3', 70, 'FORWARD')",None,False,True,3.589379660686442,0.07059240186234603,5.800000000000001
fc12195d0636,24hb_2xT,24hb,2-2,D000:2471~D00T:1,native_native_far,D000:2471,D00T:1,"('h_XY_3_1', 124, 'FORWARD')","('h_XY_3_1', 125, 'REVERSE')",False,True,3.6384264220092093,0.07052506434649965,0.2
fc12195d0636,24hb_2xT,24hb,2-2,D000:1113~D008:54,extra_native,D000:1113,D008:54,"('h_XY_1_0', 25, 'REVERSE')",None,False,True,5.400376671724012,0.0701388567014535,0.0
fc12195d0636,24hb_2xT,24hb,2-2,D000:3121~D013:45,extra_native,D000:3121,D013:45,"('h_XY_1_5', 120, 'FORWARD')",None,False,True,5.34900418978345,0.06949969546307955,0.0
fc12195d0636,24hb_2xT,24hb,2-2,D00N:9~D018:26,designed_extra_extra,D00N:9,D018:26,None,None,True,False,,0.06944468804629549,0.0
fc12195d0636,24hb_2xT,24hb,2-2,D01S:8~D020:8,designed_extra_extra,D01S:8,D020:8,None,None,True,True,3.610583167725321,0.06929629965000696,5.0
fc12195d0636,24hb_2xT,24hb,2-2,D008:18~D00Z:44,designed_extra_extra,D008:18,D00Z:44,None,None,True,True,5.992899232062301,0.0689294568275088,0.0
fc12195d0636,24hb_2xT,24hb,2-2,D000:2433~D01C:36,extra_native,D000:2433,D01C:36,"('h_XY_3_1', 86, 'FORWARD')",None,False,True,5.92207418331378,0.06882723188536607,0.0
fc12195d0636,24hb_2xT,24hb,2-2,D008:17~D00Z:44,designed_extra_extra,D008:17,D00Z:44,None,None,True,True,4.937396185131281,0.06856100186361978,0.0
fc12195d0636,24hb_2xT,24hb,2-2,D011:7~D01C:26,extra_native,D011:7,D01C:26,"('h_XY_3_2', 83, 'FORWARD')",None,False,True,5.448255467835903,0.06792891716080639,0.0
fc12195d0636,24hb_2xT,24hb,2-2,D006:21~D011:36,extra_native,D006:21,D011:36,"('h_XY_1_4', 76, 'FORWARD')",None,False,True,3.5183540939550246,0.06747059420116011,9.8
fc12195d0636,24hb_2xT,24hb,2-2,D000:1671~D01K:27,extra_native,D000:1671,D01K:27,"('h_XY_2_2', 114, 'FORWARD')",None,False,True,5.038635851217635,0.06743031488093734,0.0
fc12195d0636,24hb_2xT,24hb,2-2,D013:17~D01K:44,designed_extra_extra,D013:17,D01K:44,None,None,True,False,,0.06689784360254304,0.0
fc12195d0636,24hb_2xT,24hb,2-2,D00C:54~D00F:16,extra_native,D00C:54,D00F:16,None,"('h_XY_1_0', 104, 'FORWARD')",False,True,5.953843025551754,0.06653665795458803,0.0
fc12195d0636,24hb_2xT,24hb,2-2,D000:3320~D00T:45,extra_native,D000:3320,D00T:45,"('h_XY_0_3', 124, 'REVERSE')",None,False,True,5.142907720809053,0.06622539716676679,0.0
fc12195d0636,24hb_2xT,24hb,2-2,D000:2029~D00D:36,extra_native,D000:2029,D00D:36,"('h_XY_1_2', 131, 'REVERSE')",None,False,True,5.404167165938455,0.06601301767266977,0.0
fc12195d0636,24hb_2xT,24hb,2-2,D000:3509~D020:36,extra_native,D000:3509,D020:36,"('h_XY_0_1', 89, 'REVERSE')",None,False,True,5.449960513578035,0.06581028654327475,0.0
fc12195d0636,24hb_2xT,24hb,2-2,D008:9~D01U:26,designed_extra_extra,D008:9,D01U:26,None,None,True,False,,0.06570337792200175,0.0
fc12195d0636,24hb_2xT,24hb,2-2,D000:2420~D002:48,extra_native,D000:2420,D002:48,"('h_XY_3_1', 73, 'FORWARD')",None,False,True,5.311405667712386,0.06568816318557284,0.0
fc12195d0636,24hb_2xT,24hb,2-2,D000:2454~D01B:36,extra_native,D000:2454,D01B:36,"('h_XY_3_1', 107, 'FORWARD')",None,False,True,5.675293695472265,0.06515916319189552,0.0
fc12195d0636,24hb_2xT,24hb,2-2,D008:27~D01O:26,designed_extra_extra,D008:27,D01O:26,None,None,True,False,,0.06444812169368046,0.0
fc12195d0636,24hb_2xT,24hb,2-2,D000:2453~D01B:36,extra_native,D000:2453,D01B:36,"('h_XY_3_1', 106, 'FORWARD')",None,False,True,5.491192428104253,0.06417661620577003,0.0
fc12195d0636,24hb_2xT,24hb,2-2,D000:580~D00Q:9,extra_native,D000:580,D00Q:9,"('h_XY_2_5', 24, 'REVERSE')",None,False,True,5.76449978091256,0.06360477598953312,0.0
fc12195d0636,24hb_2xT,24hb,2-2,D016:8~D01D:30,designed_extra_extra,D016:8,D01D:30,None,None,True,True,3.58734733292217,0.06355835820103467,6.4
fc12195d0636,24hb_2xT,24hb,2-2,D006:32~D00L:38,designed_extra_extra,D006:32,D00L:38,None,None,True,True,4.446818445285546,0.06319066490503215,0.0
fc12195d0636,24hb_2xT,24hb,2-2,D000:1527~D00R:36,extra_native,D000:1527,D00R:36,"('h_XY_2_3', 11, 'REVERSE')",None,False,True,5.499727733832635,0.06309776011774088,0.0
fc12195d0636,24hb_2xT,24hb,2-2,D004:25~D00T:9,extra_native,D004:25,D00T:9,"('h_XY_2_1', 118, 'FORWARD')",None,False,True,4.73621284206036,0.06298778489284984,0.0
fc12195d0636,24hb_2xT,24hb,2-2,D009:9~D01T:46,extra_native,D009:9,D01T:46,None,"('h_XY_1_5', 49, 'REVERSE')",False,True,5.126932633637169,0.06275132169201407,0.0
fc12195d0636,24hb_2xT,24hb,2-2,D00O:36~D01J:35,designed_extra_extra,D00O:36,D01J:35,None,None,True,True,4.445401862733804,0.062213771304206064,0.0
fc12195d0636,24hb_2xT,24hb,2-2,D00Y:54~D01X:16,extra_native,D00Y:54,D01X:16,None,"('h_XY_0_4', 21, 'REVERSE')",False,True,4.914285723271077,0.0612762783010073,0.0
fc12195d0636,24hb_2xT,24hb,2-2,D00B:8~D01S:27,designed_extra_extra,D00B:8,D01S:27,None,None,True,False,,0.061036656128998126,0.0
fc12195d0636,24hb_2xT,24hb,2-2,D000:2344~D00T:8,extra_native,D000:2344,D00T:8,"('h_XY_2_1', 124, 'REVERSE')",None,False,True,5.142306154660984,0.06095580321839942,0.0
fc12195d0636,24hb_2xT,24hb,2-2,D019:9~D01A:9,designed_extra_extra,D019:9,D01A:9,None,None,True,True,4.119592043505265,0.06072817591027221,0.4
fc12195d0636,24hb_2xT,24hb,2-2,D019:9~D01A:8,designed_extra_extra,D019:9,D01A:8,None,None,True,False,,0.060649502844432726,0.0
fc12195d0636,24hb_2xT,24hb,2-2,D00O:35~D01J:36,designed_extra_extra,D00O:35,D01J:36,None,None,True,True,4.394549035466814,0.060588798137404476,0.0
fc12195d0636,24hb_2xT,24hb,2-2,D000:1816~D012:27,extra_native,D000:1816,D012:27,"('h_XY_2_4', 99, 'FORWARD')",None,False,True,5.477352106243464,0.06025093507581157,0.0
fc12195d0636,24hb_2xT,24hb,2-2,D000:3088~D00B:9,extra_native,D000:3088,D00B:9,"('h_XY_1_5', 87, 'FORWARD')",None,False,True,5.455064399956909,0.05997381317709419,0.0
fc12195d0636,24hb_2xT,24hb,2-2,D008:17~D00Z:45,designed_extra_extra,D008:17,D00Z:45,None,None,True,False,,0.05992508275920356,0.0
fc12195d0636,24hb_2xT,24hb,2-2,D000:3106~D00C:15,native_native_near_insert,D000:3106,D00C:15,"('h_XY_1_5', 105, 'FORWARD')","('h_XY_1_5', 106, 'REVERSE')",False,True,4.120893543504112,0.05979882528046255,0.0
fc12195d0636,24hb_2xT,24hb,2-2,D004:18~D00N:54,designed_extra_extra,D004:18,D00N:54,None,None,True,True,4.5899278703268145,0.0594237725966186,0.0
fc12195d0636,24hb_2xT,24hb,2-2,D000:1453~D01O:36,extra_native,D000:1453,D01O:36,"('h_XY_2_4', 30, 'FORWARD')",None,False,True,5.070292692598533,0.05905339444857746,0.0
fc12195d0636,24hb_2xT,24hb,2-2,D000:2183~D00D:54,extra_native,D000:2183,D00D:54,"('h_XY_1_0', 131, 'REVERSE')",None,False,True,5.842959920175689,0.05878443873942264,0.0
fc12195d0636,24hb_2xT,24hb,2-2,D000:3197~D01S:9,extra_native,D000:3197,D01S:9,"('h_XY_0_5', 93, 'REVERSE')",None,False,True,4.329957380276046,0.05878310053378227,0.0
fc12195d0636,24hb_2xT,24hb,2-2,D00C:26~D01L:26,designed_extra_extra,D00C:26,D01L:26,None,None,True,True,4.647284197212081,0.05873038229108067,0.0
fc12195d0636,24hb_2xT,24hb,2-2,D000:2160~D00D:44,extra_native,D000:2160,D00D:44,"('h_XY_1_1', 129, 'FORWARD')",None,False,True,5.168203556386727,0.05848695989091588,0.0
fc12195d0636,24hb_2xT,24hb,2-2,D000:1729~D012:17,extra_native,D000:1729,D012:17,"('h_XY_2_3', 103, 'REVERSE')",None,False,True,5.075470346620972,0.05843292196599899,0.0
fc12195d0636,24hb_2xT,24hb,2-2,D000:1245~D01G:18,extra_native,D000:1245,D01G:18,"('h_XY_1_2', 33, 'REVERSE')",None,False,True,5.780648775730897,0.05811032847168787,0.0
fc12195d0636,24hb_2xT,24hb,2-2,D000:1023~D023:17,extra_native,D000:1023,D023:17,"('h_XY_2_0', 6, 'FORWARD')",None,False,True,5.126442260461782,0.05729564663994876,0.0
fc12195d0636,24hb_2xT,24hb,2-2,D000:1839~D013:27,extra_native,D000:1839,D013:27,"('h_XY_2_4', 122, 'FORWARD')",None,False,True,5.266738678879421,0.05674180532303171,0.0
fc12195d0636,24hb_2xT,24hb,2-2,D00X:42~D01O:18,extra_native,D00X:42,D01O:18,"('h_XY_1_3', 36, 'REVERSE')",None,False,True,5.011207598066603,0.05663291870708066,0.0
fc12195d0636,24hb_2xT,24hb,2-2,D000:2145~D01K:9,extra_native,D000:2145,D01K:9,"('h_XY_1_1', 114, 'FORWARD')",None,False,True,5.227210062312884,0.05636056146430782,0.0
fc12195d0636,24hb_2xT,24hb,2-2,D000:1689~D00M:36,extra_native,D000:1689,D00M:36,"('h_XY_2_2', 132, 'FORWARD')",None,False,True,4.89521039700652,0.055461415941604024,0.0
fc12195d0636,24hb_2xT,24hb,2-2,D000:2803~D01A:18,extra_native,D000:2803,D01A:18,"('h_XY_3_5', 136, 'FORWARD')",None,False,True,3.8078971513836413,0.055002595593148365,5.4
fc12195d0636,24hb_2xT,24hb,2-2,D000:1311~D008:26,extra_native,D000:1311,D008:26,"('h_XY_1_3', 22, 'FORWARD')",None,False,True,5.191712853775512,0.05471941002455364,0.0
fc12195d0636,24hb_2xT,24hb,2-2,D000:2854~D018:18,extra_native,D000:2854,D018:18,"('h_XY_2_5', 102, 'REVERSE')",None,False,True,5.233318676890633,0.05429704252749168,0.0
fc12195d0636,24hb_2xT,24hb,2-2,D01T:30~D01Y:8,designed_extra_extra,D01T:30,D01Y:8,None,None,True,False,,0.05421002671133847,0.0
fc12195d0636,24hb_2xT,24hb,2-2,D015:17~D01P:55,extra_native,D015:17,D01P:55,None,"('h_XY_3_5', 13, 'REVERSE')",False,True,3.3204414103268447,0.05398404200271238,0.0
fc12195d0636,24hb_2xT,24hb,2-2,D01R:8~D021:9,designed_extra_extra,D01R:8,D021:9,None,None,True,True,5.974740352877519,0.053971383419802815,0.0
fc12195d0636,24hb_2xT,24hb,2-2,D016:18~D01O:53,designed_extra_extra,D016:18,D01O:53,None,None,True,True,3.6069907282669362,0.053789408221344745,0.0
fc12195d0636,24hb_2xT,24hb,2-2,D00Z:36~D01P:35,designed_extra_extra,D00Z:36,D01P:35,None,None,True,False,,0.053757888892099696,0.0
fc12195d0636,24hb_2xT,24hb,2-2,D000:2513~D01B:27,extra_native,D000:2513,D01B:27,"('h_XY_3_2', 109, 'REVERSE')",None,False,True,5.302144151515264,0.0536803494675244,0.0
fc12195d0636,24hb_2xT,24hb,2-2,D00B:27~D01M:25,extra_native,D00B:27,D01M:25,None,"('h_XY_1_3', 91, 'REVERSE')",False,True,4.149470188766126,0.053523602306685784,0.4
fc12195d0636,24hb_2xT,24hb,2-2,D000:1816~D012:26,extra_native,D000:1816,D012:26,"('h_XY_2_4', 99, 'FORWARD')",None,False,True,5.352513266709008,0.053012920991594686,0.0
fc12195d0636,24hb_2xT,24hb,2-2,D010:35~D01O:35,designed_extra_extra,D010:35,D01O:35,None,None,True,True,4.061646533485902,0.05292396800173152,0.8
fc12195d0636,24hb_2xT,24hb,2-2,D00X:26~D01G:26,designed_extra_extra,D00X:26,D01G:26,None,None,True,False,,0.05258316552624756,0.0
fc12195d0636,24hb_2xT,24hb,2-2,D004:26~D00T:8,designed_extra_extra,D004:26,D00T:8,None,None,True,True,4.1947275587955986,0.05256479944678445,1.0
fc12195d0636,24hb_2xT,24hb,2-2,D000:3311~D022:26,extra_native,D000:3311,D022:26,"('h_XY_0_3', 133, 'REVERSE')",None,False,True,4.208637598116208,0.052421021495161785,0.0
fc12195d0636,24hb_2xT,24hb,2-2,D011:8~D01C:26,designed_extra_extra,D011:8,D01C:26,None,None,True,True,5.044921714521183,0.05237487481877678,0.0
fc12195d0636,24hb_2xT,24hb,2-2,D00N:17~D01L:45,designed_extra_extra,D00N:17,D01L:45,None,None,True,True,5.29978346678168,0.051925353464661136,0.0
fc12195d0636,24hb_2xT,24hb,2-2,D000:372~D00Z:45,extra_native,D000:372,D00Z:45,"('h_XY_1_5', 17, 'FORWARD')",None,False,True,5.687302884879803,0.05179177372716801,0.0
fc12195d0636,24hb_2xT,24hb,2-2,D002:30~D00G:8,designed_extra_extra,D002:30,D00G:8,None,None,True,False,,0.05177837590900992,0.0
fc12195d0636,24hb_2xT,24hb,2-2,D00B:27~D01M:26,designed_extra_extra,D00B:27,D01M:26,None,None,True,True,3.1486812864193987,0.05169191615011211,0.0
fc12195d0636,24hb_2xT,24hb,2-2,D000:2307~D004:9,extra_native,D000:2307,D004:9,"('h_XY_2_0', 114, 'FORWARD')",None,False,True,5.03992845457195,0.05151203159324461,0.0
fc12195d0636,24hb_2xT,24hb,2-2,D000:1505~D01G:36,extra_native,D000:1505,D01G:36,"('h_XY_2_3', 33, 'REVERSE')",None,False,True,5.057951073441406,0.05144023997955394,0.0
fc12195d0636,24hb_2xT,24hb,2-2,D00F:36~D021:36,designed_extra_extra,D00F:36,D021:36,None,None,True,False,,0.05117900213042963,0.0
fc12195d0636,24hb_2xT,24hb,2-2,D01L:9~D021:27,designed_extra_extra,D01L:9,D021:27,None,None,True,True,4.763333721703201,0.050833631780195364,0.0
fc12195d0636,24hb_2xT,24hb,2-2,D000:3356~D020:18,extra_native,D000:3356,D020:18,"('h_XY_0_3', 88, 'REVERSE')",None,False,True,5.810466385439972,0.05081888831360207,0.0
fc12195d0636,24hb_2xT,24hb,2-2,D000:103~D01X:26,extra_native,D000:103,D01X:26,"('h_XY_0_2', 22, 'FORWARD')",None,False,True,5.09545489586342,0.050685860307724824,0.0
fc12195d0636,24hb_2xT,24hb,2-2,D00Q:18~D01O:44,designed_extra_extra,D00Q:18,D01O:44,None,None,True,True,3.752947372325495,0.05055067599915103,0.0
fc12195d0636,24hb_2xT,24hb,2-2,D000:1253~D008:36,extra_native,D000:1253,D008:36,"('h_XY_1_2', 25, 'REVERSE')",None,False,True,5.765205375911498,0.050517509118655,0.0
fc12195d0636,24hb_2xT,24hb,2-2,D000:1165~D00J:18,extra_native,D000:1165,D00J:18,"('h_XY_1_1', 16, 'FORWARD')",None,False,True,4.866081331987458,0.05051039681796365,0.0
fc12195d0636,24hb_2xT,24hb,2-2,D000:1148~D007:53,extra_native,D000:1148,D007:53,"('h_XY_1_1', -1, 'FORWARD')",None,False,True,3.988138686242679,0.05047894928211152,0.0
fc12195d0636,24hb_2xT,24hb,2-2,D01R:9~D021:8,designed_extra_extra,D01R:9,D021:8,None,None,True,False,,0.050343163805002394,0.0
fc12195d0636,24hb_2xT,24hb,2-2,D00A:22~D017:36,designed_extra_extra,D00A:22,D017:36,None,None,True,True,4.971704797166431,0.0501392399153184,0.0
fc12195d0636,24hb_2xT,24hb,2-2,D007:26~D01P:27,designed_extra_extra,D007:26,D01P:27,None,None,True,True,5.587587123312939,0.05011424868765875,0.0
fc12195d0636,24hb_2xT,24hb,2-2,D005:36~D014:38,designed_extra_extra,D005:36,D014:38,None,None,True,True,3.5463518332182082,0.05003172268873885,0.0
fc12195d0636,24hb_2xT,24hb,2-2,D000:1482~D00K:2,native_native_far,D000:1482,D00K:2,"('h_XY_2_3', 56, 'REVERSE')","('h_XY_2_3', 57, 'FORWARD')",False,True,4.879909600247234,0.049052752003451675,0.0
fc12195d0636,24hb_2xT,24hb,2-2,D000:1379~D010:36,extra_native,D000:1379,D010:36,"('h_XY_1_4', 39, 'REVERSE')",None,False,True,5.890702764536305,0.049034817965941724,0.0
fc12195d0636,24hb_2xT,24hb,2-2,D000:3105~D012:45,extra_native,D000:3105,D012:45,"('h_XY_1_5', 104, 'FORWARD')",None,False,True,4.190623012400476,0.048989764375878625,1.0
fc12195d0636,24hb_2xT,24hb,2-2,D00C:9~D01R:26,designed_extra_extra,D00C:9,D01R:26,None,None,True,True,5.801957066854107,0.04881287869133923,0.0
fc12195d0636,24hb_2xT,24hb,2-2,D016:8~D01D:29,designed_extra_extra,D016:8,D01D:29,None,None,True,True,4.66162148288147,0.04878257462109816,0.0
fc12195d0636,24hb_2xT,24hb,2-2,D000:2146~D01K:9,extra_native,D000:2146,D01K:9,"('h_XY_1_1', 115, 'FORWARD')",None,False,True,3.8560340427501734,0.04865477507698238,0.0
fc12195d0636,24hb_2xT,24hb,2-2,D000:3158~D022:9,extra_native,D000:3158,D022:9,"('h_XY_0_5', 132, 'REVERSE')",None,False,True,3.3115088427142436,0.04849037632286503,0.0
fc12195d0636,24hb_2xT,24hb,2-2,D00C:8~D01R:27,designed_extra_extra,D00C:8,D01R:27,None,None,True,False,,0.048135555882780776,0.0
fc12195d0636,24hb_2xT,24hb,2-2,D000:2599~D01J:45,extra_native,D000:2599,D01J:45,"('h_XY_3_3', 92, 'FORWARD')",None,False,True,5.827661477897516,0.04758306952843915,0.0
fc12195d0636,24hb_2xT,24hb,2-2,D000:104~D01X:26,extra_native,D000:104,D01X:26,"('h_XY_0_2', 23, 'FORWARD')",None,False,True,5.163006774557419,0.04755889853477597,0.0
fc12195d0636,24hb_2xT,24hb,2-2,D000:2757~D01M:60,native_native_far,D000:2757,D01M:60,"('h_XY_3_5', 90, 'FORWARD')","('h_XY_3_5', 92, 'REVERSE')",False,True,5.855754281897317,0.04729480742081657,0.0
fc12195d0636,24hb_2xT,24hb,2-2,D008:26~D01O:26,designed_extra_extra,D008:26,D01O:26,None,None,True,False,,0.04721452828646132,0.0
fc12195d0636,24hb_2xT,24hb,2-2,D000:2333~D00M:53,extra_native,D000:2333,D00M:53,"('h_XY_2_1', 135, 'REVERSE')",None,False,True,3.765729053077306,0.047037843324598455,0.4
fc12195d0636,24hb_2xT,24hb,2-2,D000:1692~D00M:36,extra_native,D000:1692,D00M:36,"('h_XY_2_2', 135, 'FORWARD')",None,False,True,3.9275397666895855,0.04653237807683534,0.0
fc12195d0636,24hb_2xT,24hb,2-2,D000:2485~D01A:36,extra_native,D000:2485,D01A:36,"('h_XY_3_2', 137, 'REVERSE')",None,False,True,4.026800251344379,0.0461571425464332,0.0
fc12195d0636,24hb_2xT,24hb,2-2,D000:103~D01X:27,extra_native,D000:103,D01X:27,"('h_XY_0_2', 22, 'FORWARD')",None,False,True,5.8061584659372825,0.046137285525065505,0.0
fc12195d0636,24hb_2xT,24hb,2-2,D000:97~D00J:36,extra_native,D000:97,D00J:36,"('h_XY_0_2', 16, 'FORWARD')",None,False,True,5.331506626682696,0.04610063717144537,0.0
fc12195d0636,24hb_2xT,24hb,2-2,D003:27~D00U:8,designed_extra_extra,D003:27,D00U:8,None,None,True,True,3.582065768991077,0.04608814312207261,0.0
fc12195d0636,24hb_2xT,24hb,2-2,D000:558~D00P:16,extra_native,D000:558,D00P:16,"('h_XY_2_5', 46, 'REVERSE')",None,False,True,5.108048895267288,0.04603787588047519,0.0
fc12195d0636,24hb_2xT,24hb,2-2,D00Q:45~D00Y:17,designed_extra_extra,D00Q:45,D00Y:17,None,None,True,True,4.182689414944349,0.0459129704699347,0.0
fc12195d0636,24hb_2xT,24hb,2-2,D008:37~D00Y:35,extra_native,D008:37,D00Y:35,"('h_XY_1_2', 21, 'FORWARD')",None,False,True,5.538964408555946,0.04538243189290778,0.0
fc12195d0636,24hb_2xT,24hb,2-2,D00V:44~D01Q:16,designed_extra_extra,D00V:44,D01Q:16,None,None,True,True,4.993508608208775,0.04514580773545393,0.0
fc12195d0636,24hb_2xT,24hb,2-2,D00L:16~D00P:24,designed_extra_extra,D00L:16,D00P:24,None,None,True,True,3.743714090177717,0.0448766808139821,0.0
fc12195d0636,24hb_2xT,24hb,2-2,D000:1557~D00S:44,extra_native,D000:1557,D00S:44,"('h_XY_2_2', 0, 'FORWARD')",None,False,True,4.101003519851882,0.04450580002314443,0.0
fc12195d0636,24hb_2xT,24hb,2-2,D010:17~D01G:45,designed_extra_extra,D010:17,D01G:45,None,None,True,False,,0.044340096738566474,0.0
fc12195d0636,24hb_2xT,24hb,2-2,D012:17~D01J:45,designed_extra_extra,D012:17,D01J:45,None,None,True,False,,0.04413078822478835,0.0
fc12195d0636,24hb_2xT,24hb,2-2,D000:1492~D00P:33,extra_native,D000:1492,D00P:33,"('h_XY_2_3', 46, 'REVERSE')",None,False,True,5.719075340938287,0.04402831231405342,0.0
fc12195d0636,24hb_2xT,24hb,2-2,D006:23~D011:35,designed_extra_extra,D006:23,D011:35,None,None,True,True,5.819074709955012,0.04400579890551901,0.0
fc12195d0636,24hb_2xT,24hb,2-2,D00S:18~D01P:45,designed_extra_extra,D00S:18,D01P:45,None,None,True,True,3.41733123018537,0.043893530989584775,0.0
fc12195d0636,24hb_2xT,24hb,2-2,D009:27~D01N:46,extra_native,D009:27,D01N:46,None,"('h_XY_1_3', 49, 'REVERSE')",False,True,5.567289204261192,0.043767930905576735,0.0
fc12195d0636,24hb_2xT,24hb,2-2,D00M:8~D019:26,designed_extra_extra,D00M:8,D019:26,None,None,True,True,4.031668467920333,0.043753673507673514,1.2
fc12195d0636,24hb_2xT,24hb,2-2,D01S:9~D020:8,designed_extra_extra,D01S:9,D020:8,None,None,True,True,4.474736125111249,0.04375333312225125,0.2
fc12195d0636,24hb_2xT,24hb,2-2,D00H:16~D00P:60,designed_extra_extra,D00H:16,D00P:60,None,None,True,True,4.740209719199506,0.04373722137883078,0.0
fc12195d0636,24hb_2xT,24hb,2-2,D01P:8~D01W:27,designed_extra_extra,D01P:8,D01W:27,None,None,True,True,4.037517413330318,0.04340697523234369,1.2
fc12195d0636,24hb_2xT,24hb,2-2,D00N:18~D01L:44,designed_extra_extra,D00N:18,D01L:44,None,None,True,True,5.321526448974055,0.04339401902508871,0.0
fc12195d0636,24hb_2xT,24hb,2-2,D000:1461~D010:27,extra_native,D000:1461,D010:27,"('h_XY_2_4', 38, 'FORWARD')",None,False,True,5.444928885258798,0.043315110083069965,0.0
fc12195d0636,24hb_2xT,24hb,2-2,D00B:26~D01M:26,designed_extra_extra,D00B:26,D01M:26,None,None,True,True,5.122983891795856,0.04319220996348546,0.0
fc12195d0636,24hb_2xT,24hb,2-2,D000:104~D01X:27,extra_native,D000:104,D01X:27,"('h_XY_0_2', 23, 'FORWARD')",None,False,True,5.246891064798586,0.04309662091160309,0.0
fc12195d0636,24hb_2xT,24hb,2-2,D006:40~D017:18,designed_extra_extra,D006:40,D017:18,None,None,True,True,3.439813105980523,0.04308074424518279,0.0
fc12195d0636,24hb_2xT,24hb,2-2,D00U:53~D021:18,designed_extra_extra,D00U:53,D021:18,None,None,True,False,,0.04307184447305394,0.0
fc12195d0636,24hb_2xT,24hb,2-2,D00Q:34~D01G:36,extra_native,D00Q:34,D01G:36,"('h_XY_2_3', 27, 'FORWARD')",None,False,True,5.933404974657937,0.04284503482447497,0.0
fc12195d0636,24hb_2xT,24hb,2-2,D002:39~D00H:38,designed_extra_extra,D002:39,D00H:38,None,None,True,True,3.3507141349467995,0.04229744938007152,0.2
fc12195d0636,24hb_2xT,24hb,2-2,D01S:8~D020:9,designed_extra_extra,D01S:8,D020:9,None,None,True,True,3.6462564557265305,0.04218500851386724,1.4000000000000001
fc12195d0636,24hb_2xT,24hb,2-2,D00M:9~D019:26,designed_extra_extra,D00M:9,D019:26,None,None,True,True,3.971669602181982,0.042168019053515846,1.7999999999999998
fc12195d0636,24hb_2xT,24hb,2-2,D01V:8~D01W:8,designed_extra_extra,D01V:8,D01W:8,None,None,True,True,3.6457186666080164,0.041959364555136866,1.4000000000000001
fc12195d0636,24hb_2xT,24hb,2-2,D00N:9~D018:27,designed_extra_extra,D00N:9,D018:27,None,None,True,False,,0.04191006780717532,0.0
fc12195d0636,24hb_2xT,24hb,2-2,D000:904~D001:33,native_native_near_insert,D000:904,D001:33,"('h_XY_3_1', 27, 'FORWARD')","('h_XY_3_1', 29, 'REVERSE')",False,True,5.683281927972111,0.041724682060805596,0.0
fc12195d0636,24hb_2xT,24hb,2-2,D018:8~D01B:8,designed_extra_extra,D018:8,D01B:8,None,None,True,True,4.085655275651173,0.04168955056055368,0.8
fc12195d0636,24hb_2xT,24hb,2-2,D000:2334~D00M:53,extra_native,D000:2334,D00M:53,"('h_XY_2_1', 134, 'REVERSE')",None,False,True,4.478578293466348,0.041668394912837525,0.0
fc12195d0636,24hb_2xT,24hb,2-2,D000:993~D00S:52,native_native_near_insert,D000:993,D00S:52,"('h_XY_2_1', 5, 'REVERSE')","('h_XY_2_1', 6, 'FORWARD')",False,True,5.364455595648903,0.04146143312532292,0.0
fc12195d0636,24hb_2xT,24hb,2-2,D007:44~D00R:17,designed_extra_extra,D007:44,D00R:17,None,None,True,False,,0.04145778901665064,0.0
fc12195d0636,24hb_2xT,24hb,2-2,D016:36~D01U:35,designed_extra_extra,D016:36,D01U:35,None,None,True,False,,0.04142062334368352,0.0
fc12195d0636,24hb_2xT,24hb,2-2,D000:1099~D00I:9,extra_native,D000:1099,D00I:9,"('h_XY_1_0', 39, 'REVERSE')",None,False,True,5.627555604009554,0.04123316703190758,0.0
fc12195d0636,24hb_2xT,24hb,2-2,D00T:53~D022:17,designed_extra_extra,D00T:53,D022:17,None,None,True,True,3.672843685296377,0.04098930511470551,4.0
fc12195d0636,24hb_2xT,24hb,2-2,D000:813~D01D:48,extra_native,D000:813,D01D:48,"('h_XY_3_2', 45, 'REVERSE')",None,False,True,5.536242018340201,0.04091930690352987,0.0
fc12195d0636,24hb_2xT,24hb,2-2,D00C:18~D012:45,designed_extra_extra,D00C:18,D012:45,None,None,True,False,,0.04083298740595445,0.0
fc12195d0636,24hb_2xT,24hb,2-2,D009:53~D00I:18,designed_extra_extra,D009:53,D00I:18,None,None,True,True,3.485030593175548,0.04083237118882912,0.2
fc12195d0636,24hb_2xT,24hb,2-2,D00N:8~D018:26,designed_extra_extra,D00N:8,D018:26,None,None,True,True,3.927349652101558,0.04073812809779848,0.4
fc12195d0636,24hb_2xT,24hb,2-2,D000:1953~D01Q:16,extra_native,D000:1953,D01Q:16,"('h_XY_1_3', 76, 'FORWARD')",None,False,True,5.600998427941023,0.04068513250396732,0.0
fc12195d0636,24hb_2xT,24hb,2-2,D00X:44~D01O:18,designed_extra_extra,D00X:44,D01O:18,None,None,True,False,,0.04054360964263079,0.0
fc12195d0636,24hb_2xT,24hb,2-2,D000:2917~D017:34,native_native_near_insert,D000:2917,D017:34,"('h_XY_2_6', 76, 'FORWARD')","('h_XY_2_6', 77, 'REVERSE')",False,True,3.215699363921242,0.04041351934933305,0.0
fc12195d0636,24hb_2xT,24hb,2-2,D00L:15~D00P:25,designed_extra_extra,D00L:15,D00P:25,None,None,True,True,3.711726006885381,0.04030520098327893,0.0
fc12195d0636,24hb_2xT,24hb,2-2,D00E:26~D01K:9,designed_extra_extra,D00E:26,D01K:9,None,None,True,False,,0.04029968019514941,0.0
fc12195d0636,24hb_2xT,24hb,2-2,D000:2489~D01A:35,extra_native,D000:2489,D01A:35,"('h_XY_3_2', 133, 'REVERSE')",None,False,True,4.0699549356294185,0.04009764735933217,0.0
fc12195d0636,24hb_2xT,24hb,2-2,D00U:45~D01M:18,designed_extra_extra,D00U:45,D01M:18,None,None,True,True,5.210625829569839,0.039937719085636,0.0
fc12195d0636,24hb_2xT,24hb,2-2,D005:35~D014:39,designed_extra_extra,D005:35,D014:39,None,None,True,True,3.809807157677556,0.0399149019691682,0.0
fc12195d0636,24hb_2xT,24hb,2-2,D00C:35~D00U:35,designed_extra_extra,D00C:35,D00U:35,None,None,True,True,5.38763411719699,0.03985521112064554,0.0
fc12195d0636,24hb_2xT,24hb,2-2,D000:725~D01F:9,extra_native,D000:725,D01F:9,"('h_XY_3_4', -1, 'REVERSE')",None,False,True,3.837805265839047,0.03970346683556536,0.0
fc12195d0636,24hb_2xT,24hb,2-2,D000:2615~D01B:20,native_native_near_insert,D000:2615,D01B:20,"('h_XY_3_3', 108, 'FORWARD')","('h_XY_3_3', 110, 'REVERSE')",False,True,5.840677175772471,0.03962982509282272,0.0
fc12195d0636,24hb_2xT,24hb,2-2,D00V:53~D020:17,designed_extra_extra,D00V:53,D020:17,None,None,True,False,,0.039153899148905,0.0
fc12195d0636,24hb_2xT,24hb,2-2,D00F:36~D021:35,designed_extra_extra,D00F:36,D021:35,None,None,True,True,3.4974967544458355,0.039113849192393566,0.0
fc12195d0636,24hb_2xT,24hb,2-2,D00P:15~D016:27,designed_extra_extra,D00P:15,D016:27,None,None,True,False,,0.03910755801384387,0.0
fc12195d0636,24hb_2xT,24hb,2-2,D000:2853~D018:18,extra_native,D000:2853,D018:18,"('h_XY_2_5', 103, 'REVERSE')",None,False,True,5.710028249234121,0.03872904932211792,0.0
fc12195d0636,24hb_2xT,24hb,2-2,D000:2461~D004:27,extra_native,D000:2461,D004:27,"('h_XY_3_1', 114, 'FORWARD')",None,False,True,5.954509476112097,0.038723018271805666,0.0
fc12195d0636,24hb_2xT,24hb,2-2,D00X:53~D01Y:17,designed_extra_extra,D00X:53,D01Y:17,None,None,True,False,,0.0386409008389912,0.0
fc12195d0636,24hb_2xT,24hb,2-2,D01L:9~D021:26,designed_extra_extra,D01L:9,D021:26,None,None,True,True,5.60474810655462,0.03860667162946879,0.0
fc12195d0636,24hb_2xT,24hb,2-2,D000:2534~D01C:27,extra_native,D000:2534,D01C:27,"('h_XY_3_2', 88, 'REVERSE')",None,False,True,5.511980663805381,0.03831320981495197,0.0
fc12195d0636,24hb_2xT,24hb,2-2,D00C:45~D01K:17,designed_extra_extra,D00C:45,D01K:17,None,None,True,True,4.014331291184029,0.038235031563657595,0.4
fc12195d0636,24hb_2xT,24hb,2-2,D01E:18~D01G:53,designed_extra_extra,D01E:18,D01G:53,None,None,True,True,3.441606517005599,0.038151771009554795,0.0
fc12195d0636,24hb_2xT,24hb,2-2,D009:18~D010:44,designed_extra_extra,D009:18,D010:44,None,None,True,False,,0.03779142089726785,0.0
fc12195d0636,24hb_2xT,24hb,2-2,D000:759~D00Z:9,extra_native,D000:759,D00Z:9,"('h_XY_3_3', 16, 'FORWARD')",None,False,True,4.831666648804773,0.03722920505872987,0.0
fc12195d0636,24hb_2xT,24hb,2-2,D000:2825~D00M:9,extra_native,D000:2825,D00M:9,"('h_XY_2_5', 131, 'REVERSE')",None,False,True,5.765546639717479,0.037194524836997866,0.0
fc12195d0636,24hb_2xT,24hb,2-2,D009:17~D010:44,designed_extra_extra,D009:17,D010:44,None,None,True,True,5.171480521911928,0.037191117439150226,0.0
fc12195d0636,24hb_2xT,24hb,2-2,D00Q:35~D01G:35,designed_extra_extra,D00Q:35,D01G:35,None,None,True,True,3.882670464788024,0.03713429029271352,0.0
fc12195d0636,24hb_2xT,24hb,2-2,D00R:44~D00Z:17,designed_extra_extra,D00R:44,D00Z:17,None,None,True,True,3.420805831225596,0.037036559410701005,6.2
fc12195d0636,24hb_2xT,24hb,2-2,D000:2587~D011:9,extra_native,D000:2587,D011:9,"('h_XY_3_3', 80, 'FORWARD')",None,False,True,4.979433064695173,0.0369998124064132,0.0
fc12195d0636,24hb_2xT,24hb,2-2,D00C:26~D01L:27,designed_extra_extra,D00C:26,D01L:27,None,None,True,True,3.9558306472700018,0.036944594307319834,0.8
fc12195d0636,24hb_2xT,24hb,2-2,D000:343~D01V:8,extra_native,D000:343,D01V:8,"('h_XY_0_5', 7, 'REVERSE')",None,False,True,5.44198823236768,0.03691992768739361,0.0
fc12195d0636,24hb_2xT,24hb,2-2,D006:21~D011:35,extra_native,D006:21,D011:35,"('h_XY_1_4', 76, 'FORWARD')",None,False,True,4.222187152509936,0.03653237008750078,0.2
fc12195d0636,24hb_2xT,24hb,2-2,D005:27~D011:17,designed_extra_extra,D005:27,D011:17,None,None,True,True,4.213582139089037,0.03626099970434585,0.0
fc12195d0636,24hb_2xT,24hb,2-2,D002:38~D00H:39,designed_extra_extra,D002:38,D00H:39,None,None,True,True,3.8348579555165725,0.03619159283316702,0.0
fc12195d0636,24hb_2xT,24hb,2-2,D00E:35~D022:36,designed_extra_extra,D00E:35,D022:36,None,None,True,True,4.479259125559519,0.036088543551847985,0.0
fc12195d0636,24hb_2xT,24hb,2-2,D00M:26~D013:27,designed_extra_extra,D00M:26,D013:27,None,None,True,False,,0.03597848015612233,0.0
fc12195d0636,24hb_2xT,24hb,2-2,D00B:54~D00G:17,designed_extra_extra,D00B:54,D00G:17,None,None,True,True,3.382449833666631,0.03595146431173217,0.0
fc12195d0636,24hb_2xT,24hb,2-2,D00S:18~D01P:44,designed_extra_extra,D00S:18,D01P:44,None,None,True,True,5.0008812064794155,0.03590262172050291,0.0
fc12195d0636,24hb_2xT,24hb,2-2,D00Y:8~D023:27,designed_extra_extra,D00Y:8,D023:27,None,None,True,True,3.6490948280568385,0.035752739803891556,0.0
fc12195d0636,24hb_2xT,24hb,2-2,D014:15~D01D:39,designed_extra_extra,D014:15,D01D:39,None,None,True,True,3.5508964945711057,0.03572704962780925,0.0
fc12195d0636,24hb_2xT,24hb,2-2,D000:1817~D012:26,extra_native,D000:1817,D012:26,"('h_XY_2_4', 100, 'FORWARD')",None,False,True,5.96024574799839,0.03560368192112873,0.0
fc12195d0636,24hb_2xT,24hb,2-2,D00C:44~D01K:17,designed_extra_extra,D00C:44,D01K:17,None,None,True,True,4.731647469648645,0.035539139608601056,0.0
fc12195d0636,24hb_2xT,24hb,2-2,D012:35~D01M:35,designed_extra_extra,D012:35,D01M:35,None,None,True,True,4.304982118009651,0.03552524753724496,0.2
fc12195d0636,24hb_2xT,24hb,2-2,D000:2994~D00D:9,extra_native,D000:2994,D00D:9,"('h_XY_1_6', 136, 'REVERSE')",None,False,True,3.834848238783136,0.035405070525015646,2.0
fc12195d0636,24hb_2xT,24hb,2-2,D01T:39~D01Z:39,designed_extra_extra,D01T:39,D01Z:39,None,None,True,True,3.494462968886046,0.035128902187268725,0.0
fc12195d0636,24hb_2xT,24hb,2-2,D00C:17~D012:44,designed_extra_extra,D00C:17,D012:44,None,None,True,False,,0.03508912997230185,0.0
fc12195d0636,24hb_2xT,24hb,2-2,D009:8~D01T:47,designed_extra_extra,D009:8,D01T:47,None,None,True,True,3.54626530466917,0.034970994671215054,4.0
fc12195d0636,24hb_2xT,24hb,2-2,D019:8~D01A:8,designed_extra_extra,D019:8,D01A:8,None,None,True,False,,0.034905639020624685,0.0
fc12195d0636,24hb_2xT,24hb,2-2,D00P:33~D010:26,designed_extra_extra,D00P:33,D010:26,None,None,True,True,3.999434652374516,0.03484826855793177,0.0
fc12195d0636,24hb_2xT,24hb,2-2,D00C:44~D01K:18,designed_extra_extra,D00C:44,D01K:18,None,None,True,True,4.384260014259405,0.034843960020205754,0.2
fc12195d0636,24hb_2xT,24hb,2-2,D000:200~D01P:9,extra_native,D000:200,D01P:9,"('h_XY_0_3', 10, 'REVERSE')",None,False,True,5.301416644689451,0.034766021773105595,0.0
fc12195d0636,24hb_2xT,24hb,2-2,D010:35~D01O:37,extra_native,D010:35,D01O:37,None,"('h_XY_2_4', 34, 'REVERSE')",False,True,5.760805529504892,0.03474465625755686,0.0
fc12195d0636,24hb_2xT,24hb,2-2,D00Q:36~D01G:35,designed_extra_extra,D00Q:36,D01G:35,None,None,True,False,,0.03460943937505824,0.0
fc12195d0636,24hb_2xT,24hb,2-2,D018:9~D01B:8,designed_extra_extra,D018:9,D01B:8,None,None,True,False,,0.034495226204394325,0.0
fc12195d0636,24hb_2xT,24hb,2-2,D000:1305~D00Y:36,extra_native,D000:1305,D00Y:36,"('h_XY_1_3', 16, 'FORWARD')",None,False,True,5.5669049232141825,0.034320525370536495,0.0
fc12195d0636,24hb_2xT,24hb,2-2,D001:17~D00Q:53,designed_extra_extra,D001:17,D00Q:53,None,None,True,True,3.352639027331146,0.0341474596696602,0.8
fc12195d0636,24hb_2xT,24hb,2-2,D000:2148~D00E:25,native_native_near_insert,D000:2148,D00E:25,"('h_XY_1_1', 117, 'FORWARD')","('h_XY_1_1', 119, 'REVERSE')",False,True,4.8596750495275645,0.03398657255328637,0.0
fc12195d0636,24hb_2xT,24hb,2-2,D01E:17~D01G:54,designed_extra_extra,D01E:17,D01G:54,None,None,True,True,3.48286933269512,0.03393006847175852,0.0
fc12195d0636,24hb_2xT,24hb,2-2,D001:20~D00Q:53,extra_native,D001:20,D00Q:53,"('h_XY_2_1', 29, 'FORWARD')",None,False,True,5.9673311591725975,0.033726557916748064,0.0
fc12195d0636,24hb_2xT,24hb,2-2,D00D:18~D013:44,designed_extra_extra,D00D:18,D013:44,None,None,True,False,,0.03368086127731936,0.0
fc12195d0636,24hb_2xT,24hb,2-2,D00O:18~D01M:45,designed_extra_extra,D00O:18,D01M:45,None,None,True,True,3.7145876130306177,0.033594174521288496,0.0
fc12195d0636,24hb_2xT,24hb,2-2,D000:2488~D01A:35,extra_native,D000:2488,D01A:35,"('h_XY_3_2', 134, 'REVERSE')",None,False,True,3.818963895291901,0.03340280323926577,2.4
fc12195d0636,24hb_2xT,24hb,2-2,D000:1893~D00C:25,native_native_near_insert,D000:1893,D00C:25,"('h_XY_1_4', 113, 'REVERSE')","('h_XY_1_4', 111, 'FORWARD')",False,True,5.65037911420567,0.03332253225297615,0.0
fc12195d0636,24hb_2xT,24hb,2-2,D000:3320~D00T:44,extra_native,D000:3320,D00T:44,"('h_XY_0_3', 124, 'REVERSE')",None,False,True,5.7374842182398895,0.03328907458642306,0.0
fc12195d0636,24hb_2xT,24hb,2-2,D006:41~D017:17,designed_extra_extra,D006:41,D017:17,None,None,True,True,4.873009632543783,0.033278396823848054,0.0
fc12195d0636,24hb_2xT,24hb,2-2,D000:489~D00S:8,extra_native,D000:489,D00S:8,"('h_XY_2_6', 0, 'FORWARD')",None,False,True,3.685784685716442,0.0332148207720594,2.4
fc12195d0636,24hb_2xT,24hb,2-2,D009:8~D01T:48,designed_extra_extra,D009:8,D01T:48,None,None,True,True,3.8448389201422772,0.033169256729260715,0.0
fc12195d0636,24hb_2xT,24hb,2-2,D00N:36~D01K:35,designed_extra_extra,D00N:36,D01K:35,None,None,True,False,,0.03304477662508615,0.0
fc12195d0636,24hb_2xT,24hb,2-2,D000:806~D00W:16,extra_native,D000:806,D00W:16,"('h_XY_3_2', 52, 'REVERSE')",None,False,True,4.987127290979811,0.033031328639945616,0.0
fc12195d0636,24hb_2xT,24hb,2-2,D007:44~D00R:18,designed_extra_extra,D007:44,D00R:18,None,None,True,False,,0.03297501815668862,0.0
fc12195d0636,24hb_2xT,24hb,2-2,D000:2641~D01A:19,native_native_near_insert,D000:2641,D01A:19,"('h_XY_3_3', 134, 'FORWARD')","('h_XY_3_3', 132, 'REVERSE')",False,True,4.154700089737208,0.03287845470397825,0.0
fc12195d0636,24hb_2xT,24hb,2-2,D01P:7~D01W:27,extra_native,D01P:7,D01W:27,"('h_XY_0_2', 7, 'REVERSE')",None,False,True,4.8242498038551265,0.032505031262050815,0.0
fc12195d0636,24hb_2xT,24hb,2-2,D00B:45~D01J:15,extra_native,D00B:45,D01J:15,None,"('h_XY_1_1', 92, 'REVERSE')",False,True,5.902414277526523,0.03241350892762355,0.0
fc12195d0636,24hb_2xT,24hb,2-2,D000:2933~D01S:35,extra_native,D000:2933,D01S:35,"('h_XY_2_6', 92, 'FORWARD')",None,False,True,5.172873005656923,0.032279926368819,0.0
fc12195d0636,24hb_2xT,24hb,2-2,D000:3105~D012:44,extra_native,D000:3105,D012:44,"('h_XY_1_5', 104, 'FORWARD')",None,False,True,4.326156657362506,0.03224659371554043,0.0
fc12195d0636,24hb_2xT,24hb,2-2,D00M:45~D00T:18,designed_extra_extra,D00M:45,D00T:18,None,None,True,True,3.7349789764685144,0.031822876895268644,0.0
fc12195d0636,24hb_2xT,24hb,2-2,D000:2615~D01B:18,extra_native,D000:2615,D01B:18,"('h_XY_3_3', 108, 'FORWARD')",None,False,True,4.881796601858929,0.03174700532898776,0.0
fc12195d0636,24hb_2xT,24hb,2-2,D000:1269~D00R:18,extra_native,D000:1269,D00R:18,"('h_XY_1_2', 9, 'REVERSE')",None,False,True,5.431674957386573,0.03173360653196552,0.0
fc12195d0636,24hb_2xT,24hb,2-2,D00X:44~D01O:17,designed_extra_extra,D00X:44,D01O:17,None,None,True,True,4.722390488645793,0.03152387730109762,0.0
fc12195d0636,24hb_2xT,24hb,2-2,D00J:27~D00R:8,designed_extra_extra,D00J:27,D00R:8,None,None,True,True,3.659708412819349,0.031474867877449096,0.0
fc12195d0636,24hb_2xT,24hb,2-2,D01L:8~D021:26,designed_extra_extra,D01L:8,D021:26,None,None,True,False,,0.03112944482729852,0.0
fc12195d0636,24hb_2xT,24hb,2-2,D00B:53~D00G:18,designed_extra_extra,D00B:53,D00G:18,None,None,True,True,3.4774305476554064,0.031005233737944952,0.0
fc12195d0636,24hb_2xT,24hb,2-2,D01U:8~D01X:9,designed_extra_extra,D01U:8,D01X:9,None,None,True,False,,0.03095616343079791,0.0
fc12195d0636,24hb_2xT,24hb,2-2,D00K:32~D01H:26,designed_extra_extra,D00K:32,D01H:26,None,None,True,False,,0.030935850232720136,0.0
fc12195d0636,24hb_2xT,24hb,2-2,D000:187~D01X:18,extra_native,D000:187,D01X:18,"('h_XY_0_3', 23, 'REVERSE')",None,False,True,5.499661796787165,0.030677060794195757,0.0
fc12195d0636,24hb_2xT,24hb,2-2,D000:3315~D022:18,extra_native,D000:3315,D022:18,"('h_XY_0_3', 129, 'REVERSE')",None,False,True,4.9819731042146485,0.03063540003447338,0.0
fc12195d0636,24hb_2xT,24hb,2-2,D000:186~D01X:17,extra_native,D000:186,D01X:17,"('h_XY_0_3', 24, 'REVERSE')",None,False,True,5.835360309498618,0.030477235629998926,0.0
fc12195d0636,24hb_2xT,24hb,2-2,D00M:27~D013:27,designed_extra_extra,D00M:27,D013:27,None,None,True,False,,0.030355688668345027,0.0
fc12195d0636,24hb_2xT,24hb,2-2,D01E:18~D01G:54,designed_extra_extra,D01E:18,D01G:54,None,None,True,True,4.218346976561334,0.030185558123428605,0.0
fc12195d0636,24hb_2xT,24hb,2-2,D000:649~D016:9,extra_native,D000:649,D016:9,"('h_XY_3_5', 40, 'FORWARD')",None,False,True,4.909567576239857,0.030044172308431115,0.0
fc12195d0636,24hb_2xT,24hb,2-2,D01V:8~D01W:11,extra_native,D01V:8,D01W:11,None,"('h_XY_0_4', 5, 'REVERSE')",False,True,4.986019738019485,0.02997426848409119,0.0
fc12195d0636,24hb_2xT,24hb,2-2,D00H:15~D00P:61,designed_extra_extra,D00H:15,D00P:61,None,None,True,True,3.461206515853745,0.0298299014765193,0.0
fc12195d0636,24hb_2xT,24hb,2-2,D013:9~D01A:26,designed_extra_extra,D013:9,D01A:26,None,None,True,True,5.622147142144727,0.029815215047063744,0.0
fc12195d0636,24hb_2xT,24hb,2-2,D000:105~D01X:27,extra_native,D000:105,D01X:27,"('h_XY_0_2', 24, 'FORWARD')",None,False,True,5.354003425527511,0.029799184204105444,0.0
fc12195d0636,24hb_2xT,24hb,2-2,D000:178~D01O:9,extra_native,D000:178,D01O:9,"('h_XY_0_3', 32, 'REVERSE')",None,False,True,5.368845913449943,0.029761541586575457,0.0
fc12195d0636,24hb_2xT,24hb,2-2,D00Z:35~D01P:36,designed_extra_extra,D00Z:35,D01P:36,None,None,True,False,,0.02942186848327394,0.0
fc12195d0636,24hb_2xT,24hb,2-2,D01N:30~D01Y:27,designed_extra_extra,D01N:30,D01Y:27,None,None,True,False,,0.02935204942283887,0.0
fc12195d0636,24hb_2xT,24hb,2-2,D000:1890~D01L:27,extra_native,D000:1890,D01L:27,"('h_XY_1_4', 116, 'REVERSE')",None,False,True,5.519688713544394,0.029299799716856027,0.0
fc12195d0636,24hb_2xT,24hb,2-2,D000:1240~D00X:27,extra_native,D000:1240,D00X:27,"('h_XY_1_2', 38, 'REVERSE')",None,False,True,5.988448592208578,0.029259635704238153,0.0
fc12195d0636,24hb_2xT,24hb,2-2,D00G:36~D020:35,designed_extra_extra,D00G:36,D020:35,None,None,True,True,4.623933219169989,0.029204816540788266,0.0
fc12195d0636,24hb_2xT,24hb,2-2,D000:2212~D00F:9,extra_native,D000:2212,D00F:9,"('h_XY_1_0', 102, 'REVERSE')",None,False,True,5.027796534871373,0.028948288435751618,0.0
fc12195d0636,24hb_2xT,24hb,2-2,D000:2674~D01B:9,extra_native,D000:2674,D01B:9,"('h_XY_3_4', 108, 'REVERSE')",None,False,True,5.288814535789172,0.028886207276479958,0.0
fc12195d0636,24hb_2xT,24hb,2-2,D000:1949~D01Q:16,extra_native,D000:1949,D01Q:16,"('h_XY_1_3', 72, 'FORWARD')",None,False,True,5.384916917943562,0.028812315169059632,0.0
fc12195d0636,24hb_2xT,24hb,2-2,D009:26~D01N:47,designed_extra_extra,D009:26,D01N:47,None,None,True,True,5.63064385284845,0.028674836078445537,0.0
fc12195d0636,24hb_2xT,24hb,2-2,D00P:16~D016:26,designed_extra_extra,D00P:16,D016:26,None,None,True,True,4.023900551510589,0.028494113815232886,0.0
fc12195d0636,24hb_2xT,24hb,2-2,D013:8~D01A:27,designed_extra_extra,D013:8,D01A:27,None,None,True,True,5.320072866098035,0.028350621628275376,0.0
fc12195d0636,24hb_2xT,24hb,2-2,D01F:36~D023:35,designed_extra_extra,D01F:36,D023:35,None,None,True,True,3.77613286679008,0.02830757460276888,0.0
fc12195d0636,24hb_2xT,24hb,2-2,D004:27~D00T:8,designed_extra_extra,D004:27,D00T:8,None,None,True,True,5.154097507041933,0.028195741087745016,0.0
fc12195d0636,24hb_2xT,24hb,2-2,D00Z:8~D01E:27,designed_extra_extra,D00Z:8,D01E:27,None,None,True,True,3.932208899621407,0.02814314779437416,1.2
fc12195d0636,24hb_2xT,24hb,2-2,D000:2064~D01J:18,extra_native,D000:2064,D01J:18,"('h_XY_1_2', 96, 'REVERSE')",None,False,True,5.526151571481684,0.0281194401911048,0.0
fc12195d0636,24hb_2xT,24hb,2-2,D000:2462~D004:27,extra_native,D000:2462,D004:27,"('h_XY_3_1', 115, 'FORWARD')",None,False,True,5.606371916978246,0.02808327823673584,0.0
fc12195d0636,24hb_2xT,24hb,2-2,D000:1521~D00Z:18,extra_native,D000:1521,D00Z:18,"('h_XY_2_3', 17, 'REVERSE')",None,False,True,5.630368111547552,0.028025207144138812,0.0
fc12195d0636,24hb_2xT,24hb,2-2,D00O:26~D011:27,designed_extra_extra,D00O:26,D011:27,None,None,True,False,,0.027985678676184997,0.0
fc12195d0636,24hb_2xT,24hb,2-2,D005:27~D011:18,designed_extra_extra,D005:27,D011:18,None,None,True,False,,0.027953840326018067,0.0
fc12195d0636,24hb_2xT,24hb,2-2,D000:908~D001:27,extra_native,D000:908,D001:27,"('h_XY_3_1', 31, 'FORWARD')",None,False,True,4.6968636800040455,0.027620729485326373,0.0
fc12195d0636,24hb_2xT,24hb,2-2,D00M:45~D00T:17,designed_extra_extra,D00M:45,D00T:17,None,None,True,True,3.3212458283023483,0.027600530370109906,0.0
fc12195d0636,24hb_2xT,24hb,2-2,D00Y:54~D01X:18,designed_extra_extra,D00Y:54,D01X:18,None,None,True,False,,0.027584267659202466,0.0
fc12195d0636,24hb_2xT,24hb,2-2,D000:2709~D005:36,extra_native,D000:2709,D005:36,"('h_XY_3_4', 73, 'REVERSE')",None,False,True,5.313200208593194,0.027561922044654283,0.0
fc12195d0636,24hb_2xT,24hb,2-2,D00U:44~D01M:18,designed_extra_extra,D00U:44,D01M:18,None,None,True,False,,0.027214476461517853,0.0
fc12195d0636,24hb_2xT,24hb,2-2,D012:35~D01M:36,designed_extra_extra,D012:35,D01M:36,None,None,True,False,,0.027098505087538808,0.0
fc12195d0636,24hb_2xT,24hb,2-2,D009:9~D01T:48,designed_extra_extra,D009:9,D01T:48,None,None,True,False,,0.027073218835987584,0.0
fc12195d0636,24hb_2xT,24hb,2-2,D002:39~D00H:39,designed_extra_extra,D002:39,D00H:39,None,None,True,True,4.927914680584448,0.02704342705252609,0.0
fc12195d0636,24hb_2xT,24hb,2-2,D010:54~D01U:18,designed_extra_extra,D010:54,D01U:18,None,None,True,False,,0.027017113508830227,0.0
fc12195d0636,24hb_2xT,24hb,2-2,D00B:54~D00G:18,designed_extra_extra,D00B:54,D00G:18,None,None,True,True,3.9324461825353993,0.027010679035446336,0.0
fc12195d0636,24hb_2xT,24hb,2-2,D000:1803~D00O:18,extra_native,D000:1803,D00O:18,"('h_XY_2_4', 86, 'FORWARD')",None,False,True,5.805518072466794,0.026940472876860463,0.0
fc12195d0636,24hb_2xT,24hb,2-2,D012:9~D01B:26,designed_extra_extra,D012:9,D01B:26,None,None,True,False,,0.026787711187065702,0.0
fc12195d0636,24hb_2xT,24hb,2-2,D000:1878~D00D:18,extra_native,D000:1878,D00D:18,"('h_XY_1_4', 128, 'REVERSE')",None,False,True,5.595412615082482,0.026774626524654194,0.0
fc12195d0636,24hb_2xT,24hb,2-2,D00J:26~D00R:8,designed_extra_extra,D00J:26,D00R:8,None,None,True,True,3.6130533477155504,0.026680274377947344,0.0
fc12195d0636,24hb_2xT,24hb,2-2,D015:8~D01E:8,designed_extra_extra,D015:8,D01E:8,None,None,True,False,,0.0266299084500595,0.0
fc12195d0636,24hb_2xT,24hb,2-2,D00D:53~D00E:17,designed_extra_extra,D00D:53,D00E:17,None,None,True,True,5.050112236767457,0.026601115575840276,0.0
fc12195d0636,24hb_2xT,24hb,2-2,D01V:9~D01W:5,extra_native,D01V:9,D01W:5,None,"('h_XY_0_5', 4, 'FORWARD')",False,True,5.927930751248884,0.026375701109380985,0.0
fc12195d0636,24hb_2xT,24hb,2-2,D008:55~D00J:17,extra_native,D008:55,D00J:17,"('h_XY_1_0', 21, 'FORWARD')",None,False,True,5.6616498514710845,0.02632216287523969,0.0
fc12195d0636,24hb_2xT,24hb,2-2,D019:36~D01R:35,designed_extra_extra,D019:36,D01R:35,None,None,True,True,5.900584394979495,0.02615764960895387,0.0
fc12195d0636,24hb_2xT,24hb,2-2,D016:35~D01U:35,designed_extra_extra,D016:35,D01U:35,None,None,True,False,,0.026157113912662844,0.0
fc12195d0636,24hb_2xT,24hb,2-2,D000:3446~D022:27,extra_native,D000:3446,D022:27,"('h_XY_0_2', 131, 'FORWARD')",None,False,True,5.288978951788247,0.026016257370910553,0.0
fc12195d0636,24hb_2xT,24hb,2-2,D017:8~D01C:8,designed_extra_extra,D017:8,D01C:8,None,None,True,True,4.0430699256605145,0.025883820632118193,0.2
fc12195d0636,24hb_2xT,24hb,2-2,D000:1706~D013:26,extra_native,D000:1706,D013:26,"('h_XY_2_3', 126, 'REVERSE')",None,False,True,5.687239513677699,0.025848000026972635,0.0
fc12195d0636,24hb_2xT,24hb,2-2,D003:36~D01C:35,designed_extra_extra,D003:36,D01C:35,None,None,True,False,,0.02576148899943972,0.0
fc12195d0636,24hb_2xT,24hb,2-2,D00T:53~D022:18,designed_extra_extra,D00T:53,D022:18,None,None,True,True,4.140783073969485,0.025716503523895515,0.4
fc12195d0636,24hb_2xT,24hb,2-2,D01V:8~D01W:9,designed_extra_extra,D01V:8,D01W:9,None,None,True,True,4.646807815116325,0.02558387894298116,0.0
fc12195d0636,24hb_2xT,24hb,2-2,D011:54~D01Z:16,designed_extra_extra,D011:54,D01Z:16,None,None,True,True,3.9728052859318623,0.025539961271547177,0.0
fc12195d0636,24hb_2xT,24hb,2-2,D00V:45~D01Q:16,designed_extra_extra,D00V:45,D01Q:16,None,None,True,True,5.841917173701573,0.025533065468513406,0.0
fc12195d0636,24hb_2xT,24hb,2-2,D00M:44~D00T:18,designed_extra_extra,D00M:44,D00T:18,None,None,True,True,5.269310135513348,0.025412853400568775,0.0
fc12195d0636,24hb_2xT,24hb,2-2,D013:18~D01K:44,designed_extra_extra,D013:18,D01K:44,None,None,True,True,4.9876676298746165,0.025355028521432836,0.0
fc12195d0636,24hb_2xT,24hb,2-2,D014:16~D01D:39,designed_extra_extra,D014:16,D01D:39,None,None,True,True,3.6652190794163664,0.025296335170274447,0.0
fc12195d0636,24hb_2xT,24hb,2-2,D009:9~D01T:47,designed_extra_extra,D009:9,D01T:47,None,None,True,True,5.888632026942267,0.02516541261305727,0.0
fc12195d0636,24hb_2xT,24hb,2-2,D000:834~D01E:27,extra_native,D000:834,D01E:27,"('h_XY_3_2', 24, 'REVERSE')",None,False,True,5.712619268094208,0.025043526383174856,0.0
fc12195d0636,24hb_2xT,24hb,2-2,D01N:29~D01Y:27,designed_extra_extra,D01N:29,D01Y:27,None,None,True,False,,0.024953826797580073,0.0
fc12195d0636,24hb_2xT,24hb,2-2,D003:8~D00F:8,designed_extra_extra,D003:8,D00F:8,None,None,True,True,3.799814172592828,0.024943985893630605,0.4
fc12195d0636,24hb_2xT,24hb,2-2,D000:1440~D00Z:27,extra_native,D000:1440,D00Z:27,"('h_XY_2_4', 17, 'FORWARD')",None,False,True,5.352624608575349,0.024815354992814075,0.0
fc12195d0636,24hb_2xT,24hb,2-2,D00D:37~D00T:35,extra_native,D00D:37,D00T:35,"('h_XY_1_2', 126, 'FORWARD')",None,False,True,5.770557891824812,0.024790845203279892,0.0
fc12195d0636,24hb_2xT,24hb,2-2,D000:1260~D00Y:26,extra_native,D000:1260,D00Y:26,"('h_XY_1_2', 18, 'REVERSE')",None,False,True,4.935646785763008,0.024706837470575515,0.0
fc12195d0636,24hb_2xT,24hb,2-2,D000:1507~D01G:36,extra_native,D000:1507,D01G:36,"('h_XY_2_3', 31, 'REVERSE')",None,False,True,4.745242063144534,0.024622922066959006,0.0
fc12195d0636,24hb_2xT,24hb,2-2,D00P:52~D00X:17,designed_extra_extra,D00P:52,D00X:17,None,None,True,True,3.457897487653443,0.024577188609363247,0.0
fc12195d0636,24hb_2xT,24hb,2-2,D00C:17~D012:45,designed_extra_extra,D00C:17,D012:45,None,None,True,False,,0.024534239517545145,0.0
fc12195d0636,24hb_2xT,24hb,2-2,D00C:54~D00F:17,designed_extra_extra,D00C:54,D00F:17,None,None,True,False,,0.024465243911240782,0.0
fc12195d0636,24hb_2xT,24hb,2-2,D000:2453~D01B:35,extra_native,D000:2453,D01B:35,"('h_XY_3_1', 106, 'FORWARD')",None,False,True,5.8612892628327,0.02435334245136633,0.0
fc12195d0636,24hb_2xT,24hb,2-2,D000:1929~D006:20,native_native_near_insert,D000:1929,D006:20,"('h_XY_1_4', 77, 'REVERSE')","('h_XY_1_4', 75, 'FORWARD')",False,True,5.954630103728837,0.024352267264769842,0.0
fc12195d0636,24hb_2xT,24hb,2-2,D011:8~D01C:27,designed_extra_extra,D011:8,D01C:27,None,None,True,True,5.256314846495425,0.023908192165229252,0.0
fc12195d0636,24hb_2xT,24hb,2-2,D00C:36~D00U:35,designed_extra_extra,D00C:36,D00U:35,None,None,True,True,3.611959117248148,0.02390728077197165,0.0
fc12195d0636,24hb_2xT,24hb,2-2,D000:2193~D00E:9,extra_native,D000:2193,D00E:9,"('h_XY_1_0', 121, 'REVERSE')",None,False,True,5.843671915593347,0.023803403776192684,0.0
fc12195d0636,24hb_2xT,24hb,2-2,D000:2288~D003:9,extra_native,D000:2288,D003:9,"('h_XY_2_0', 95, 'FORWARD')",None,False,True,5.358544434039029,0.02370677210880033,0.0
fc12195d0636,24hb_2xT,24hb,2-2,D000:3105~D00C:15,native_native_near_insert,D000:3105,D00C:15,"('h_XY_1_5', 104, 'FORWARD')","('h_XY_1_5', 106, 'REVERSE')",False,True,3.422208510401749,0.023630435704400283,0.8
fc12195d0636,24hb_2xT,24hb,2-2,D000:1406~D01P:27,extra_native,D000:1406,D01P:27,"('h_XY_1_4', 12, 'REVERSE')",None,False,True,5.47132444160394,0.0235429740713791,0.0
fc12195d0636,24hb_2xT,24hb,2-2,D000:2497~D013:5,native_native_near_insert,D000:2497,D013:5,"('h_XY_3_2', 125, 'REVERSE')","('h_XY_3_2', 123, 'FORWARD')",False,True,4.510671114151621,0.023524175924299284,0.0
fc12195d0636,24hb_2xT,24hb,2-2,D000:2739~D006:41,extra_native,D000:2739,D006:41,"('h_XY_3_5', 72, 'FORWARD')",None,False,True,5.692451956745283,0.023397154415467504,0.0
fc12195d0636,24hb_2xT,24hb,2-2,D00P:34~D010:26,designed_extra_extra,D00P:34,D010:26,None,None,True,False,,0.02311657174807118,0.0
fc12195d0636,24hb_2xT,24hb,2-2,D003:26~D00U:9,designed_extra_extra,D003:26,D00U:9,None,None,True,False,,0.02310220422691409,0.0
fc12195d0636,24hb_2xT,24hb,2-2,D008:44~D01G:18,designed_extra_extra,D008:44,D01G:18,None,None,True,False,,0.02307350325857911,0.0
fc12195d0636,24hb_2xT,24hb,2-2,D000:2770~D018:9,extra_native,D000:2770,D018:9,"('h_XY_3_5', 103, 'FORWARD')",None,False,True,5.181672930032626,0.023018140092480245,0.0
fc12195d0636,24hb_2xT,24hb,2-2,D000:2584~D011:17,extra_native,D000:2584,D011:17,"('h_XY_3_3', 77, 'FORWARD')",None,False,True,3.840586081510467,0.023009270822775367,0.0
fc12195d0636,24hb_2xT,24hb,2-2,D00M:44~D00T:17,designed_extra_extra,D00M:44,D00T:17,None,None,True,False,,0.0230016953006041,0.0
fc12195d0636,24hb_2xT,24hb,2-2,D000:1538~D00S:27,extra_native,D000:1538,D00S:27,"('h_XY_2_3', 0, 'REVERSE')",None,False,True,5.816073795959089,0.02293113282298274,0.0
fc12195d0636,24hb_2xT,24hb,2-2,D015:8~D01E:9,designed_extra_extra,D015:8,D01E:9,None,None,True,False,,0.022781138482894935,0.0
fc12195d0636,24hb_2xT,24hb,2-2,D00G:26~D01I:15,designed_extra_extra,D00G:26,D01I:15,None,None,True,False,,0.022764527113733554,0.0
fc12195d0636,24hb_2xT,24hb,2-2,D010:18~D01G:45,designed_extra_extra,D010:18,D01G:45,None,None,True,False,,0.02269717683884372,0.0
fc12195d0636,24hb_2xT,24hb,2-2,D00F:26~D01J:8,designed_extra_extra,D00F:26,D01J:8,None,None,True,True,3.471250973559423,0.022647517098408117,0.0
fc12195d0636,24hb_2xT,24hb,2-2,D012:53~D01S:18,designed_extra_extra,D012:53,D01S:18,None,None,True,False,,0.02264311794914437,0.0
fc12195d0636,24hb_2xT,24hb,2-2,D015:18~D01P:54,designed_extra_extra,D015:18,D01P:54,None,None,True,True,3.367629938354931,0.022613133786221047,0.0
fc12195d0636,24hb_2xT,24hb,2-2,D00F:27~D01J:8,designed_extra_extra,D00F:27,D01J:8,None,None,True,False,,0.022526060403715624,0.0
fc12195d0636,24hb_2xT,24hb,2-2,D00M:8~D019:27,designed_extra_extra,D00M:8,D019:27,None,None,True,True,4.27799755299691,0.0224896784617371,0.8
fc12195d0636,24hb_2xT,24hb,2-2,D00A:22~D017:35,designed_extra_extra,D00A:22,D017:35,None,None,True,True,3.4914166576956887,0.022349023593259177,0.0
fc12195d0636,24hb_2xT,24hb,2-2,D000:1514~D00Q:27,extra_native,D000:1514,D00Q:27,"('h_XY_2_3', 24, 'REVERSE')",None,False,True,5.993066434609336,0.022306246762335752,0.0
fc12195d0636,24hb_2xT,24hb,2-2,D00T:26~D01K:27,designed_extra_extra,D00T:26,D01K:27,None,None,True,False,,0.022223304053628743,0.0
fc12195d0636,24hb_2xT,24hb,2-2,D013:8~D01A:26,designed_extra_extra,D013:8,D01A:26,None,None,True,True,4.812212127837181,0.022221387572435667,0.0
fc12195d0636,24hb_2xT,24hb,2-2,D00D:53~D00E:18,designed_extra_extra,D00D:53,D00E:18,None,None,True,False,,0.022039640988067072,0.0
fc12195d0636,24hb_2xT,24hb,2-2,D018:8~D01B:9,designed_extra_extra,D018:8,D01B:9,None,None,True,True,4.05788666384631,0.02200085008627311,0.0
fc12195d0636,24hb_2xT,24hb,2-2,D000:2183~D00D:53,extra_native,D000:2183,D00D:53,"('h_XY_1_0', 131, 'REVERSE')",None,False,True,4.873808015264356,0.021975370832052265,0.0
fc12195d0636,24hb_2xT,24hb,2-2,D00R:26~D00Y:26,designed_extra_extra,D00R:26,D00Y:26,None,None,True,True,3.9675642127947417,0.02196080682502295,0.4
fc12195d0636,24hb_2xT,24hb,2-2,D000:3103~D012:45,extra_native,D000:3103,D012:45,"('h_XY_1_5', 102, 'FORWARD')",None,False,True,5.083119179902018,0.021927214120658227,0.0
fc12195d0636,24hb_2xT,24hb,2-2,D000:2036~D00T:27,extra_native,D000:2036,D00T:27,"('h_XY_1_2', 124, 'REVERSE')",None,False,True,5.179748014072634,0.02181450769026064,0.0
fc12195d0636,24hb_2xT,24hb,2-2,D011:9~D01C:27,designed_extra_extra,D011:9,D01C:27,None,None,True,False,,0.02166503545177471,0.0
fc12195d0636,24hb_2xT,24hb,2-2,D009:18~D010:45,designed_extra_extra,D009:18,D010:45,None,None,True,False,,0.021660906681397418,0.0
fc12195d0636,24hb_2xT,24hb,2-2,D000:1281~D007:36,extra_native,D000:1281,D007:36,"('h_XY_1_2', -3, 'REVERSE')",None,False,True,3.7601961826054957,0.021603949533006355,0.0
fc12195d0636,24hb_2xT,24hb,2-2,D006:31~D00L:38,designed_extra_extra,D006:31,D00L:38,None,None,True,True,3.571046700519211,0.02156776340239241,0.0
fc12195d0636,24hb_2xT,24hb,2-2,D018:17~D01M:54,designed_extra_extra,D018:17,D01M:54,None,None,True,True,5.217029726701148,0.02152167829935946,0.0
fc12195d0636,24hb_2xT,24hb,2-2,D019:18~D01L:54,designed_extra_extra,D019:18,D01L:54,None,None,True,True,4.640270082636983,0.021516275286485118,0.0
fc12195d0636,24hb_2xT,24hb,2-2,D003:18~D00O:54,designed_extra_extra,D003:18,D00O:54,None,None,True,False,,0.02147621960807887,0.0
fc12195d0636,24hb_2xT,24hb,2-2,D000:2738~D006:41,extra_native,D000:2738,D006:41,"('h_XY_3_5', 71, 'FORWARD')",None,False,True,4.9879669043884,0.021444544354731733,0.0
fc12195d0636,24hb_2xT,24hb,2-2,D000:1305~D00Y:35,extra_native,D000:1305,D00Y:35,"('h_XY_1_3', 16, 'FORWARD')",None,False,True,4.836164453929587,0.02143683909074904,0.0
fc12195d0636,24hb_2xT,24hb,2-2,D00Y:45~D01P:17,designed_extra_extra,D00Y:45,D01P:17,None,None,True,False,,0.021409270382281707,0.0
fc12195d0636,24hb_2xT,24hb,2-2,D00O:27~D011:26,designed_extra_extra,D00O:27,D011:26,None,None,True,False,,0.021220661789315066,0.0
fc12195d0636,24hb_2xT,24hb,2-2,D000:1266~D00R:17,extra_native,D000:1266,D00R:17,"('h_XY_1_2', 12, 'REVERSE')",None,False,True,5.63768286735676,0.02116175105421231,0.0
fc12195d0636,24hb_2xT,24hb,2-2,D000:1539~D00S:26,extra_native,D000:1539,D00S:26,"('h_XY_2_3', -1, 'REVERSE')",None,False,True,5.295857764105003,0.021151075841147646,0.0
fc12195d0636,24hb_2xT,24hb,2-2,D00F:26~D01J:9,designed_extra_extra,D00F:26,D01J:9,None,None,True,False,,0.021147242361705024,0.0
fc12195d0636,24hb_2xT,24hb,2-2,D013:36~D01L:36,designed_extra_extra,D013:36,D01L:36,None,None,True,False,,0.02097086912507156,0.0
fc12195d0636,24hb_2xT,24hb,2-2,D010:53~D01U:18,designed_extra_extra,D010:53,D01U:18,None,None,True,True,5.573550113069193,0.020836481425867078,0.0
fc12195d0636,24hb_2xT,24hb,2-2,D000:1876~D00D:18,extra_native,D000:1876,D00D:18,"('h_XY_1_4', 130, 'REVERSE')",None,False,True,5.08316679952895,0.020722724401948667,0.0
fc12195d0636,24hb_2xT,24hb,2-2,D000:2642~D01A:19,native_native_near_insert,D000:2642,D01A:19,"('h_XY_3_3', 135, 'FORWARD')","('h_XY_3_3', 132, 'REVERSE')",False,True,4.427903299386384,0.020478798638891026,0.0
fc12195d0636,24hb_2xT,24hb,2-2,D00Q:17~D01O:44,designed_extra_extra,D00Q:17,D01O:44,None,None,True,True,4.903758012119886,0.02014121772982334,0.0
fc12195d0636,24hb_2xT,24hb,2-2,D000:3106~D00C:17,extra_native,D000:3106,D00C:17,"('h_XY_1_5', 105, 'FORWARD')",None,False,True,5.637700251624904,0.020110126248340954,0.0
fc12195d0636,24hb_2xT,24hb,2-2,D009:26~D01N:48,designed_extra_extra,D009:26,D01N:48,None,None,True,False,,0.02000518739684266,0.0
fc12195d0636,24hb_2xT,24hb,2-2,D000:3108~D00C:9,extra_native,D000:3108,D00C:9,"('h_XY_1_5', 107, 'FORWARD')",None,False,True,5.063194812897277,0.02000127963628484,0.0
fc12195d0636,24hb_2xT,24hb,2-2,D00X:54~D01Y:17,designed_extra_extra,D00X:54,D01Y:17,None,None,True,False,,0.020000289291498947,0.0
fc12195d0636,24hb_2xT,24hb,2-2,D00O:8~D017:27,designed_extra_extra,D00O:8,D017:27,None,None,True,False,,0.01999325249507974,0.0
fc12195d0636,24hb_2xT,24hb,2-2,D00U:45~D01M:17,designed_extra_extra,D00U:45,D01M:17,None,None,True,True,3.4738012892730836,0.01998544134440835,0.0
fc12195d0636,24hb_2xT,24hb,2-2,D00B:18~D011:44,designed_extra_extra,D00B:18,D011:44,None,None,True,True,5.463862937383558,0.019935512045868218,0.0
fc12195d0636,24hb_2xT,24hb,2-2,D000:1334~D009:27,extra_native,D000:1334,D009:27,"('h_XY_1_3', 45, 'FORWARD')",None,False,True,5.429653403314524,0.01989065770143472,0.0
fc12195d0636,24hb_2xT,24hb,2-2,D00N:45~D00U:17,designed_extra_extra,D00N:45,D00U:17,None,None,True,False,,0.019844375752860598,0.0
fc12195d0636,24hb_2xT,24hb,2-2,D00P:52~D00X:18,designed_extra_extra,D00P:52,D00X:18,None,None,True,True,3.2772677462788615,0.01980375744645303,0.0
fc12195d0636,24hb_2xT,24hb,2-2,D000:2203~D00C:59,native_native_far,D000:2203,D00C:59,"('h_XY_1_0', 111, 'REVERSE')","('h_XY_1_0', 109, 'FORWARD')",False,True,5.942470166719171,0.01975916093945362,0.0
fc12195d0636,24hb_2xT,24hb,2-2,D00E:27~D01K:8,designed_extra_extra,D00E:27,D01K:8,None,None,True,False,,0.019756273364213144,0.0
fc12195d0636,24hb_2xT,24hb,2-2,D002:48~D00V:9,designed_extra_extra,D002:48,D00V:9,None,None,True,False,,0.019718875198022668,0.0
fc12195d0636,24hb_2xT,24hb,2-2,D009:35~D00P:43,other_extra_extra,D009:35,D00P:43,None,None,False,True,3.79980522617062,0.019716096148741587,2.1999999999999997
fc12195d0636,24hb_2xT,24hb,2-2,D000:1254~D008:38,native_native_near_insert,D000:1254,D008:38,"('h_XY_1_2', 24, 'REVERSE')","('h_XY_1_2', 22, 'FORWARD')",False,True,5.9591662463426545,0.019582915115563596,0.0
fc12195d0636,24hb_2xT,24hb,2-2,D01C:17~D01J:54,designed_extra_extra,D01C:17,D01J:54,None,None,True,True,3.283278410937382,0.019511155774567423,0.0
fc12195d0636,24hb_2xT,24hb,2-2,D015:9~D01E:8,designed_extra_extra,D015:9,D01E:8,None,None,True,False,,0.019427562131737398,0.0
fc12195d0636,24hb_2xT,24hb,2-2,D000:1692~D00M:35,extra_native,D000:1692,D00M:35,"('h_XY_2_2', 135, 'FORWARD')",None,False,True,4.599407825994639,0.019416142108409674,0.0
fc12195d0636,24hb_2xT,24hb,2-2,D012:17~D01J:44,designed_extra_extra,D012:17,D01J:44,None,None,True,True,5.422381058133066,0.01934380776023487,0.0
fc12195d0636,24hb_2xT,24hb,2-2,D00O:18~D01M:44,designed_extra_extra,D00O:18,D01M:44,None,None,True,True,3.388547713132621,0.01930912179789413,0.0
fc12195d0636,24hb_2xT,24hb,2-2,D000:1774~D00K:2,native_native_far,D000:1774,D00K:2,"('h_XY_2_3', 58, 'REVERSE')","('h_XY_2_3', 57, 'FORWARD')",False,True,5.633998529268245,0.01926905890049065,0.0
fc12195d0636,24hb_2xT,24hb,2-2,D003:9~D00F:9,designed_extra_extra,D003:9,D00F:9,None,None,True,False,,0.019204153760014584,0.0
fc12195d0636,24hb_2xT,24hb,2-2,D00G:27~D01I:15,designed_extra_extra,D00G:27,D01I:15,None,None,True,True,5.866570533777963,0.01917134285886599,0.0
fc12195d0636,24hb_2xT,24hb,2-2,D001:26~D00X:8,designed_extra_extra,D001:26,D00X:8,None,None,True,True,5.950965116756352,0.019169162064819095,0.0
fc12195d0636,24hb_2xT,24hb,2-2,D00Y:8~D023:26,designed_extra_extra,D00Y:8,D023:26,None,None,True,True,3.4617355254993094,0.019036209057422062,0.6
fc12195d0636,24hb_2xT,24hb,2-2,D000:1910~D01M:27,extra_native,D000:1910,D01M:27,"('h_XY_1_4', 96, 'REVERSE')",None,False,True,5.377234428842399,0.019031110145383445,0.0
fc12195d0636,24hb_2xT,24hb,2-2,D000:1896~D00C:18,extra_native,D000:1896,D00C:18,"('h_XY_1_4', 110, 'REVERSE')",None,False,True,5.826441759589701,0.019012461148238468,0.0
fc12195d0636,24hb_2xT,24hb,2-2,D00J:9~D023:8,designed_extra_extra,D00J:9,D023:8,None,None,True,False,,0.018880893406127676,0.0
fc12195d0636,24hb_2xT,24hb,2-2,D000:2584~D005:27,extra_native,D000:2584,D005:27,"('h_XY_3_3', 77, 'FORWARD')",None,False,True,5.969733887407124,0.018807158206556394,0.0
fc12195d0636,24hb_2xT,24hb,2-2,D000:1419~D00S:26,extra_native,D000:1419,D00S:26,"('h_XY_1_4', -1, 'REVERSE')",None,False,True,3.46924018310534,0.01880173895189007,1.2
fc12195d0636,24hb_2xT,24hb,2-2,D009:45~D01H:17,designed_extra_extra,D009:45,D01H:17,None,None,True,False,,0.018801727364452455,0.0
fc12195d0636,24hb_2xT,24hb,2-2,D000:2642~D01A:18,extra_native,D000:2642,D01A:18,"('h_XY_3_3', 135, 'FORWARD')",None,False,True,3.59384038506359,0.0187847887764648,0.0
fc12195d0636,24hb_2xT,24hb,2-2,D00C:35~D00U:36,designed_extra_extra,D00C:35,D00U:36,None,None,True,True,3.5906280185200807,0.018688771070740653,0.0
fc12195d0636,24hb_2xT,24hb,2-2,D000:309~D010:53,extra_native,D000:309,D010:53,"('h_XY_0_5', 41, 'REVERSE')",None,False,True,5.189849366677218,0.018671748044243364,0.0
fc12195d0636,24hb_2xT,24hb,2-2,D000:2191~D00E:9,extra_native,D000:2191,D00E:9,"('h_XY_1_0', 123, 'REVERSE')",None,False,True,5.144100457045796,0.018584211767726518,0.0
fc12195d0636,24hb_2xT,24hb,2-2,D000:2488~D01A:36,extra_native,D000:2488,D01A:36,"('h_XY_3_2', 134, 'REVERSE')",None,False,True,4.717839120369647,0.018582088007092115,0.0
fc12195d0636,24hb_2xT,24hb,2-2,D001:35~D01E:35,designed_extra_extra,D001:35,D01E:35,None,None,True,False,,0.018563973786076746,0.0
fc12195d0636,24hb_2xT,24hb,2-2,D00J:26~D00R:9,designed_extra_extra,D00J:26,D00R:9,None,None,True,False,,0.01853353540591898,0.0
fc12195d0636,24hb_2xT,24hb,2-2,D00T:27~D01K:26,designed_extra_extra,D00T:27,D01K:26,None,None,True,False,,0.018511851737471243,0.0
fc12195d0636,24hb_2xT,24hb,2-2,D000:1698~D00M:35,extra_native,D000:1698,D00M:35,"('h_XY_2_3', 134, 'REVERSE')",None,False,True,4.693705156420033,0.018360623313957557,0.0
fc12195d0636,24hb_2xT,24hb,2-2,D000:446~D016:36,extra_native,D000:446,D016:36,"('h_XY_1_6', 38, 'REVERSE')",None,False,True,4.673950843349708,0.018239669588332317,0.0
fc12195d0636,24hb_2xT,24hb,2-2,D000:1380~D010:38,native_native_near_insert,D000:1380,D010:38,"('h_XY_1_4', 38, 'REVERSE')","('h_XY_1_4', 36, 'FORWARD')",False,True,5.761727280182353,0.01822332001630223,0.0
fc12195d0636,24hb_2xT,24hb,2-2,D000:3444~D022:27,extra_native,D000:3444,D022:27,"('h_XY_0_2', 129, 'FORWARD')",None,False,True,5.839221629924412,0.01812108113117734,0.0
fc12195d0636,24hb_2xT,24hb,2-2,D00J:36~D01X:35,designed_extra_extra,D00J:36,D01X:35,None,None,True,True,5.996538830544762,0.01800921755518378,0.0
fc12195d0636,24hb_2xT,24hb,2-2,D000:1327~D00X:38,native_native_near_insert,D000:1327,D00X:38,"('h_XY_1_3', 38, 'FORWARD')","('h_XY_1_3', 40, 'REVERSE')",False,True,5.91353222760975,0.018006859654614033,0.0
fc12195d0636,24hb_2xT,24hb,2-2,D012:8~D01B:26,designed_extra_extra,D012:8,D01B:26,None,None,True,True,3.791681463208565,0.01795297557462381,0.4
fc12195d0636,24hb_2xT,24hb,2-2,D000:2585~D011:9,extra_native,D000:2585,D011:9,"('h_XY_3_3', 78, 'FORWARD')",None,False,True,5.666052669689557,0.017941846486728252,0.0
fc12195d0636,24hb_2xT,24hb,2-2,D000:1790~D006:25,native_native_near_insert,D000:1790,D006:25,"('h_XY_2_4', 73, 'FORWARD')","('h_XY_2_4', 75, 'REVERSE')",False,True,5.65391836155366,0.017848775729681517,0.0
fc12195d0636,24hb_2xT,24hb,2-2,D000:2184~D00D:53,extra_native,D000:2184,D00D:53,"('h_XY_1_0', 130, 'REVERSE')",None,False,True,5.564415598322553,0.01775219900557164,0.0
fc12195d0636,24hb_2xT,24hb,2-2,D00R:54~D01F:17,designed_extra_extra,D00R:54,D01F:17,None,None,True,True,4.474252258876757,0.017654479205168515,0.0
fc12195d0636,24hb_2xT,24hb,2-2,D00I:27~D01G:8,designed_extra_extra,D00I:27,D01G:8,None,None,True,False,,0.01762460920634323,0.0
fc12195d0636,24hb_2xT,24hb,2-2,D00H:14~D00P:61,extra_native,D00H:14,D00P:61,"('h_XY_2_0', 49, 'REVERSE')",None,False,True,5.237823086200854,0.017543201491061883,0.0
fc12195d0636,24hb_2xT,24hb,2-2,D01C:18~D01J:53,designed_extra_extra,D01C:18,D01J:53,None,None,True,True,5.489834369777601,0.01754133014912456,0.0
fc12195d0636,24hb_2xT,24hb,2-2,D000:3518~D00G:27,extra_native,D000:3518,D00G:27,"('h_XY_0_1', 80, 'REVERSE')",None,False,True,5.2448827991300515,0.01750068181792849,0.0
fc12195d0636,24hb_2xT,24hb,2-2,D008:35~D00Y:36,designed_extra_extra,D008:35,D00Y:36,None,None,True,True,3.7008054941508224,0.017435284028077456,0.0
fc12195d0636,24hb_2xT,24hb,2-2,D000:979~D00Y:9,extra_native,D000:979,D00Y:9,"('h_XY_2_1', 19, 'REVERSE')",None,False,True,4.808585983403503,0.017366088064478077,0.0
fc12195d0636,24hb_2xT,24hb,2-2,D000:1773~D00K:2,native_native_far,D000:1773,D00K:2,"('h_XY_2_3', 59, 'REVERSE')","('h_XY_2_3', 57, 'FORWARD')",False,True,5.278092602654552,0.017313628026587174,0.0
fc12195d0636,24hb_2xT,24hb,2-2,D00E:35~D022:35,designed_extra_extra,D00E:35,D022:35,None,None,True,True,3.4561201881398,0.01728815052417012,0.0
fc12195d0636,24hb_2xT,24hb,2-2,D016:17~D01O:54,designed_extra_extra,D016:17,D01O:54,None,None,True,False,,0.01727060415402762,0.0
fc12195d0636,24hb_2xT,24hb,2-2,D00U:54~D021:17,designed_extra_extra,D00U:54,D021:17,None,None,True,False,,0.017261889576279683,0.0
fc12195d0636,24hb_2xT,24hb,2-2,D000:1371~D009:18,extra_native,D000:1371,D009:18,"('h_XY_1_4', 47, 'REVERSE')",None,False,True,5.672068166795187,0.017153017111097554,0.0
fc12195d0636,24hb_2xT,24hb,2-2,D000:2591~D01C:23,native_native_near_insert,D000:2591,D01C:23,"('h_XY_3_3', 84, 'FORWARD')","('h_XY_3_3', 86, 'REVERSE')",False,True,5.539518930642873,0.017055819372950354,0.0
fc12195d0636,24hb_2xT,24hb,2-2,D000:357~D007:9,extra_native,D000:357,D007:9,"('h_XY_1_5', 2, 'FORWARD')",None,False,True,5.5354416178380905,0.01702822048437008,0.0
fc12195d0636,24hb_2xT,24hb,2-2,D000:1416~D007:19,native_native_near_insert,D000:1416,D007:19,"('h_XY_1_4', 2, 'REVERSE')","('h_XY_1_4', 0, 'FORWARD')",False,True,5.612097167501033,0.01697131739517173,0.0
fc12195d0636,24hb_2xT,24hb,2-2,D00Q:45~D00Y:18,designed_extra_extra,D00Q:45,D00Y:18,None,None,True,True,5.177921717536278,0.01697051325749983,0.0
fc12195d0636,24hb_2xT,24hb,2-2,D006:22~D011:36,designed_extra_extra,D006:22,D011:36,None,None,True,False,,0.016950553387365192,0.0
fc12195d0636,24hb_2xT,24hb,2-2,D000:1145~D007:54,extra_native,D000:1145,D007:54,"('h_XY_1_1', -4, 'FORWARD')",None,False,True,4.465492124709645,0.01686934200288055,0.0
fc12195d0636,24hb_2xT,24hb,2-2,D002:48~D00V:8,designed_extra_extra,D002:48,D00V:8,None,None,True,False,,0.016839005071849853,0.0
fc12195d0636,24hb_2xT,24hb,2-2,D000:1955~D00V:35,extra_native,D000:1955,D00V:35,"('h_XY_1_3', 78, 'FORWARD')",None,False,True,5.924133032511522,0.016838775200210647,0.0
fc12195d0636,24hb_2xT,24hb,2-2,D000:1697~D00M:35,extra_native,D000:1697,D00M:35,"('h_XY_2_3', 135, 'REVERSE')",None,False,True,5.257454582633534,0.016748347848210728,0.0
fc12195d0636,24hb_2xT,24hb,2-2,D000:2585~D011:8,extra_native,D000:2585,D011:8,"('h_XY_3_3', 78, 'FORWARD')",None,False,True,5.0044881640950685,0.016697785690141336,0.0
fc12195d0636,24hb_2xT,24hb,2-2,D013:54~D01R:18,designed_extra_extra,D013:54,D01R:18,None,None,True,True,5.422538949691243,0.016567154551007802,0.0
fc12195d0636,24hb_2xT,24hb,2-2,D000:1197~D009:45,extra_native,D000:1197,D009:45,"('h_XY_1_1', 48, 'FORWARD')",None,False,True,5.8885479779214345,0.016478865751882163,0.0
fc12195d0636,24hb_2xT,24hb,2-2,D010:8~D01D:48,designed_extra_extra,D010:8,D01D:48,None,None,True,False,,0.01643413131301544,0.0
fc12195d0636,24hb_2xT,24hb,2-2,D015:36~D01V:36,designed_extra_extra,D015:36,D01V:36,None,None,True,False,,0.01640682301023886,0.0
fc12195d0636,24hb_2xT,24hb,2-2,D010:35~D01O:36,designed_extra_extra,D010:35,D01O:36,None,None,True,False,,0.016363814495612878,0.0
fc12195d0636,24hb_2xT,24hb,2-2,D001:36~D01E:35,designed_extra_extra,D001:36,D01E:35,None,None,True,False,,0.016262594381569125,0.0
fc12195d0636,24hb_2xT,24hb,2-2,D004:9~D00E:9,designed_extra_extra,D004:9,D00E:9,None,None,True,False,,0.016248994166035122,0.0
fc12195d0636,24hb_2xT,24hb,2-2,D00P:51~D00X:18,designed_extra_extra,D00P:51,D00X:18,None,None,True,True,3.8111459325642794,0.016216742077768326,0.0
fc12195d0636,24hb_2xT,24hb,2-2,D00Q:8~D015:27,designed_extra_extra,D00Q:8,D015:27,None,None,True,True,3.685134687237672,0.016179122714427743,0.0
fc12195d0636,24hb_2xT,24hb,2-2,D000:1702~D00M:26,extra_native,D000:1702,D00M:26,"('h_XY_2_3', 130, 'REVERSE')",None,False,True,5.066042757841303,0.0160883635428958,0.0
fc12195d0636,24hb_2xT,24hb,2-2,D000:2259~D00H:39,extra_native,D000:2259,D00H:39,"('h_XY_2_0', 66, 'FORWARD')",None,False,True,4.582822168124323,0.016082177235228284,0.0
fc12195d0636,24hb_2xT,24hb,2-2,D000:3094~D01S:18,extra_native,D000:3094,D01S:18,"('h_XY_1_5', 93, 'FORWARD')",None,False,True,5.646999009627151,0.01607835560477016,0.0
fc12195d0636,24hb_2xT,24hb,2-2,D000:457~D008:5,native_native_near_insert,D000:457,D008:5,"('h_XY_1_6', 27, 'REVERSE')","('h_XY_1_6', 25, 'FORWARD')",False,True,5.986987544111804,0.016055930115201837,0.0
fc12195d0636,24hb_2xT,24hb,2-2,D000:2333~D00M:54,extra_native,D000:2333,D00M:54,"('h_XY_2_1', 135, 'REVERSE')",None,False,True,3.9392391720558715,0.016013474493709337,1.2
fc12195d0636,24hb_2xT,24hb,2-2,D000:985~D023:23,native_native_near_insert,D000:985,D023:23,"('h_XY_2_1', 13, 'REVERSE')","('h_XY_2_1', 11, 'FORWARD')",False,True,5.326566542867358,0.01600461718695945,0.0
fc12195d0636,24hb_2xT,24hb,2-2,D01B:17~D01K:54,designed_extra_extra,D01B:17,D01K:54,None,None,True,True,3.471110722640692,0.01599791282816056,0.0
fc12195d0636,24hb_2xT,24hb,2-2,D000:1195~D009:45,extra_native,D000:1195,D009:45,"('h_XY_1_1', 46, 'FORWARD')",None,False,True,5.670588571915104,0.01595776161754473,0.0
fc12195d0636,24hb_2xT,24hb,2-2,D001:27~D00X:8,designed_extra_extra,D001:27,D00X:8,None,None,True,True,4.5960057748563266,0.015868018891417986,0.0
fc12195d0636,24hb_2xT,24hb,2-2,D008:27~D01O:27,designed_extra_extra,D008:27,D01O:27,None,None,True,False,,0.015791178849665462,0.0
fc12195d0636,24hb_2xT,24hb,2-2,D002:38~D00H:38,designed_extra_extra,D002:38,D00H:38,None,None,True,True,3.3644506941089256,0.015695181031735575,0.0
fc12195d0636,24hb_2xT,24hb,2-2,D004:18~D00N:53,designed_extra_extra,D004:18,D00N:53,None,None,True,True,3.3961144991279344,0.015620687499065308,0.0
fc12195d0636,24hb_2xT,24hb,2-2,D00Z:8~D01E:28,extra_native,D00Z:8,D01E:28,None,"('h_XY_3_2', 21, 'FORWARD')",False,True,5.215330424329512,0.015543251750374108,0.0
fc12195d0636,24hb_2xT,24hb,2-2,D000:200~D01P:11,native_native_near_insert,D000:200,D01P:11,"('h_XY_0_3', 10, 'REVERSE')","('h_XY_0_3', 8, 'FORWARD')",False,True,5.618306207831116,0.015479130787038518,0.0
fc12195d0636,24hb_2xT,24hb,2-2,D00O:45~D00V:18,designed_extra_extra,D00O:45,D00V:18,None,None,True,False,,0.015461728002800058,0.0
fc12195d0636,24hb_2xT,24hb,2-2,D003:35~D01C:35,designed_extra_extra,D003:35,D01C:35,None,None,True,False,,0.015455486949330476,0.0
fc12195d0636,24hb_2xT,24hb,2-2,D001:8~D00I:9,designed_extra_extra,D001:8,D00I:9,None,None,True,False,,0.015412744887189174,0.0
fc12195d0636,24hb_2xT,24hb,2-2,D00I:27~D01G:9,designed_extra_extra,D00I:27,D01G:9,None,None,True,False,,0.015388127756405584,0.0
fc12195d0636,24hb_2xT,24hb,2-2,D000:2234~D00G:11,native_native_near_insert,D000:2234,D00G:11,"('h_XY_1_0', 80, 'REVERSE')","('h_XY_1_0', 78, 'FORWARD')",False,True,5.759002883497298,0.015348160839174996,0.0
fc12195d0636,24hb_2xT,24hb,2-2,D000:879~D01F:36,extra_native,D000:879,D01F:36,"('h_XY_3_1', 2, 'FORWARD')",None,False,True,5.738789110814978,0.015302867480015159,0.0
fc12195d0636,24hb_2xT,24hb,2-2,D018:36~D01S:35,designed_extra_extra,D018:36,D01S:35,None,None,True,True,5.576602531266184,0.015256398480500073,0.0
fc12195d0636,24hb_2xT,24hb,2-2,D000:1790~D006:23,extra_native,D000:1790,D006:23,"('h_XY_2_4', 73, 'FORWARD')",None,False,True,5.555008758534927,0.01524882148882685,0.0
fc12195d0636,24hb_2xT,24hb,2-2,D01H:8~D01I:38,designed_extra_extra,D01H:8,D01I:38,None,None,True,False,,0.015179711256475168,0.0
fc12195d0636,24hb_2xT,24hb,2-2,D001:9~D00I:9,designed_extra_extra,D001:9,D00I:9,None,None,True,False,,0.015062969372133528,0.0
fc12195d0636,24hb_2xT,24hb,2-2,D00B:9~D01S:27,designed_extra_extra,D00B:9,D01S:27,None,None,True,False,,0.01504804297125715,0.0
fc12195d0636,24hb_2xT,24hb,2-2,D01P:9~D01W:27,designed_extra_extra,D01P:9,D01W:27,None,None,True,False,,0.01498833652177767,0.0
fc12195d0636,24hb_2xT,24hb,2-2,D00Q:35~D01G:36,designed_extra_extra,D00Q:35,D01G:36,None,None,True,True,5.894374762583591,0.014972747656732196,0.0
fc12195d0636,24hb_2xT,24hb,2-2,D000:1833~D01L:36,extra_native,D000:1833,D01L:36,"('h_XY_2_4', 116, 'FORWARD')",None,False,True,5.668229220184377,0.01495913698354955,0.0
fc12195d0636,24hb_2xT,24hb,2-2,D00N:45~D00U:18,designed_extra_extra,D00N:45,D00U:18,None,None,True,True,3.342202320772132,0.014940783636975926,0.0
fc12195d0636,24hb_2xT,24hb,2-2,D01T:39~D01Z:38,designed_extra_extra,D01T:39,D01Z:38,None,None,True,True,3.59317729941605,0.014923910165287463,0.0
fc12195d0636,24hb_2xT,24hb,2-2,D000:1705~D013:26,extra_native,D000:1705,D013:26,"('h_XY_2_3', 127, 'REVERSE')",None,False,True,5.807089204749923,0.014887496625804126,0.0
fc12195d0636,24hb_2xT,24hb,2-2,D00V:44~D01Q:15,designed_extra_extra,D00V:44,D01Q:15,None,None,True,False,,0.014849098730333557,0.0
fc12195d0636,24hb_2xT,24hb,2-2,D01N:29~D01Y:26,designed_extra_extra,D01N:29,D01Y:26,None,None,True,False,,0.014832789542453902,0.0
fc12195d0636,24hb_2xT,24hb,2-2,D00V:45~D01Q:15,designed_extra_extra,D00V:45,D01Q:15,None,None,True,True,3.6484236550499984,0.014762726548893688,0.0
fc12195d0636,24hb_2xT,24hb,2-2,D00Z:36~D01P:36,designed_extra_extra,D00Z:36,D01P:36,None,None,True,False,,0.0147183428554369,0.0
fc12195d0636,24hb_2xT,24hb,2-2,D000:3103~D012:44,extra_native,D000:3103,D012:44,"('h_XY_1_5', 102, 'FORWARD')",None,False,True,5.795936054286027,0.014614781135560697,0.0
fc12195d0636,24hb_2xT,24hb,2-2,D008:26~D01O:27,designed_extra_extra,D008:26,D01O:27,None,None,True,False,,0.014613295129885493,0.0
fc12195d0636,24hb_2xT,24hb,2-2,D00P:51~D00X:19,extra_native,D00P:51,D00X:19,None,"('h_XY_2_2', 41, 'REVERSE')",False,True,5.28017919328801,0.014609531311221719,0.0
fc12195d0636,24hb_2xT,24hb,2-2,D000:3155~D022:9,extra_native,D000:3155,D022:9,"('h_XY_0_5', 135, 'REVERSE')",None,False,True,5.9680838131358085,0.01460345458201506,0.0
fc12195d0636,24hb_2xT,24hb,2-2,D00D:54~D00E:17,designed_extra_extra,D00D:54,D00E:17,None,None,True,False,,0.014601849551516062,0.0
fc12195d0636,24hb_2xT,24hb,2-2,D015:36~D01V:35,designed_extra_extra,D015:36,D01V:35,None,None,True,True,3.8060529508239025,0.014576939028808536,0.0
fc12195d0636,24hb_2xT,24hb,2-2,D000:2330~D00M:54,extra_native,D000:2330,D00M:54,"('h_XY_2_0', 137, 'FORWARD')",None,False,True,3.7631281242626433,0.014571616624024652,0.0
fc12195d0636,24hb_2xT,24hb,2-2,D01F:35~D023:36,designed_extra_extra,D01F:35,D023:36,None,None,True,True,4.0313470880758056,0.014564626703301968,0.0
fc12195d0636,24hb_2xT,24hb,2-2,D000:1923~D011:36,extra_native,D000:1923,D011:36,"('h_XY_1_4', 83, 'REVERSE')",None,False,True,5.35020446658213,0.014546406162672913,0.0
fc12195d0636,24hb_2xT,24hb,2-2,D007:8~D01V:26,designed_extra_extra,D007:8,D01V:26,None,None,True,True,4.033033463710505,0.014545706613509356,0.4
fc12195d0636,24hb_2xT,24hb,2-2,D000:238~D00Y:54,extra_native,D000:238,D00Y:54,"('h_XY_0_4', 17, 'FORWARD')",None,False,True,5.6070154110002175,0.014542102885577963,0.0
fc12195d0636,24hb_2xT,24hb,2-2,D007:8~D01V:27,designed_extra_extra,D007:8,D01V:27,None,None,True,True,4.856428358490728,0.014406353704830703,0.0
fc12195d0636,24hb_2xT,24hb,2-2,D00R:35~D00S:35,designed_extra_extra,D00R:35,D00S:35,None,None,True,False,,0.014386098364880225,0.0
fc12195d0636,24hb_2xT,24hb,2-2,D01V:9~D01W:8,designed_extra_extra,D01V:9,D01W:8,None,None,True,False,,0.014384690794497796,0.0
fc12195d0636,24hb_2xT,24hb,2-2,D01R:9~D021:9,designed_extra_extra,D01R:9,D021:9,None,None,True,False,,0.014328772698942383,0.0
fc12195d0636,24hb_2xT,24hb,2-2,D000:1441~D00Z:27,extra_native,D000:1441,D00Z:27,"('h_XY_2_4', 18, 'FORWARD')",None,False,True,5.77366921343259,0.014318640875254413,0.0
fc12195d0636,24hb_2xT,24hb,2-2,D018:35~D01S:35,designed_extra_extra,D018:35,D01S:35,None,None,True,False,,0.01424826456226841,0.0
fc12195d0636,24hb_2xT,24hb,2-2,D00U:26~D01J:27,designed_extra_extra,D00U:26,D01J:27,None,None,True,False,,0.014225968528525926,0.0
fc12195d0636,24hb_2xT,24hb,2-2,D019:37~D01R:35,extra_native,D019:37,D01R:35,"('h_XY_1_6', 119, 'FORWARD')",None,False,True,5.622766994352628,0.014193139350013309,0.0
fc12195d0636,24hb_2xT,24hb,2-2,D000:960~D00X:9,extra_native,D000:960,D00X:9,"('h_XY_2_1', 38, 'REVERSE')",None,False,True,5.9043232798035215,0.01410586145072007,0.0
fc12195d0636,24hb_2xT,24hb,2-2,D00B:53~D00G:17,designed_extra_extra,D00B:53,D00G:17,None,None,True,True,3.7999205586831266,0.014055466359038715,0.0
fc12195d0636,24hb_2xT,24hb,2-2,D000:967~D001:20,native_native_near_insert,D000:967,D001:20,"('h_XY_2_1', 31, 'REVERSE')","('h_XY_2_1', 29, 'FORWARD')",False,True,5.86531696934806,0.014053962597861035,0.0
fc12195d0636,24hb_2xT,24hb,2-2,D000:12~D01I:39,extra_native,D000:12,D01I:39,"('h_XY_0_1', 58, 'REVERSE')",None,False,True,5.828744943661036,0.014053038148016724,0.0
fc12195d0636,24hb_2xT,24hb,2-2,D01O:8~D01X:26,designed_extra_extra,D01O:8,D01X:26,None,None,True,True,5.734507636478362,0.014037932393104725,0.0
fc12195d0636,24hb_2xT,24hb,2-2,D00B:26~D01M:27,designed_extra_extra,D00B:26,D01M:27,None,None,True,False,,0.014003384626169357,0.0
fc12195d0636,24hb_2xT,24hb,2-2,D000:1395~D008:18,extra_native,D000:1395,D008:18,"('h_XY_1_4', 23, 'REVERSE')",None,False,True,5.693755993132037,0.013986137999257688,0.0
fc12195d0636,24hb_2xT,24hb,2-2,D008:18~D00Z:45,designed_extra_extra,D008:18,D00Z:45,None,None,True,False,,0.013978614655122346,0.0
fc12195d0636,24hb_2xT,24hb,2-2,D00E:27~D01K:9,designed_extra_extra,D00E:27,D01K:9,None,None,True,True,5.291954934848462,0.013936587312233044,0.0
fc12195d0636,24hb_2xT,24hb,2-2,D001:36~D01E:36,designed_extra_extra,D001:36,D01E:36,None,None,True,True,4.8985970876781755,0.01389958879623737,0.0
fc12195d0636,24hb_2xT,24hb,2-2,D01O:8~D01X:27,designed_extra_extra,D01O:8,D01X:27,None,None,True,False,,0.013898795327557131,0.0
fc12195d0636,24hb_2xT,24hb,2-2,D000:386~D01U:18,extra_native,D000:386,D01U:18,"('h_XY_1_5', 31, 'FORWARD')",None,False,True,5.902987305585131,0.013890348082905131,0.0
fc12195d0636,24hb_2xT,24hb,2-2,D00K:31~D01H:26,designed_extra_extra,D00K:31,D01H:26,None,None,True,False,,0.013828055516324452,0.0
fc12195d0636,24hb_2xT,24hb,2-2,D00J:8~D023:9,designed_extra_extra,D00J:8,D023:9,None,None,True,False,,0.013805687349425085,0.0
fc12195d0636,24hb_2xT,24hb,2-2,D005:36~D014:39,designed_extra_extra,D005:36,D014:39,None,None,True,False,,0.013793069644944396,0.0
fc12195d0636,24hb_2xT,24hb,2-2,D016:9~D01D:29,designed_extra_extra,D016:9,D01D:29,None,None,True,False,,0.013627761966834637,0.0
fc12195d0636,24hb_2xT,24hb,2-2,D00P:43~D01H:36,designed_extra_extra,D00P:43,D01H:36,None,None,True,False,,0.013495142052678889,0.0
fc12195d0636,24hb_2xT,24hb,2-2,D001:26~D00X:9,designed_extra_extra,D001:26,D00X:9,None,None,True,True,3.4189352542758833,0.01339409712230606,0.0
fc12195d0636,24hb_2xT,24hb,2-2,D00S:17~D01P:44,designed_extra_extra,D00S:17,D01P:44,None,None,True,False,,0.01339151449769316,0.0
fc12195d0636,24hb_2xT,24hb,2-2,D000:465~D015:36,extra_native,D000:465,D015:36,"('h_XY_1_6', 19, 'REVERSE')",None,False,True,5.952135364578354,0.013368398875809116,0.0
fc12195d0636,24hb_2xT,24hb,2-2,D00N:27~D012:26,designed_extra_extra,D00N:27,D012:26,None,None,True,False,,0.013358216726079456,0.0
fc12195d0636,24hb_2xT,24hb,2-2,D00Q:17~D01O:45,designed_extra_extra,D00Q:17,D01O:45,None,None,True,True,5.382731005046063,0.013304618974211311,0.0
fc12195d0636,24hb_2xT,24hb,2-2,D000:880~D01F:36,extra_native,D000:880,D01F:36,"('h_XY_3_1', 3, 'FORWARD')",None,False,True,5.000495046889148,0.013288090083630185,0.0
fc12195d0636,24hb_2xT,24hb,2-2,D00P:33~D010:27,designed_extra_extra,D00P:33,D010:27,None,None,True,False,,0.013264960939246454,0.0
fc12195d0636,24hb_2xT,24hb,2-2,D000:961~D00X:9,extra_native,D000:961,D00X:9,"('h_XY_2_1', 37, 'REVERSE')",None,False,True,5.7483495747485485,0.013208618655245905,0.0
fc12195d0636,24hb_2xT,24hb,2-2,D005:8~D00V:27,designed_extra_extra,D005:8,D00V:27,None,None,True,False,,0.013194539185834237,0.0
fc12195d0636,24hb_2xT,24hb,2-2,D00O:35~D01J:35,designed_extra_extra,D00O:35,D01J:35,None,None,True,True,3.3900361747569234,0.0131597196708067,0.0
fc12195d0636,24hb_2xT,24hb,2-2,D01U:8~D01X:8,designed_extra_extra,D01U:8,D01X:8,None,None,True,False,,0.013135957750292443,0.0
fc12195d0636,24hb_2xT,24hb,2-2,D000:2440~D003:27,extra_native,D000:2440,D003:27,"('h_XY_3_1', 93, 'FORWARD')",None,False,True,5.47139202501352,0.013016953670271104,0.0
fc12195d0636,24hb_2xT,24hb,2-2,D00Q:27~D00Z:27,designed_extra_extra,D00Q:27,D00Z:27,None,None,True,False,,0.01297679947373935,0.0
fc12195d0636,24hb_2xT,24hb,2-2,D000:2771~D018:9,extra_native,D000:2771,D018:9,"('h_XY_3_5', 104, 'FORWARD')",None,False,True,5.0615721347837725,0.012926295257017387,0.0
fc12195d0636,24hb_2xT,24hb,2-2,D00O:26~D011:26,designed_extra_extra,D00O:26,D011:26,None,None,True,False,,0.012918891136054197,0.0
fc12195d0636,24hb_2xT,24hb,2-2,D000:3109~D00C:9,extra_native,D000:3109,D00C:9,"('h_XY_1_5', 108, 'FORWARD')",None,False,True,5.572203880079991,0.012876882803664886,0.0
fc12195d0636,24hb_2xT,24hb,2-2,D00C:36~D00U:36,designed_extra_extra,D00C:36,D00U:36,None,None,True,False,,0.012874341586735052,0.0
fc12195d0636,24hb_2xT,24hb,2-2,D012:53~D01S:17,designed_extra_extra,D012:53,D01S:17,None,None,True,False,,0.012872124404717286,0.0
fc12195d0636,24hb_2xT,24hb,2-2,D001:17~D00Q:54,designed_extra_extra,D001:17,D00Q:54,None,None,True,False,,0.012862948541384893,0.0
fc12195d0636,24hb_2xT,24hb,2-2,D000:3245~D020:14,native_native_near_insert,D000:3245,D020:14,"('h_XY_0_4', 84, 'FORWARD')","('h_XY_0_4', 86, 'REVERSE')",False,True,5.914224580436317,0.01285691216176155,0.0
fc12195d0636,24hb_2xT,24hb,2-2,D002:47~D00V:9,designed_extra_extra,D002:47,D00V:9,None,None,True,False,,0.012836974509223076,0.0
fc12195d0636,24hb_2xT,24hb,2-2,D00O:44~D00V:18,designed_extra_extra,D00O:44,D00V:18,None,None,True,True,5.306141130298284,0.012705296053609035,0.0
fc12195d0636,24hb_2xT,24hb,2-2,D000:2119~D00B:45,extra_native,D000:2119,D00B:45,"('h_XY_1_1', 88, 'FORWARD')",None,False,True,5.520911354245791,0.01269558693919336,0.0
fc12195d0636,24hb_2xT,24hb,2-2,D00R:37~D00S:36,extra_native,D00R:37,D00S:36,"('h_XY_2_3', 7, 'FORWARD')",None,False,True,5.198724124565904,0.012690205990820153,0.0
fc12195d0636,24hb_2xT,24hb,2-2,D00H:15~D00P:60,designed_extra_extra,D00H:15,D00P:60,None,None,True,True,3.377747549414033,0.012684583076130717,0.0
fc12195d0636,24hb_2xT,24hb,2-2,D018:35~D01S:36,designed_extra_extra,D018:35,D01S:36,None,None,True,False,,0.012628232409462911,0.0
fc12195d0636,24hb_2xT,24hb,2-2,D00Q:27~D00Z:26,designed_extra_extra,D00Q:27,D00Z:26,None,None,True,False,,0.012589709075372517,0.0
fc12195d0636,24hb_2xT,24hb,2-2,D00B:18~D011:45,designed_extra_extra,D00B:18,D011:45,None,None,True,True,3.2552700704452144,0.012495446229840987,0.0
fc12195d0636,24hb_2xT,24hb,2-2,D00S:17~D01P:45,designed_extra_extra,D00S:17,D01P:45,None,None,True,True,4.685722369061775,0.012441773227428432,0.0
fc12195d0636,24hb_2xT,24hb,2-2,D00C:45~D01K:18,designed_extra_extra,D00C:45,D01K:18,None,None,True,False,,0.012391525976855512,0.0
fc12195d0636,24hb_2xT,24hb,2-2,D018:9~D01B:9,designed_extra_extra,D018:9,D01B:9,None,None,True,True,4.898815979839675,0.012387697867508372,0.0
fc12195d0636,24hb_2xT,24hb,2-2,D000:2696~D01C:9,extra_native,D000:2696,D01C:9,"('h_XY_3_4', 86, 'REVERSE')",None,False,True,5.8008450867501065,0.01236388483342753,0.0
fc12195d0636,24hb_2xT,24hb,2-2,D00J:35~D01X:36,designed_extra_extra,D00J:35,D01X:36,None,None,True,False,,0.01230482609017351,0.0
fc12195d0636,24hb_2xT,24hb,2-2,D00R:54~D01F:18,designed_extra_extra,D00R:54,D01F:18,None,None,True,False,,0.012275891404029267,0.0
fc12195d0636,24hb_2xT,24hb,2-2,D000:1365~D01N:48,extra_native,D000:1365,D01N:48,"('h_XY_1_4', 53, 'REVERSE')",None,False,True,5.351064740346706,0.012208574975372045,0.0
fc12195d0636,24hb_2xT,24hb,2-2,D009:44~D01H:17,designed_extra_extra,D009:44,D01H:17,None,None,True,False,,0.012167082096895975,0.0
fc12195d0636,24hb_2xT,24hb,2-2,D008:54~D00J:17,designed_extra_extra,D008:54,D00J:17,None,None,True,False,,0.012157885222598424,0.0
fc12195d0636,24hb_2xT,24hb,2-2,D011:53~D01Z:16,designed_extra_extra,D011:53,D01Z:16,None,None,True,True,3.399043762670706,0.012124297927052,0.0
fc12195d0636,24hb_2xT,24hb,2-2,D000:2038~D00T:27,extra_native,D000:2038,D00T:27,"('h_XY_1_2', 122, 'REVERSE')",None,False,True,5.532798383276669,0.01210731893766401,0.0
fc12195d0636,24hb_2xT,24hb,2-2,D00L:16~D00P:25,designed_extra_extra,D00L:16,D00P:25,None,None,True,True,5.244410139627998,0.01204862270501463,0.0
fc12195d0636,24hb_2xT,24hb,2-2,D000:506~D015:27,extra_native,D000:506,D015:27,"('h_XY_2_6', 17, 'FORWARD')",None,False,True,5.761497839722589,0.012045419507255017,0.0
fc12195d0636,24hb_2xT,24hb,2-2,D013:18~D01K:45,designed_extra_extra,D013:18,D01K:45,None,None,True,False,,0.011998324809308287,0.0
fc12195d0636,24hb_2xT,24hb,2-2,D000:3437~D00E:36,extra_native,D000:3437,D00E:36,"('h_XY_0_2', 122, 'FORWARD')",None,False,True,5.716405546381666,0.011918065795853501,0.0
fc12195d0636,24hb_2xT,24hb,2-2,D005:18~D00K:16,designed_extra_extra,D005:18,D00K:16,None,None,True,True,3.5116134508989356,0.011759872024100431,0.0
fc12195d0636,24hb_2xT,24hb,2-2,D00P:34~D010:27,designed_extra_extra,D00P:34,D010:27,None,None,True,False,,0.011759322318231544,0.0
fc12195d0636,24hb_2xT,24hb,2-2,D000:1408~D01P:27,extra_native,D000:1408,D01P:27,"('h_XY_1_4', 10, 'REVERSE')",None,False,True,5.3970959988956375,0.011639420682367984,0.0
fc12195d0636,24hb_2xT,24hb,2-2,D00B:17~D011:44,designed_extra_extra,D00B:17,D011:44,None,None,True,False,,0.011636803460821974,0.0
fc12195d0636,24hb_2xT,24hb,2-2,D00T:54~D022:17,designed_extra_extra,D00T:54,D022:17,None,None,True,False,,0.01163590526399388,0.0
fc12195d0636,24hb_2xT,24hb,2-2,D000:1374~D009:18,extra_native,D000:1374,D009:18,"('h_XY_1_4', 44, 'REVERSE')",None,False,True,5.219310584043924,0.01162263665639458,0.0
fc12195d0636,24hb_2xT,24hb,2-2,D01L:8~D021:27,designed_extra_extra,D01L:8,D021:27,None,None,True,True,5.271688174199438,0.011618151920131908,0.0
fc12195d0636,24hb_2xT,24hb,2-2,D000:80~D01W:27,extra_native,D000:80,D01W:27,"('h_XY_0_2', -1, 'FORWARD')",None,False,True,5.276149680146669,0.011529715149865671,0.0
fc12195d0636,24hb_2xT,24hb,2-2,D000:851~D01F:34,native_native_near_insert,D000:851,D01F:34,"('h_XY_3_2', 7, 'REVERSE')","('h_XY_3_2', 6, 'FORWARD')",False,True,3.5066170033533814,0.011459265015229085,0.0
fc12195d0636,24hb_2xT,24hb,2-2,D004:17~D00N:54,designed_extra_extra,D004:17,D00N:54,None,None,True,True,3.439611069757985,0.011405388163637536,0.0
fc12195d0636,24hb_2xT,24hb,2-2,D00Z:54~D01V:17,designed_extra_extra,D00Z:54,D01V:17,None,None,True,True,5.0859489096129105,0.01138415097210611,0.0
fc12195d0636,24hb_2xT,24hb,2-2,D00D:18~D013:45,designed_extra_extra,D00D:18,D013:45,None,None,True,False,,0.011381320614883249,0.0
fc12195d0636,24hb_2xT,24hb,2-2,D012:9~D01B:27,designed_extra_extra,D012:9,D01B:27,None,None,True,False,,0.011368582856683617,0.0
fc12195d0636,24hb_2xT,24hb,2-2,D000:567~D016:18,extra_native,D000:567,D016:18,"('h_XY_2_5', 37, 'REVERSE')",None,False,True,5.631539982817903,0.011366898978845399,0.0
fc12195d0636,24hb_2xT,24hb,2-2,D00C:27~D01L:26,designed_extra_extra,D00C:27,D01L:26,None,None,True,False,,0.011326822439831755,0.0
fc12195d0636,24hb_2xT,24hb,2-2,D004:36~D01B:36,designed_extra_extra,D004:36,D01B:36,None,None,True,False,,0.011290692425121816,0.0
fc12195d0636,24hb_2xT,24hb,2-2,D00W:16~D01D:56,designed_extra_extra,D00W:16,D01D:56,None,None,True,True,4.074533300148853,0.011277158710203997,0.0
fc12195d0636,24hb_2xT,24hb,2-2,D000:247~D01U:7,native_native_near_insert,D000:247,D01U:7,"('h_XY_0_4', 26, 'FORWARD')","('h_XY_0_4', 28, 'REVERSE')",False,True,5.905101725427562,0.011227204871473405,0.0
fc12195d0636,24hb_2xT,24hb,2-2,D010:36~D01O:35,designed_extra_extra,D010:36,D01O:35,None,None,True,False,,0.011211000224091296,0.0
fc12195d0636,24hb_2xT,24hb,2-2,D00A:23~D017:35,designed_extra_extra,D00A:23,D017:35,None,None,True,True,4.7775635488411385,0.011147932298898303,0.0
fc12195d0636,24hb_2xT,24hb,2-2,D018:18~D01M:54,designed_extra_extra,D018:18,D01M:54,None,None,True,False,,0.011121938721457425,0.0
fc12195d0636,24hb_2xT,24hb,2-2,D000:2190~D00E:9,extra_native,D000:2190,D00E:9,"('h_XY_1_0', 124, 'REVERSE')",None,False,True,5.881280282376459,0.011107020914740397,0.0
fc12195d0636,24hb_2xT,24hb,2-2,D00Z:9~D01E:27,designed_extra_extra,D00Z:9,D01E:27,None,None,True,True,5.726195600561404,0.011083426475587823,0.0
fc12195d0636,24hb_2xT,24hb,2-2,D000:699~D01E:9,extra_native,D000:699,D01E:9,"('h_XY_3_4', 25, 'REVERSE')",None,False,True,5.624236203386125,0.011049186976593267,0.0
fc12195d0636,24hb_2xT,24hb,2-2,D016:36~D01U:36,designed_extra_extra,D016:36,D01U:36,None,None,True,True,3.325212015097425,0.011027982674810168,0.0
fc12195d0636,24hb_2xT,24hb,2-2,D016:18~D01O:54,designed_extra_extra,D016:18,D01O:54,None,None,True,False,,0.011022430795186266,0.0
fc12195d0636,24hb_2xT,24hb,2-2,D015:9~D01E:9,designed_extra_extra,D015:9,D01E:9,None,None,True,False,,0.010994320348798546,0.0
fc12195d0636,24hb_2xT,24hb,2-2,D005:9~D00V:26,designed_extra_extra,D005:9,D00V:26,None,None,True,False,,0.010987578254472307,0.0
fc12195d0636,24hb_2xT,24hb,2-2,D017:8~D01C:9,designed_extra_extra,D017:8,D01C:9,None,None,True,False,,0.010908468728821376,0.0
fc12195d0636,24hb_2xT,24hb,2-2,D000:649~D016:8,extra_native,D000:649,D016:8,"('h_XY_3_5', 40, 'FORWARD')",None,False,True,5.265752479128977,0.010896018701530228,0.0
fc12195d0636,24hb_2xT,24hb,2-2,D000:2334~D00M:54,extra_native,D000:2334,D00M:54,"('h_XY_2_1', 134, 'REVERSE')",None,False,True,5.720121236064538,0.010867878184355938,0.0
fc12195d0636,24hb_2xT,24hb,2-2,D000:3436~D00E:36,extra_native,D000:3436,D00E:36,"('h_XY_0_2', 121, 'FORWARD')",None,False,True,5.328110683769695,0.010792215525015202,0.0
fc12195d0636,24hb_2xT,24hb,2-2,D004:35~D01B:35,designed_extra_extra,D004:35,D01B:35,None,None,True,False,,0.010791929230216733,0.0
fc12195d0636,24hb_2xT,24hb,2-2,D019:18~D01L:53,designed_extra_extra,D019:18,D01L:53,None,None,True,False,,0.010675500008281557,0.0
fc12195d0636,24hb_2xT,24hb,2-2,D00R:27~D00Y:26,designed_extra_extra,D00R:27,D00Y:26,None,None,True,False,,0.010654262500310296,0.0
fc12195d0636,24hb_2xT,24hb,2-2,D008:35~D00Y:35,designed_extra_extra,D008:35,D00Y:35,None,None,True,False,,0.010622766018246013,0.0
fc12195d0636,24hb_2xT,24hb,2-2,D003:17~D00O:53,designed_extra_extra,D003:17,D00O:53,None,None,True,False,,0.010505038064808151,0.0
fc12195d0636,24hb_2xT,24hb,2-2,D007:45~D00R:17,designed_extra_extra,D007:45,D00R:17,None,None,True,False,,0.010449093103283746,0.0
fc12195d0636,24hb_2xT,24hb,2-2,D00F:35~D021:36,designed_extra_extra,D00F:35,D021:36,None,None,True,False,,0.010403739738555521,0.0
fc12195d0636,24hb_2xT,24hb,2-2,D000:244~D01X:9,extra_native,D000:244,D01X:9,"('h_XY_0_4', 23, 'FORWARD')",None,False,True,5.415401981870323,0.010350076035984365,0.0
fc12195d0636,24hb_2xT,24hb,2-2,D00G:26~D01I:16,designed_extra_extra,D00G:26,D01I:16,None,None,True,True,5.670311261776399,0.010324953479687026,0.0
fc12195d0636,24hb_2xT,24hb,2-2,D000:80~D01W:26,extra_native,D000:80,D01W:26,"('h_XY_0_2', -1, 'FORWARD')",None,False,True,3.3598853084593068,0.010311592737570053,0.0
fc12195d0636,24hb_2xT,24hb,2-2,D006:23~D011:36,designed_extra_extra,D006:23,D011:36,None,None,True,False,,0.010170057067537822,0.0
fc12195d0636,24hb_2xT,24hb,2-2,D00B:17~D011:45,designed_extra_extra,D00B:17,D011:45,None,None,True,False,,0.010148219132036382,0.0
fc12195d0636,24hb_2xT,24hb,2-2,D00C:27~D01L:27,designed_extra_extra,D00C:27,D01L:27,None,None,True,False,,0.010145295357826751,0.0
fc12195d0636,24hb_2xT,24hb,2-2,D00N:26~D012:26,designed_extra_extra,D00N:26,D012:26,None,None,True,False,,0.010078021702919372,0.0
fc12195d0636,24hb_2xT,24hb,2-2,D000:1285~D007:35,extra_native,D000:1285,D007:35,"('h_XY_1_3', -4, 'FORWARD')",None,False,True,4.388918428564718,0.010050762986151056,0.0
fc12195d0636,24hb_2xT,24hb,2-2,D00X:53~D01Y:18,designed_extra_extra,D00X:53,D01Y:18,None,None,True,False,,0.010027053016255845,0.0
fc12195d0636,24hb_2xT,24hb,2-2,D00S:53~D023:18,designed_extra_extra,D00S:53,D023:18,None,None,True,False,,0.0100095469573508,0.0
fc12195d0636,24hb_2xT,24hb,2-2,D013:9~D01A:27,designed_extra_extra,D013:9,D01A:27,None,None,True,False,,0.010002232358727133,0.0
fc12195d0636,24hb_2xT,24hb,2-2,D009:35~D00X:36,designed_extra_extra,D009:35,D00X:36,None,None,True,False,,0.009993026326128068,0.0
fc12195d0636,24hb_2xT,24hb,2-2,D00D:35~D00T:35,designed_extra_extra,D00D:35,D00T:35,None,None,True,False,,0.009983161820852137,0.0
fc12195d0636,24hb_2xT,24hb,2-2,D00Y:45~D01P:18,designed_extra_extra,D00Y:45,D01P:18,None,None,True,True,5.357263918934059,0.009978217473776379,0.0
fc12195d0636,24hb_2xT,24hb,2-2,D00I:26~D01G:9,designed_extra_extra,D00I:26,D01G:9,None,None,True,False,,0.009945461875287465,0.0
fc12195d0636,24hb_2xT,24hb,2-2,D006:40~D017:17,designed_extra_extra,D006:40,D017:17,None,None,True,True,3.518719511012237,0.009935867442474138,0.0
fc12195d0636,24hb_2xT,24hb,2-2,D001:18~D00Q:53,designed_extra_extra,D001:18,D00Q:53,None,None,True,False,,0.00984016007564115,0.0
fc12195d0636,24hb_2xT,24hb,2-2,D00O:36~D01J:36,designed_extra_extra,D00O:36,D01J:36,None,None,True,False,,0.009764776015924046,0.0
fc12195d0636,24hb_2xT,24hb,2-2,D009:27~D01N:47,designed_extra_extra,D009:27,D01N:47,None,None,True,False,,0.00956785524331901,0.0
fc12195d0636,24hb_2xT,24hb,2-2,D00S:54~D023:18,designed_extra_extra,D00S:54,D023:18,None,None,True,True,3.243365268475595,0.009554534609686681,0.0
fc12195d0636,24hb_2xT,24hb,2-2,D004:27~D00T:9,designed_extra_extra,D004:27,D00T:9,None,None,True,False,,0.009553742536869931,0.0
fc12195d0636,24hb_2xT,24hb,2-2,D003:35~D01C:36,designed_extra_extra,D003:35,D01C:36,None,None,True,False,,0.009507499118190429,0.0
fc12195d0636,24hb_2xT,24hb,2-2,D00E:36~D022:35,designed_extra_extra,D00E:36,D022:35,None,None,True,False,,0.009491300788712914,0.0
fc12195d0636,24hb_2xT,24hb,2-2,D00C:9~D01R:27,designed_extra_extra,D00C:9,D01R:27,None,None,True,False,,0.009471567131390324,0.0
fc12195d0636,24hb_2xT,24hb,2-2,D008:53~D00J:17,designed_extra_extra,D008:53,D00J:17,None,None,True,False,,0.009417251589172611,0.0
fc12195d0636,24hb_2xT,24hb,2-2,D00T:54~D022:18,designed_extra_extra,D00T:54,D022:18,None,None,True,False,,0.009407982678825722,0.0
fc12195d0636,24hb_2xT,24hb,2-2,D000:2008~D00D:26,extra_native,D000:2008,D00D:26,"('h_XY_1_3', 131, 'FORWARD')",None,False,True,5.949574803229248,0.009317538737688778,0.0
fc12195d0636,24hb_2xT,24hb,2-2,D01H:9~D01I:38,designed_extra_extra,D01H:9,D01I:38,None,None,True,False,,0.009301016254333674,0.0
fc12195d0636,24hb_2xT,24hb,2-2,D005:35~D014:38,designed_extra_extra,D005:35,D014:38,None,None,True,True,3.457584381640124,0.009293425966179623,0.0
fc12195d0636,24hb_2xT,24hb,2-2,D011:54~D01Z:15,designed_extra_extra,D011:54,D01Z:15,None,None,True,False,,0.009267492723203591,0.0
fc12195d0636,24hb_2xT,24hb,2-2,D000:1731~D012:17,extra_native,D000:1731,D012:17,"('h_XY_2_3', 101, 'REVERSE')",None,False,True,5.769902981389015,0.009245639228684759,0.0
fc12195d0636,24hb_2xT,24hb,2-2,D013:35~D01L:35,designed_extra_extra,D013:35,D01L:35,None,None,True,False,,0.009219923416463235,0.0
fc12195d0636,24hb_2xT,24hb,2-2,D00Y:53~D01X:17,designed_extra_extra,D00Y:53,D01X:17,None,None,True,True,5.058282409422557,0.009181036238237336,0.0
fc12195d0636,24hb_2xT,24hb,2-2,D007:9~D01V:26,designed_extra_extra,D007:9,D01V:26,None,None,True,True,3.5015459486154414,0.009163089137208716,0.0
fc12195d0636,24hb_2xT,24hb,2-2,D00Q:18~D01O:45,designed_extra_extra,D00Q:18,D01O:45,None,None,True,True,3.960902192084914,0.009116324526736065,0.0
fc12195d0636,24hb_2xT,24hb,2-2,D009:54~D00I:18,designed_extra_extra,D009:54,D00I:18,None,None,True,True,3.4055760466608227,0.009085646107113992,0.0
fc12195d0636,24hb_2xT,24hb,2-2,D007:9~D01V:27,designed_extra_extra,D007:9,D01V:27,None,None,True,True,5.137686115953076,0.009051850421471433,0.0
fc12195d0636,24hb_2xT,24hb,2-2,D00K:31~D01H:27,designed_extra_extra,D00K:31,D01H:27,None,None,True,False,,0.00902818732359137,0.0
fc12195d0636,24hb_2xT,24hb,2-2,D00I:26~D01G:8,designed_extra_extra,D00I:26,D01G:8,None,None,True,False,,0.008944927806424946,0.0
fc12195d0636,24hb_2xT,24hb,2-2,D000:3299~D022:9,extra_native,D000:3299,D022:9,"('h_XY_0_4', 138, 'FORWARD')",None,False,True,4.95501799454971,0.008928976160310959,0.0
fc12195d0636,24hb_2xT,24hb,2-2,D00D:17~D013:44,designed_extra_extra,D00D:17,D013:44,None,None,True,False,,0.008922315123095626,0.0
fc12195d0636,24hb_2xT,24hb,2-2,D00N:18~D01L:45,designed_extra_extra,D00N:18,D01L:45,None,None,True,False,,0.008906632640200205,0.0
fc12195d0636,24hb_2xT,24hb,2-2,D000:2166~D00D:45,extra_native,D000:2166,D00D:45,"('h_XY_1_1', 135, 'FORWARD')",None,False,True,5.381044721733544,0.008899963198520319,0.0
fc12195d0636,24hb_2xT,24hb,2-2,D00U:44~D01M:17,designed_extra_extra,D00U:44,D01M:17,None,None,True,False,,0.008885014355679122,0.0
fc12195d0636,24hb_2xT,24hb,2-2,D000:2118~D00B:45,extra_native,D000:2118,D00B:45,"('h_XY_1_1', 87, 'FORWARD')",None,False,True,4.668737086100557,0.008883151181241864,0.0
fc12195d0636,24hb_2xT,24hb,2-2,D016:35~D01U:36,designed_extra_extra,D016:35,D01U:36,None,None,True,True,3.4326710413239447,0.00882314416081793,0.0
fc12195d0636,24hb_2xT,24hb,2-2,D000:908~D00X:8,extra_native,D000:908,D00X:8,"('h_XY_3_1', 31, 'FORWARD')",None,False,True,5.488442548616433,0.00862511761694832,0.0
fc12195d0636,24hb_2xT,24hb,2-2,D000:2641~D01A:18,extra_native,D000:2641,D01A:18,"('h_XY_3_3', 134, 'FORWARD')",None,False,True,4.645091755828904,0.008618950834623494,0.0
fc12195d0636,24hb_2xT,24hb,2-2,D000:1705~D013:25,native_native_near_insert,D000:1705,D013:25,"('h_XY_2_3', 127, 'REVERSE')","('h_XY_2_3', 125, 'FORWARD')",False,True,5.666909349780802,0.008589033373401183,0.0
fc12195d0636,24hb_2xT,24hb,2-2,D01P:44~D01V:35,other_extra_extra,D01P:44,D01V:35,None,None,False,True,5.6163481090225895,0.008555785777017193,0.0
fc12195d0636,24hb_2xT,24hb,2-2,D000:981~D00Y:9,extra_native,D000:981,D00Y:9,"('h_XY_2_1', 17, 'REVERSE')",None,False,True,5.479628576388597,0.00850722481519876,0.0
fc12195d0636,24hb_2xT,24hb,2-2,D00N:26~D012:27,designed_extra_extra,D00N:26,D012:27,None,None,True,False,,0.008504014352448528,0.0
fc12195d0636,24hb_2xT,24hb,2-2,D018:17~D01M:53,designed_extra_extra,D018:17,D01M:53,None,None,True,False,,0.008458203464476113,0.0
fc12195d0636,24hb_2xT,24hb,2-2,D01B:18~D01K:54,designed_extra_extra,D01B:18,D01K:54,None,None,True,True,3.8762321498503254,0.008441846656828136,0.0
fc12195d0636,24hb_2xT,24hb,2-2,D000:3444~D022:26,extra_native,D000:3444,D022:26,"('h_XY_0_2', 129, 'FORWARD')",None,False,True,5.969190158022275,0.00838868449774784,0.0
fc12195d0636,24hb_2xT,24hb,2-2,D001:35~D01E:36,designed_extra_extra,D001:35,D01E:36,None,None,True,True,3.3197376630510185,0.008326885410265009,0.0
fc12195d0636,24hb_2xT,24hb,2-2,D01U:9~D01X:8,designed_extra_extra,D01U:9,D01X:8,None,None,True,False,,0.008293328911968859,0.0
fc12195d0636,24hb_2xT,24hb,2-2,D00Q:26~D00Z:27,designed_extra_extra,D00Q:26,D00Z:27,None,None,True,False,,0.00825485886626231,0.0
fc12195d0636,24hb_2xT,24hb,2-2,D01T:38~D01Z:38,designed_extra_extra,D01T:38,D01Z:38,None,None,True,False,,0.008248421850029101,0.0
fc12195d0636,24hb_2xT,24hb,2-2,D000:2008~D00D:27,extra_native,D000:2008,D00D:27,"('h_XY_1_3', 131, 'FORWARD')",None,False,True,5.8933281782675015,0.008237618057676158,0.0
fc12195d0636,24hb_2xT,24hb,2-2,D00R:44~D00Z:18,designed_extra_extra,D00R:44,D00Z:18,None,None,True,False,,0.008167506630051419,0.0
fc12195d0636,24hb_2xT,24hb,2-2,D012:8~D01B:27,designed_extra_extra,D012:8,D01B:27,None,None,True,False,,0.008141077233711345,0.0
fc12195d0636,24hb_2xT,24hb,2-2,D001:9~D00I:8,designed_extra_extra,D001:9,D00I:8,None,None,True,False,,0.008130966538016033,0.0
fc12195d0636,24hb_2xT,24hb,2-2,D009:17~D010:45,designed_extra_extra,D009:17,D010:45,None,None,True,False,,0.007976839320873019,0.0
fc12195d0636,24hb_2xT,24hb,2-2,D000:3087~D00B:9,extra_native,D000:3087,D00B:9,"('h_XY_1_5', 86, 'FORWARD')",None,False,True,5.705989113429787,0.007971446603815723,0.0
fc12195d0636,24hb_2xT,24hb,2-2,D005:17~D00K:16,designed_extra_extra,D005:17,D00K:16,None,None,True,False,,0.007955009342820231,0.0
fc12195d0636,24hb_2xT,24hb,2-2,D000:1145~D007:53,extra_native,D000:1145,D007:53,"('h_XY_1_1', -4, 'FORWARD')",None,False,True,5.299882632003247,0.007948045788177897,0.0
fc12195d0636,24hb_2xT,24hb,2-2,D012:18~D01J:44,designed_extra_extra,D012:18,D01J:44,None,None,True,False,,0.007943466791901324,0.0
fc12195d0636,24hb_2xT,24hb,2-2,D00M:9~D019:27,designed_extra_extra,D00M:9,D019:27,None,None,True,False,,0.007911041736754434,0.0
fc12195d0636,24hb_2xT,24hb,2-2,D000:11~D01I:39,extra_native,D000:11,D01I:39,"('h_XY_0_1', 59, 'REVERSE')",None,False,True,5.273530865050811,0.00787352146189851,0.0
fc12195d0636,24hb_2xT,24hb,2-2,D00C:54~D00F:18,designed_extra_extra,D00C:54,D00F:18,None,None,True,False,,0.007850338629285566,0.0
fc12195d0636,24hb_2xT,24hb,2-2,D00W:16~D01D:57,designed_extra_extra,D00W:16,D01D:57,None,None,True,False,,0.00783560748483861,0.0
fc12195d0636,24hb_2xT,24hb,2-2,D011:53~D01Z:15,designed_extra_extra,D011:53,D01Z:15,None,None,True,False,,0.007831534917319118,0.0
fc12195d0636,24hb_2xT,24hb,2-2,D01H:8~D01I:39,designed_extra_extra,D01H:8,D01I:39,None,None,True,False,,0.007829529940758006,0.0
fc12195d0636,24hb_2xT,24hb,2-2,D00P:16~D016:27,designed_extra_extra,D00P:16,D016:27,None,None,True,False,,0.007805065409932377,0.0
fc12195d0636,24hb_2xT,24hb,2-2,D010:53~D01U:17,designed_extra_extra,D010:53,D01U:17,None,None,True,False,,0.007804059525777072,0.0
fc12195d0636,24hb_2xT,24hb,2-2,D018:18~D01M:53,designed_extra_extra,D018:18,D01M:53,None,None,True,False,,0.007802792264087943,0.0
fc12195d0636,24hb_2xT,24hb,2-2,D017:9~D01C:8,designed_extra_extra,D017:9,D01C:8,None,None,True,False,,0.007802511138375719,0.0
fc12195d0636,24hb_2xT,24hb,2-2,D000:3356~D020:17,extra_native,D000:3356,D020:17,"('h_XY_0_3', 88, 'REVERSE')",None,False,True,5.471028508773887,0.007770396554574908,0.0
fc12195d0636,24hb_2xT,24hb,2-2,D003:36~D01C:36,designed_extra_extra,D003:36,D01C:36,None,None,True,False,,0.007748313881807093,0.0
fc12195d0636,24hb_2xT,24hb,2-2,D00J:27~D00R:9,designed_extra_extra,D00J:27,D00R:9,None,None,True,False,,0.007641224135470989,0.0
fc12195d0636,24hb_2xT,24hb,2-2,D000:1985~D00C:27,extra_native,D000:1985,D00C:27,"('h_XY_1_3', 108, 'FORWARD')",None,False,True,5.732463114910636,0.0076245863921471846,0.0
fc12195d0636,24hb_2xT,24hb,2-2,D00L:15~D00P:24,designed_extra_extra,D00L:15,D00P:24,None,None,True,True,3.3259069873698537,0.007622456006196396,0.0
fc12195d0636,24hb_2xT,24hb,2-2,D01F:35~D023:35,designed_extra_extra,D01F:35,D023:35,None,None,True,True,3.347494434371062,0.007621538140012246,0.0
fc12195d0636,24hb_2xT,24hb,2-2,D00B:44~D01J:17,designed_extra_extra,D00B:44,D01J:17,None,None,True,False,,0.007610589561254152,0.0
fc12195d0636,24hb_2xT,24hb,2-2,D01O:9~D01X:26,designed_extra_extra,D01O:9,D01X:26,None,None,True,False,,0.00758701521326876,0.0
fc12195d0636,24hb_2xT,24hb,2-2,D00R:26~D00Y:27,designed_extra_extra,D00R:26,D00Y:27,None,None,True,False,,0.0075617385049038454,0.0
fc12195d0636,24hb_2xT,24hb,2-2,D019:36~D01R:36,designed_extra_extra,D019:36,D01R:36,None,None,True,False,,0.007548135865180729,0.0
fc12195d0636,24hb_2xT,24hb,2-2,D000:2022~D00D:45,extra_native,D000:2022,D00D:45,"('h_XY_1_2', 138, 'REVERSE')",None,False,True,5.525264832106686,0.007525651255616498,0.0
fc12195d0636,24hb_2xT,24hb,2-2,D00N:17~D01L:44,designed_extra_extra,D00N:17,D01L:44,None,None,True,True,3.359593309134823,0.00746590327791572,0.0
fc12195d0636,24hb_2xT,24hb,2-2,D00K:32~D01H:27,designed_extra_extra,D00K:32,D01H:27,None,None,True,False,,0.007434570823278191,0.0
fc12195d0636,24hb_2xT,24hb,2-2,D008:45~D01G:17,designed_extra_extra,D008:45,D01G:17,None,None,True,False,,0.007401519000114447,0.0
fc12195d0636,24hb_2xT,24hb,2-2,D00B:36~D00V:35,designed_extra_extra,D00B:36,D00V:35,None,None,True,True,3.8874525069244825,0.007376957349860186,0.0
fc12195d0636,24hb_2xT,24hb,2-2,D00Q:9~D015:26,designed_extra_extra,D00Q:9,D015:26,None,None,True,False,,0.007362319887264237,0.0
fc12195d0636,24hb_2xT,24hb,2-2,D00Y:9~D023:26,designed_extra_extra,D00Y:9,D023:26,None,None,True,False,,0.007356821072090075,0.0
fc12195d0636,24hb_2xT,24hb,2-2,D005:9~D00V:27,designed_extra_extra,D005:9,D00V:27,None,None,True,False,,0.007337416930741339,0.0
fc12195d0636,24hb_2xT,24hb,2-2,D01B:17~D01K:53,designed_extra_extra,D01B:17,D01K:53,None,None,True,True,4.101081884479239,0.007297936093020676,0.0
fc12195d0636,24hb_2xT,24hb,2-2,D01B:18~D01K:53,designed_extra_extra,D01B:18,D01K:53,None,None,True,True,4.834607748557797,0.007264622927202359,0.0
fc12195d0636,24hb_2xT,24hb,2-2,D000:3282~D00T:53,extra_native,D000:3282,D00T:53,"('h_XY_0_4', 121, 'FORWARD')",None,False,True,4.879804800105227,0.007248208630274831,0.0
fc12195d0636,24hb_2xT,24hb,2-2,D015:18~D01P:53,designed_extra_extra,D015:18,D01P:53,None,None,True,True,3.356791876220373,0.007203061595788895,0.0
fc12195d0636,24hb_2xT,24hb,2-2,D00R:53~D01F:17,designed_extra_extra,D00R:53,D01F:17,None,None,True,False,,0.007195950169836391,0.0
fc12195d0636,24hb_2xT,24hb,2-2,D00Y:44~D01P:18,designed_extra_extra,D00Y:44,D01P:18,None,None,True,False,,0.007165196808290959,0.0
fc12195d0636,24hb_2xT,24hb,2-2,D01H:9~D01I:39,designed_extra_extra,D01H:9,D01I:39,None,None,True,False,,0.007127444478591621,0.0
fc12195d0636,24hb_2xT,24hb,2-2,D014:16~D01D:38,designed_extra_extra,D014:16,D01D:38,None,None,True,False,,0.007094869203788393,0.0
fc12195d0636,24hb_2xT,24hb,2-2,D002:56~D00W:38,designed_extra_extra,D002:56,D00W:38,None,None,True,False,,0.0070811642827655055,0.0
fc12195d0636,24hb_2xT,24hb,2-2,D00O:27~D011:27,designed_extra_extra,D00O:27,D011:27,None,None,True,False,,0.007047881405787683,0.0
fc12195d0636,24hb_2xT,24hb,2-2,D000:436~D009:8,extra_native,D000:436,D009:8,"('h_XY_1_6', 48, 'REVERSE')",None,False,True,4.026711850595161,0.007039506541720911,0.0
fc12195d0636,24hb_2xT,24hb,2-2,D000:2655~D019:7,native_native_near_insert,D000:2655,D019:7,"('h_XY_3_4', 127, 'REVERSE')","('h_XY_3_4', 125, 'FORWARD')",False,True,5.957895066077376,0.007016894774226019,0.0
fc12195d0636,24hb_2xT,24hb,2-2,D00X:45~D01O:17,designed_extra_extra,D00X:45,D01O:17,None,None,True,False,,0.006996832764701324,0.0
fc12195d0636,24hb_2xT,24hb,2-2,D000:1327~D00X:36,extra_native,D000:1327,D00X:36,"('h_XY_1_3', 38, 'FORWARD')",None,False,True,5.126737534327115,0.006966397404693339,0.0
fc12195d0636,24hb_2xT,24hb,2-2,D00B:44~D01J:18,designed_extra_extra,D00B:44,D01J:18,None,None,True,False,,0.006964159801713342,0.0
fc12195d0636,24hb_2xT,24hb,2-2,D01E:17~D01G:53,designed_extra_extra,D01E:17,D01G:53,None,None,True,True,3.671045797298524,0.006946636836985143,0.0
fc12195d0636,24hb_2xT,24hb,2-2,D000:2790~D019:9,extra_native,D000:2790,D019:9,"('h_XY_3_5', 123, 'FORWARD')",None,False,True,5.750115055674769,0.006931875495262213,0.0
fc12195d0636,24hb_2xT,24hb,2-2,D00N:44~D00U:17,designed_extra_extra,D00N:44,D00U:17,None,None,True,False,,0.006927854406406618,0.0
fc12195d0636,24hb_2xT,24hb,2-2,D000:1542~D00S:26,extra_native,D000:1542,D00S:26,"('h_XY_2_3', -4, 'REVERSE')",None,False,True,5.089570527531841,0.0069262467353460085,0.0
fc12195d0636,24hb_2xT,24hb,2-2,D016:9~D01D:30,designed_extra_extra,D016:9,D01D:30,None,None,True,False,,0.0068979576422423285,0.0
fc12195d0636,24hb_2xT,24hb,2-2,D00N:35~D01K:36,designed_extra_extra,D00N:35,D01K:36,None,None,True,False,,0.006890028428535936,0.0
fc12195d0636,24hb_2xT,24hb,2-2,D01T:38~D01Z:39,designed_extra_extra,D01T:38,D01Z:39,None,None,True,False,,0.0068717108943160046,0.0
fc12195d0636,24hb_2xT,24hb,2-2,D009:44~D01H:18,designed_extra_extra,D009:44,D01H:18,None,None,True,False,,0.0068207883639483146,0.0
fc12195d0636,24hb_2xT,24hb,2-2,D00H:16~D00P:61,designed_extra_extra,D00H:16,D00P:61,None,None,True,False,,0.00679610005028041,0.0
fc12195d0636,24hb_2xT,24hb,2-2,D000:3337~D021:18,extra_native,D000:3337,D021:18,"('h_XY_0_3', 107, 'REVERSE')",None,False,True,5.63454399054476,0.0067555703538374435,0.0
fc12195d0636,24hb_2xT,24hb,2-2,D00J:8~D023:8,designed_extra_extra,D00J:8,D023:8,None,None,True,False,,0.006706748802207833,0.0
fc12195d0636,24hb_2xT,24hb,2-2,D00P:51~D00X:17,designed_extra_extra,D00P:51,D00X:17,None,None,True,True,4.394949773755255,0.006649688592957975,0.0
fc12195d0636,24hb_2xT,24hb,2-2,D000:1486~D01H:36,extra_native,D000:1486,D01H:36,"('h_XY_2_3', 52, 'REVERSE')",None,False,True,5.861872946690138,0.00664315752980208,0.0
fc12195d0636,24hb_2xT,24hb,2-2,D000:679~D01D:30,extra_native,D000:679,D01D:30,"('h_XY_3_4', 45, 'REVERSE')",None,False,True,5.834423018324245,0.006618939365679548,0.0
fc12195d0636,24hb_2xT,24hb,2-2,D01N:39~D01Q:39,designed_extra_extra,D01N:39,D01Q:39,None,None,True,True,3.2673807039279144,0.006593845947571705,0.0
fc12195d0636,24hb_2xT,24hb,2-2,D00O:17~D01M:45,designed_extra_extra,D00O:17,D01M:45,None,None,True,True,5.970196092563391,0.006576479315816735,0.0
fc12195d0636,24hb_2xT,24hb,2-2,D00B:27~D01M:27,designed_extra_extra,D00B:27,D01M:27,None,None,True,False,,0.006559475040734449,0.0
fc12195d0636,24hb_2xT,24hb,2-2,D01F:34~D023:36,extra_native,D01F:34,D023:36,"('h_XY_3_2', 6, 'FORWARD')",None,False,True,5.472109030928254,0.006467808471765772,0.0
fc12195d0636,24hb_2xT,24hb,2-2,D016:17~D01O:53,designed_extra_extra,D016:17,D01O:53,None,None,True,False,,0.006466457215212808,0.0
fc12195d0636,24hb_2xT,24hb,2-2,D007:45~D00R:18,designed_extra_extra,D007:45,D00R:18,None,None,True,False,,0.006457902742962391,0.0
fc12195d0636,24hb_2xT,24hb,2-2,D00J:35~D01X:35,designed_extra_extra,D00J:35,D01X:35,None,None,True,True,4.076485790552245,0.006410257260632208,0.0
fc12195d0636,24hb_2xT,24hb,2-2,D006:41~D017:18,designed_extra_extra,D006:41,D017:18,None,None,True,True,5.692395600642232,0.006386844251289659,0.0
fc12195d0636,24hb_2xT,24hb,2-2,D015:17~D01P:54,designed_extra_extra,D015:17,D01P:54,None,None,True,True,5.073372077988644,0.006380314103434275,0.0
fc12195d0636,24hb_2xT,24hb,2-2,D000:1393~D008:18,extra_native,D000:1393,D008:18,"('h_XY_1_4', 25, 'REVERSE')",None,False,True,5.863373161226531,0.0063661088233442995,0.0
fc12195d0636,24hb_2xT,24hb,2-2,D00B:35~D00V:35,designed_extra_extra,D00B:35,D00V:35,None,None,True,True,5.164466072927217,0.006318929506337083,0.0
fc12195d0636,24hb_2xT,24hb,2-2,D000:198~D01P:9,extra_native,D000:198,D01P:9,"('h_XY_0_3', 12, 'REVERSE')",None,False,True,5.952317045436372,0.006315370803408039,0.0
fc12195d0636,24hb_2xT,24hb,2-2,D006:32~D00L:39,designed_extra_extra,D006:32,D00L:39,None,None,True,False,,0.00625345924156386,0.0
fc12195d0636,24hb_2xT,24hb,2-2,D00N:8~D018:27,designed_extra_extra,D00N:8,D018:27,None,None,True,False,,0.006237185400827843,0.0
fc12195d0636,24hb_2xT,24hb,2-2,D00I:36~D01Y:36,designed_extra_extra,D00I:36,D01Y:36,None,None,True,False,,0.00622948345283693,0.0
fc12195d0636,24hb_2xT,24hb,2-2,D000:1917~D00B:18,extra_native,D000:1917,D00B:18,"('h_XY_1_4', 89, 'REVERSE')",None,False,True,4.8023695589997635,0.006210820860684455,0.0
fc12195d0636,24hb_2xT,24hb,2-2,D00Q:36~D01G:36,designed_extra_extra,D00Q:36,D01G:36,None,None,True,False,,0.006150662408421694,0.0
fc12195d0636,24hb_2xT,24hb,2-2,D005:8~D00V:26,designed_extra_extra,D005:8,D00V:26,None,None,True,False,,0.006141882953356839,0.0
fc12195d0636,24hb_2xT,24hb,2-2,D000:447~D016:36,extra_native,D000:447,D016:36,"('h_XY_1_6', 37, 'REVERSE')",None,False,True,5.865391474027372,0.006141209888199846,0.0
fc12195d0636,24hb_2xT,24hb,2-2,D00Z:54~D01V:18,designed_extra_extra,D00Z:54,D01V:18,None,None,True,False,,0.006102661022157125,0.0
fc12195d0636,24hb_2xT,24hb,2-2,D00P:44~D01H:36,extra_native,D00P:44,D01H:36,"('h_XY_2_2', 48, 'REVERSE')",None,False,True,5.045997419720214,0.006076093312910697,0.0
fc12195d0636,24hb_2xT,24hb,2-2,D002:57~D00W:38,designed_extra_extra,D002:57,D00W:38,None,None,True,False,,0.006014810309388464,0.0
fc12195d0636,24hb_2xT,24hb,2-2,D000:727~D01F:8,extra_native,D000:727,D01F:8,"('h_XY_3_4', -3, 'REVERSE')",None,False,True,5.4018687814469,0.005978337185470915,0.0
fc12195d0636,24hb_2xT,24hb,2-2,D000:489~D00S:9,extra_native,D000:489,D00S:9,"('h_XY_2_6', 0, 'FORWARD')",None,False,True,4.973105791632294,0.0058883331766310144,0.0
fc12195d0636,24hb_2xT,24hb,2-2,D01C:17~D01J:53,designed_extra_extra,D01C:17,D01J:53,None,None,True,False,,0.005762725461983822,0.0
fc12195d0636,24hb_2xT,24hb,2-2,D000:2214~D00F:9,extra_native,D000:2214,D00F:9,"('h_XY_1_0', 100, 'REVERSE')",None,False,True,4.6191652496565165,0.005682234125063294,0.0
fc12195d0636,24hb_2xT,24hb,2-2,D000:2079~D00V:27,extra_native,D000:2079,D00V:27,"('h_XY_1_2', 81, 'REVERSE')",None,False,True,5.779929825563557,0.005652554313582868,0.0
fc12195d0636,24hb_2xT,24hb,2-2,D001:27~D00X:9,designed_extra_extra,D001:27,D00X:9,None,None,True,False,,0.005629187299245068,0.0
fc12195d0636,24hb_2xT,24hb,2-2,D00U:27~D01J:26,designed_extra_extra,D00U:27,D01J:26,None,None,True,False,,0.005618341903059616,0.0
fc12195d0636,24hb_2xT,24hb,2-2,D008:53~D00J:18,designed_extra_extra,D008:53,D00J:18,None,None,True,True,4.8237267326677715,0.005615266050131283,0.0
fc12195d0636,24hb_2xT,24hb,2-2,D000:1508~D01G:36,extra_native,D000:1508,D01G:36,"('h_XY_2_3', 30, 'REVERSE')",None,False,True,5.53831411222343,0.0055076359047186345,0.0
fc12195d0636,24hb_2xT,24hb,2-2,D000:982~D00Y:9,extra_native,D000:982,D00Y:9,"('h_XY_2_1', 16, 'REVERSE')",None,False,True,5.664589705030151,0.005494393201602161,0.0
fc12195d0636,24hb_2xT,24hb,2-2,D000:1366~D01N:48,extra_native,D000:1366,D01N:48,"('h_XY_1_4', 52, 'REVERSE')",None,False,True,5.460607061742913,0.005412546146943196,0.0
fc12195d0636,24hb_2xT,24hb,2-2,D01O:9~D01X:27,designed_extra_extra,D01O:9,D01X:27,None,None,True,False,,0.005366013062382463,0.0
fc12195d0636,24hb_2xT,24hb,2-2,D01T:29~D01Y:9,designed_extra_extra,D01T:29,D01Y:9,None,None,True,False,,0.00533454185583032,0.0
fc12195d0636,24hb_2xT,24hb,2-2,D000:2916~D017:34,native_native_near_insert,D000:2916,D017:34,"('h_XY_2_6', 75, 'FORWARD')","('h_XY_2_6', 77, 'REVERSE')",False,True,5.8775523413659405,0.005321966743941484,0.0
fc12195d0636,24hb_2xT,24hb,2-2,D00G:27~D01I:16,designed_extra_extra,D00G:27,D01I:16,None,None,True,False,,0.005298180855499705,0.0
fc12195d0636,24hb_2xT,24hb,2-2,D001:18~D00Q:54,designed_extra_extra,D001:18,D00Q:54,None,None,True,True,3.443452617521282,0.005235119773303684,0.0
fc12195d0636,24hb_2xT,24hb,2-2,D013:36~D01L:35,designed_extra_extra,D013:36,D01L:35,None,None,True,False,,0.005234238532463972,0.0
fc12195d0636,24hb_2xT,24hb,2-2,D00N:35~D01K:35,designed_extra_extra,D00N:35,D01K:35,None,None,True,False,,0.00522721055218485,0.0
fc12195d0636,24hb_2xT,24hb,2-2,D009:36~D00P:43,other_extra_extra,D009:36,D00P:43,None,None,False,True,4.534984411206196,0.005226143570960201,0.0
fc12195d0636,24hb_2xT,24hb,2-2,D013:54~D01R:17,designed_extra_extra,D013:54,D01R:17,None,None,True,False,,0.005223866073258131,0.0
fc12195d0636,24hb_2xT,24hb,2-2,D00T:27~D01K:27,designed_extra_extra,D00T:27,D01K:27,None,None,True,False,,0.0051397739050051475,0.0
fc12195d0636,24hb_2xT,24hb,2-2,D000:2012~D00D:27,extra_native,D000:2012,D00D:27,"('h_XY_1_3', 135, 'FORWARD')",None,False,True,4.216775844004937,0.0051330998326750395,0.0
fc12195d0636,24hb_2xT,24hb,2-2,D002:29~D00G:8,designed_extra_extra,D002:29,D00G:8,None,None,True,False,,0.0051244362969776365,0.0
fc12195d0636,24hb_2xT,24hb,2-2,D000:186~D01X:18,extra_native,D000:186,D01X:18,"('h_XY_0_3', 24, 'REVERSE')",None,False,True,5.359159476721386,0.005109296406320568,0.0
fc12195d0636,24hb_2xT,24hb,2-2,D00O:17~D01M:44,designed_extra_extra,D00O:17,D01M:44,None,None,True,False,,0.005095673655557409,0.0
fc12195d0636,24hb_2xT,24hb,2-2,D00J:36~D01X:36,designed_extra_extra,D00J:36,D01X:36,None,None,True,True,5.263618056127717,0.005087644838993789,0.0
fc12195d0636,24hb_2xT,24hb,2-2,D000:2279~D00O:53,extra_native,D000:2279,D00O:53,"('h_XY_2_0', 86, 'FORWARD')",None,False,True,5.6856336786898405,0.005050136577562335,0.0
fc12195d0636,24hb_2xT,24hb,2-2,D010:54~D01U:17,designed_extra_extra,D010:54,D01U:17,None,None,True,False,,0.005014108033900756,0.0
fc12195d0636,24hb_2xT,24hb,2-2,D009:45~D01H:18,designed_extra_extra,D009:45,D01H:18,None,None,True,False,,0.005011012211284957,0.0
fc12195d0636,24hb_2xT,24hb,2-2,D015:35~D01V:36,designed_extra_extra,D015:35,D01V:36,None,None,True,False,,0.0049649821479918095,0.0
fc12195d0636,24hb_2xT,24hb,2-2,D00I:35~D01Y:36,designed_extra_extra,D00I:35,D01Y:36,None,None,True,False,,0.0049221941742088535,0.0
fc12195d0636,24hb_2xT,24hb,2-2,D003:27~D00U:9,designed_extra_extra,D003:27,D00U:9,None,None,True,False,,0.0049167743851314845,0.0
fc12195d0636,24hb_2xT,24hb,2-2,D005:17~D00K:15,designed_extra_extra,D005:17,D00K:15,None,None,True,False,,0.00486699836210747,0.0
fc12195d0636,24hb_2xT,24hb,2-2,D019:17~D01L:53,designed_extra_extra,D019:17,D01L:53,None,None,True,False,,0.004858419048519988,0.0
fc12195d0636,24hb_2xT,24hb,2-2,D000:1898~D00C:18,extra_native,D000:1898,D00C:18,"('h_XY_1_4', 108, 'REVERSE')",None,False,True,5.239933581253536,0.0047870760075895795,0.0
fc12195d0636,24hb_2xT,24hb,2-2,D019:35~D01R:35,designed_extra_extra,D019:35,D01R:35,None,None,True,False,,0.004785816333954021,0.0
fc12195d0636,24hb_2xT,24hb,2-2,D000:2640~D01A:19,native_native_near_insert,D000:2640,D01A:19,"('h_XY_3_3', 133, 'FORWARD')","('h_XY_3_3', 132, 'REVERSE')",False,True,3.699614258993251,0.004784613936173088,0.0
fc12195d0636,24hb_2xT,24hb,2-2,D000:2039~D00T:27,extra_native,D000:2039,D00T:27,"('h_XY_1_2', 121, 'REVERSE')",None,False,True,5.779171522841708,0.004751699586582404,0.0
fc12195d0636,24hb_2xT,24hb,2-2,D008:36~D00Y:35,designed_extra_extra,D008:36,D00Y:35,None,None,True,False,,0.004714405493416941,0.0
fc12195d0636,24hb_2xT,24hb,2-2,D00B:36~D00V:36,designed_extra_extra,D00B:36,D00V:36,None,None,True,False,,0.004693356993130613,0.0
fc12195d0636,24hb_2xT,24hb,2-2,D000:290~D01Z:38,extra_native,D000:290,D01Z:38,"('h_XY_0_5', 60, 'REVERSE')",None,False,True,5.999127206416424,0.004673939963242576,0.0
fc12195d0636,24hb_2xT,24hb,2-2,D00D:17~D013:45,designed_extra_extra,D00D:17,D013:45,None,None,True,False,,0.004672569595980766,0.0
fc12195d0636,24hb_2xT,24hb,2-2,D000:1963~D00B:27,extra_native,D000:1963,D00B:27,"('h_XY_1_3', 86, 'FORWARD')",None,False,True,4.88170801643463,0.004667074539855636,0.0
fc12195d0636,24hb_2xT,24hb,2-2,D00P:43~D01H:35,designed_extra_extra,D00P:43,D01H:35,None,None,True,False,,0.004658986850284096,0.0
fc12195d0636,24hb_2xT,24hb,2-2,D00P:44~D01H:35,extra_native,D00P:44,D01H:35,"('h_XY_2_2', 48, 'REVERSE')",None,False,True,3.8138124605577386,0.004627473548553556,0.0
fc12195d0636,24hb_2xT,24hb,2-2,D019:35~D01R:36,designed_extra_extra,D019:35,D01R:36,None,None,True,False,,0.004594255895838664,0.0
fc12195d0636,24hb_2xT,24hb,2-2,D000:2608~D012:9,extra_native,D000:2608,D012:9,"('h_XY_3_3', 101, 'FORWARD')",None,False,True,5.352700052306032,0.0045693755072372215,0.0
fc12195d0636,24hb_2xT,24hb,2-2,D002:56~D00W:39,designed_extra_extra,D002:56,D00W:39,None,None,True,True,5.3927180980533125,0.004569295419857736,0.0
fc12195d0636,24hb_2xT,24hb,2-2,D002:57~D00W:39,designed_extra_extra,D002:57,D00W:39,None,None,True,True,3.4251926276997122,0.004565999156630898,0.0
fc12195d0636,24hb_2xT,24hb,2-2,D012:36~D01M:35,designed_extra_extra,D012:36,D01M:35,None,None,True,False,,0.004564223158250646,0.0
fc12195d0636,24hb_2xT,24hb,2-2,D00D:35~D00T:36,designed_extra_extra,D00D:35,D00T:36,None,None,True,False,,0.004542760169873399,0.0
fc12195d0636,24hb_2xT,24hb,2-2,D012:18~D01J:45,designed_extra_extra,D012:18,D01J:45,None,None,True,False,,0.004541716422426576,0.0
fc12195d0636,24hb_2xT,24hb,2-2,D01N:38~D01Q:39,designed_extra_extra,D01N:38,D01Q:39,None,None,True,False,,0.004499964339780985,0.0
fc12195d0636,24hb_2xT,24hb,2-2,D00Y:44~D01P:17,designed_extra_extra,D00Y:44,D01P:17,None,None,True,False,,0.004473163722012556,0.0
fc12195d0636,24hb_2xT,24hb,2-2,D004:36~D01B:35,designed_extra_extra,D004:36,D01B:35,None,None,True,False,,0.004417350918072467,0.0
fc12195d0636,24hb_2xT,24hb,2-2,D000:1694~D00M:36,extra_native,D000:1694,D00M:36,"('h_XY_2_2', 137, 'FORWARD')",None,False,True,5.2291268493223635,0.004406474167357519,0.0
fc12195d0636,24hb_2xT,24hb,2-2,D008:9~D01U:27,designed_extra_extra,D008:9,D01U:27,None,None,True,False,,0.004377905270975108,0.0
fc12195d0636,24hb_2xT,24hb,2-2,D00W:15~D01D:56,designed_extra_extra,D00W:15,D01D:56,None,None,True,False,,0.004352926712046254,0.0
fc12195d0636,24hb_2xT,24hb,2-2,D00R:45~D00Z:18,designed_extra_extra,D00R:45,D00Z:18,None,None,True,False,,0.004351374619251379,0.0
fc12195d0636,24hb_2xT,24hb,2-2,D00G:36~D020:36,designed_extra_extra,D00G:36,D020:36,None,None,True,False,,0.004285455929096571,0.0
fc12195d0636,24hb_2xT,24hb,2-2,D00A:23~D017:36,designed_extra_extra,D00A:23,D017:36,None,None,True,True,3.3989895181827183,0.004264503090343539,0.0
fc12195d0636,24hb_2xT,24hb,2-2,D000:224~D01W:8,extra_native,D000:224,D01W:8,"('h_XY_0_4', 3, 'FORWARD')",None,False,True,5.4453578544949535,0.004251165916091028,0.0
fc12195d0636,24hb_2xT,24hb,2-2,D00U:26~D01J:26,designed_extra_extra,D00U:26,D01J:26,None,None,True,False,,0.004243549991515257,0.0
fc12195d0636,24hb_2xT,24hb,2-2,D002:47~D00V:8,designed_extra_extra,D002:47,D00V:8,None,None,True,False,,0.004237292681585878,0.0
fc12195d0636,24hb_2xT,24hb,2-2,D00Q:9~D015:27,designed_extra_extra,D00Q:9,D015:27,None,None,True,False,,0.004230567415581888,0.0
fc12195d0636,24hb_2xT,24hb,2-2,D00T:44~D01L:18,designed_extra_extra,D00T:44,D01L:18,None,None,True,False,,0.004228450552213651,0.0
fc12195d0636,24hb_2xT,24hb,2-2,D009:36~D00X:35,designed_extra_extra,D009:36,D00X:35,None,None,True,False,,0.00421762777275463,0.0
fc12195d0636,24hb_2xT,24hb,2-2,D003:8~D00F:9,designed_extra_extra,D003:8,D00F:9,None,None,True,False,,0.0042076307264490714,0.0
fc12195d0636,24hb_2xT,24hb,2-2,D00S:54~D023:19,extra_native,D00S:54,D023:19,None,"('h_XY_2_1', 7, 'FORWARD')",False,True,5.483486165349615,0.0041986815201462266,0.0
fc12195d0636,24hb_2xT,24hb,2-2,D00F:27~D01J:9,designed_extra_extra,D00F:27,D01J:9,None,None,True,False,,0.004145382370985321,0.0
fc12195d0636,24hb_2xT,24hb,2-2,D00X:27~D01G:26,designed_extra_extra,D00X:27,D01G:26,None,None,True,False,,0.004028732962065165,0.0
fc12195d0636,24hb_2xT,24hb,2-2,D00Z:9~D01E:26,designed_extra_extra,D00Z:9,D01E:26,None,None,True,True,3.716312116397716,0.004006309845324803,0.0
fc12195d0636,24hb_2xT,24hb,2-2,D014:15~D01D:38,designed_extra_extra,D014:15,D01D:38,None,None,True,False,,0.0039967738902852235,0.0
fc12195d0636,24hb_2xT,24hb,2-2,D01M:9~D020:26,designed_extra_extra,D01M:9,D020:26,None,None,True,False,,0.00397701623359768,0.0
fc12195d0636,24hb_2xT,24hb,2-2,D008:36~D00Y:36,designed_extra_extra,D008:36,D00Y:36,None,None,True,False,,0.00397357736004371,0.0
fc12195d0636,24hb_2xT,24hb,2-2,D00V:53~D020:18,designed_extra_extra,D00V:53,D020:18,None,None,True,False,,0.0039623846320266465,0.0
fc12195d0636,24hb_2xT,24hb,2-2,D000:2789~D019:9,extra_native,D000:2789,D019:9,"('h_XY_3_5', 122, 'FORWARD')",None,False,True,5.156810213243245,0.003937187138792479,0.0
fc12195d0636,24hb_2xT,24hb,2-2,D008:54~D00J:18,designed_extra_extra,D008:54,D00J:18,None,None,True,False,,0.003923948538340146,0.0
fc12195d0636,24hb_2xT,24hb,2-2,D00N:27~D012:27,designed_extra_extra,D00N:27,D012:27,None,None,True,False,,0.003912431714752561,0.0
fc12195d0636,24hb_2xT,24hb,2-2,D013:53~D01R:18,designed_extra_extra,D013:53,D01R:18,None,None,True,False,,0.003906626537669415,0.0
fc12195d0636,24hb_2xT,24hb,2-2,D01M:9~D020:27,designed_extra_extra,D01M:9,D020:27,None,None,True,False,,0.0038825777444421684,0.0
fc12195d0636,24hb_2xT,24hb,2-2,D00T:45~D01L:17,designed_extra_extra,D00T:45,D01L:17,None,None,True,False,,0.0038621115871455593,0.0
fc12195d0636,24hb_2xT,24hb,2-2,D012:54~D01S:17,designed_extra_extra,D012:54,D01S:17,None,None,True,False,,0.0038338289366440666,0.0
fc12195d0636,24hb_2xT,24hb,2-2,D010:8~D01D:47,designed_extra_extra,D010:8,D01D:47,None,None,True,False,,0.0038090131768849286,0.0
fc12195d0636,24hb_2xT,24hb,2-2,D01S:9~D020:9,designed_extra_extra,D01S:9,D020:9,None,None,True,False,,0.0037826911053757744,0.0
fc12195d0636,24hb_2xT,24hb,2-2,D000:1002~D00S:45,extra_native,D000:1002,D00S:45,"('h_XY_2_1', -4, 'REVERSE')",None,False,True,4.457883915767234,0.0037079409387125216,0.0
fc12195d0636,24hb_2xT,24hb,2-2,D000:1704~D013:26,extra_native,D000:1704,D013:26,"('h_XY_2_3', 128, 'REVERSE')",None,False,True,4.4638166740055105,0.0037063869471332532,0.0
fc12195d0636,24hb_2xT,24hb,2-2,D004:17~D00N:53,designed_extra_extra,D004:17,D00N:53,None,None,True,False,,0.0036925368450070896,0.0
fc12195d0636,24hb_2xT,24hb,2-2,D000:3155~D022:5,native_native_near_insert,D000:3155,D022:5,"('h_XY_0_5', 135, 'REVERSE')","('h_XY_0_5', 130, 'FORWARD')",False,True,5.427571267861166,0.003620114255803805,0.0
fc12195d0636,24hb_2xT,24hb,2-2,D00Y:54~D01X:17,designed_extra_extra,D00Y:54,D01X:17,None,None,True,False,,0.0036151354498747297,0.0
fc12195d0636,24hb_2xT,24hb,2-2,D012:36~D01M:36,designed_extra_extra,D012:36,D01M:36,None,None,True,False,,0.003580877090828617,0.0
fc12195d0636,24hb_2xT,24hb,2-2,D01B:17~D01K:55,extra_native,D01B:17,D01K:55,None,"('h_XY_3_4', 112, 'FORWARD')",False,True,5.3968180477998615,0.0035751331273963924,0.0
fc12195d0636,24hb_2xT,24hb,2-2,D000:244~D01X:8,extra_native,D000:244,D01X:8,"('h_XY_0_4', 23, 'FORWARD')",None,False,True,5.9760008878681035,0.0035720434896821677,0.0
fc12195d0636,24hb_2xT,24hb,2-2,D00C:53~D00F:17,designed_extra_extra,D00C:53,D00F:17,None,None,True,False,,0.00355118062579988,0.0
fc12195d0636,24hb_2xT,24hb,2-2,D01V:9~D01W:9,designed_extra_extra,D01V:9,D01W:9,None,None,True,False,,0.0035341303904019403,0.0
fc12195d0636,24hb_2xT,24hb,2-2,D00J:9~D023:9,designed_extra_extra,D00J:9,D023:9,None,None,True,False,,0.0034854308658779764,0.0
fc12195d0636,24hb_2xT,24hb,2-2,D00N:44~D00U:18,designed_extra_extra,D00N:44,D00U:18,None,None,True,False,,0.0034713303334594084,0.0
fc12195d0636,24hb_2xT,24hb,2-2,D000:3299~D022:8,extra_native,D000:3299,D022:8,"('h_XY_0_4', 138, 'FORWARD')",None,False,True,4.040877549770647,0.003467114686819458,0.0
fc12195d0636,24hb_2xT,24hb,2-2,D000:1870~D00D:26,extra_native,D000:1870,D00D:26,"('h_XY_1_4', 136, 'REVERSE')",None,False,True,5.779962235543082,0.0033786742488184553,0.0
fc12195d0636,24hb_2xT,24hb,2-2,D009:35~D00X:35,designed_extra_extra,D009:35,D00X:35,None,None,True,False,,0.003359746042637214,0.0
fc12195d0636,24hb_2xT,24hb,2-2,D00Z:53~D01V:17,designed_extra_extra,D00Z:53,D01V:17,None,None,True,False,,0.0032804638409123874,0.0
fc12195d0636,24hb_2xT,24hb,2-2,D00Q:26~D00Z:26,designed_extra_extra,D00Q:26,D00Z:26,None,None,True,False,,0.0032508371972362893,0.0
fc12195d0636,24hb_2xT,24hb,2-2,D013:53~D01R:17,designed_extra_extra,D013:53,D01R:17,None,None,True,False,,0.003239314259688518,0.0
fc12195d0636,24hb_2xT,24hb,2-2,D00T:44~D01L:17,designed_extra_extra,D00T:44,D01L:17,None,None,True,False,,0.003219991370121086,0.0
fc12195d0636,24hb_2xT,24hb,2-2,D00N:36~D01K:36,designed_extra_extra,D00N:36,D01K:36,None,None,True,False,,0.0032196496506136526,0.0
fc12195d0636,24hb_2xT,24hb,2-2,D00X:27~D01G:27,designed_extra_extra,D00X:27,D01G:27,None,None,True,False,,0.00318879083813561,0.0
fc12195d0636,24hb_2xT,24hb,2-2,D000:3323~D00T:45,extra_native,D000:3323,D00T:45,"('h_XY_0_3', 121, 'REVERSE')",None,False,True,5.911318319686315,0.0031660252337316276,0.0
fc12195d0636,24hb_2xT,24hb,2-2,D00D:36~D00T:36,designed_extra_extra,D00D:36,D00T:36,None,None,True,False,,0.003161594827516267,0.0
fc12195d0636,24hb_2xT,24hb,2-2,D01N:38~D01Q:38,designed_extra_extra,D01N:38,D01Q:38,None,None,True,False,,0.0031179460399452658,0.0
fc12195d0636,24hb_2xT,24hb,2-2,D015:17~D01P:53,designed_extra_extra,D015:17,D01P:53,None,None,True,False,,0.003115493348438653,0.0
fc12195d0636,24hb_2xT,24hb,2-2,D000:432~D01T:48,extra_native,D000:432,D01T:48,"('h_XY_1_6', 52, 'REVERSE')",None,False,True,4.376041444734214,0.003107915085127577,0.0
fc12195d0636,24hb_2xT,24hb,2-2,D00I:36~D01Y:35,designed_extra_extra,D00I:36,D01Y:35,None,None,True,False,,0.0031023873159399403,0.0
fc12195d0636,24hb_2xT,24hb,2-2,D008:45~D01G:18,designed_extra_extra,D008:45,D01G:18,None,None,True,False,,0.0030903008245846244,0.0
fc12195d0636,24hb_2xT,24hb,2-2,D00U:27~D01J:27,designed_extra_extra,D00U:27,D01J:27,None,None,True,False,,0.00299936725757667,0.0
fc12195d0636,24hb_2xT,24hb,2-2,D004:35~D01B:36,designed_extra_extra,D004:35,D01B:36,None,None,True,False,,0.00295924732244179,0.0
fc12195d0636,24hb_2xT,24hb,2-2,D01N:39~D01Q:38,designed_extra_extra,D01N:39,D01Q:38,None,None,True,True,3.8552042268124613,0.0029576874918484297,0.0
fc12195d0636,24hb_2xT,24hb,2-2,D008:8~D01U:27,designed_extra_extra,D008:8,D01U:27,None,None,True,False,,0.002955462204731522,0.0
fc12195d0636,24hb_2xT,24hb,2-2,D000:1233~D00X:35,extra_native,D000:1233,D00X:35,"('h_XY_1_2', 45, 'REVERSE')",None,False,True,5.340260873981758,0.002879439440167807,0.0
fc12195d0636,24hb_2xT,24hb,2-2,D01F:36~D023:36,designed_extra_extra,D01F:36,D023:36,None,None,True,False,,0.002860803779489231,0.0
fc12195d0636,24hb_2xT,24hb,2-2,D009:27~D01N:48,designed_extra_extra,D009:27,D01N:48,None,None,True,False,,0.002858479780205188,0.0
fc12195d0636,24hb_2xT,24hb,2-2,D00R:53~D01F:18,designed_extra_extra,D00R:53,D01F:18,None,None,True,False,,0.0028375171354914344,0.0
fc12195d0636,24hb_2xT,24hb,2-2,D00R:36~D00S:36,designed_extra_extra,D00R:36,D00S:36,None,None,True,False,,0.0028341281280473956,0.0
fc12195d0636,24hb_2xT,24hb,2-2,D00D:36~D00T:35,designed_extra_extra,D00D:36,D00T:35,None,None,True,False,,0.0027662872702973866,0.0
fc12195d0636,24hb_2xT,24hb,2-2,D010:36~D01O:36,designed_extra_extra,D010:36,D01O:36,None,None,True,False,,0.002759440531445607,0.0
fc12195d0636,24hb_2xT,24hb,2-2,D00C:53~D00F:18,designed_extra_extra,D00C:53,D00F:18,None,None,True,False,,0.002756378046132527,0.0
fc12195d0636,24hb_2xT,24hb,2-2,D012:54~D01S:18,designed_extra_extra,D012:54,D01S:18,None,None,True,False,,0.0026905015939277734,0.0
fc12195d0636,24hb_2xT,24hb,2-2,D00S:54~D023:17,designed_extra_extra,D00S:54,D023:17,None,None,True,False,,0.002675829361973977,0.0
fc12195d0636,24hb_2xT,24hb,2-2,D00S:53~D023:17,designed_extra_extra,D00S:53,D023:17,None,None,True,False,,0.0026728076616866466,0.0
fc12195d0636,24hb_2xT,24hb,2-2,D000:3306~D022:27,extra_native,D000:3306,D022:27,"('h_XY_0_3', 138, 'REVERSE')",None,False,True,5.533328864571585,0.0026499499941768463,0.0
fc12195d0636,24hb_2xT,24hb,2-2,D009:53~D00I:17,designed_extra_extra,D009:53,D00I:17,None,None,True,False,,0.0026142501355474503,0.0
fc12195d0636,24hb_2xT,24hb,2-2,D000:1694~D00M:35,extra_native,D000:1694,D00M:35,"('h_XY_2_2', 137, 'FORWARD')",None,False,True,3.566325704886786,0.0025789472531507073,0.0
fc12195d0636,24hb_2xT,24hb,2-2,D00G:35~D020:36,designed_extra_extra,D00G:35,D020:36,None,None,True,False,,0.002564863071219189,0.0
fc12195d0636,24hb_2xT,24hb,2-2,D00B:45~D01J:17,designed_extra_extra,D00B:45,D01J:17,None,None,True,False,,0.0025556295083054284,0.0
fc12195d0636,24hb_2xT,24hb,2-2,D00Z:53~D01V:18,designed_extra_extra,D00Z:53,D01V:18,None,None,True,False,,0.002520564837376825,0.0
fc12195d0636,24hb_2xT,24hb,2-2,D00U:54~D021:18,designed_extra_extra,D00U:54,D021:18,None,None,True,False,,0.002520217730485837,0.0
fc12195d0636,24hb_2xT,24hb,2-2,D019:17~D01L:54,designed_extra_extra,D019:17,D01L:54,None,None,True,False,,0.0025124961599975446,0.0
fc12195d0636,24hb_2xT,24hb,2-2,D018:36~D01S:36,designed_extra_extra,D018:36,D01S:36,None,None,True,False,,0.0024719726890943925,0.0
fc12195d0636,24hb_2xT,24hb,2-2,D000:3306~D022:26,extra_native,D000:3306,D022:26,"('h_XY_0_3', 138, 'REVERSE')",None,False,True,3.8471777250492805,0.002457797361311926,0.0
fc12195d0636,24hb_2xT,24hb,2-2,D00V:54~D020:18,designed_extra_extra,D00V:54,D020:18,None,None,True,False,,0.002411206247934721,0.0
fc12195d0636,24hb_2xT,24hb,2-2,D005:18~D00K:15,designed_extra_extra,D005:18,D00K:15,None,None,True,False,,0.002358441236255632,0.0
fc12195d0636,24hb_2xT,24hb,2-2,D00G:35~D020:35,designed_extra_extra,D00G:35,D020:35,None,None,True,False,,0.0023507171857683894,0.0
fc12195d0636,24hb_2xT,24hb,2-2,D00B:35~D00V:36,designed_extra_extra,D00B:35,D00V:36,None,None,True,False,,0.002344612281048688,0.0
fc12195d0636,24hb_2xT,24hb,2-2,D00Q:44~D00Y:18,designed_extra_extra,D00Q:44,D00Y:18,None,None,True,False,,0.0023268200995984183,0.0
fc12195d0636,24hb_2xT,24hb,2-2,D000:2917~D017:35,extra_native,D000:2917,D017:35,"('h_XY_2_6', 76, 'FORWARD')",None,False,True,3.4325285428025016,0.002307480492513134,0.0
fc12195d0636,24hb_2xT,24hb,2-2,D000:1492~D00P:34,extra_native,D000:1492,D00P:34,"('h_XY_2_3', 46, 'REVERSE')",None,False,True,5.566975739468894,0.002291708367859872,0.0
fc12195d0636,24hb_2xT,24hb,2-2,D008:44~D01G:17,designed_extra_extra,D008:44,D01G:17,None,None,True,False,,0.0022398843760657434,0.0
fc12195d0636,24hb_2xT,24hb,2-2,D000:3287~D01A:8,extra_native,D000:3287,D01A:8,"('h_XY_0_4', 126, 'FORWARD')",None,False,True,5.837340461750161,0.0022224096674372763,0.0
fc12195d0636,24hb_2xT,24hb,2-2,D01C:18~D01J:54,designed_extra_extra,D01C:18,D01J:54,None,None,True,False,,0.0021531509663193873,0.0
fc12195d0636,24hb_2xT,24hb,2-2,D000:3306~D00D:27,extra_native,D000:3306,D00D:27,"('h_XY_0_3', 138, 'REVERSE')",None,False,True,3.774082868740383,0.0021527753209285567,0.0
fc12195d0636,24hb_2xT,24hb,2-2,D00F:35~D021:35,designed_extra_extra,D00F:35,D021:35,None,None,True,False,,0.0021184471055041656,0.0
fc12195d0636,24hb_2xT,24hb,2-2,D00Z:8~D01E:26,designed_extra_extra,D00Z:8,D01E:26,None,None,True,False,,0.0021145933823295488,0.0
fc12195d0636,24hb_2xT,24hb,2-2,D00B:45~D01J:18,designed_extra_extra,D00B:45,D01J:18,None,None,True,False,,0.00209864144538733,0.0
fc12195d0636,24hb_2xT,24hb,2-2,D010:9~D01D:48,designed_extra_extra,D010:9,D01D:48,None,None,True,False,,0.0020577353431952164,0.0
fc12195d0636,24hb_2xT,24hb,2-2,D010:44~D01Y:18,other_extra_extra,D010:44,D01Y:18,None,None,False,True,3.483023641437968,0.0019848700939498203,0.0
fc12195d0636,24hb_2xT,24hb,2-2,D00D:54~D00E:18,designed_extra_extra,D00D:54,D00E:18,None,None,True,False,,0.001973636912290102,0.0
fc12195d0636,24hb_2xT,24hb,2-2,D009:54~D00I:17,designed_extra_extra,D009:54,D00I:17,None,None,True,False,,0.0019726631091922867,0.0
fc12195d0636,24hb_2xT,24hb,2-2,D000:1406~D01P:26,extra_native,D000:1406,D01P:26,"('h_XY_1_4', 12, 'REVERSE')",None,False,True,5.640266993782624,0.0019389632095401254,0.0
fc12195d0636,24hb_2xT,24hb,2-2,D00O:44~D00V:17,designed_extra_extra,D00O:44,D00V:17,None,None,True,True,3.503339947519575,0.0019300092722051212,0.0
fc12195d0636,24hb_2xT,24hb,2-2,D00R:36~D00S:35,designed_extra_extra,D00R:36,D00S:35,None,None,True,False,,0.0019196759333262247,0.0
fc12195d0636,24hb_2xT,24hb,2-2,D015:35~D01V:35,designed_extra_extra,D015:35,D01V:35,None,None,True,False,,0.0018736499508312514,0.0
fc12195d0636,24hb_2xT,24hb,2-2,D000:238~D00Y:53,extra_native,D000:238,D00Y:53,"('h_XY_0_4', 17, 'FORWARD')",None,False,True,5.059493913570526,0.001799372002422393,0.0
fc12195d0636,24hb_2xT,24hb,2-2,D007:27~D01P:27,designed_extra_extra,D007:27,D01P:27,None,None,True,False,,0.001761885709323354,0.0
fc12195d0636,24hb_2xT,24hb,2-2,D002:30~D00G:9,designed_extra_extra,D002:30,D00G:9,None,None,True,False,,0.001735274473425745,0.0
fc12195d0636,24hb_2xT,24hb,2-2,D01U:9~D01X:9,designed_extra_extra,D01U:9,D01X:9,None,None,True,False,,0.001685473358537349,0.0
fc12195d0636,24hb_2xT,24hb,2-2,D00O:8~D017:26,designed_extra_extra,D00O:8,D017:26,None,None,True,False,,0.001679520292803362,0.0
fc12195d0636,24hb_2xT,24hb,2-2,D00I:35~D01Y:35,designed_extra_extra,D00I:35,D01Y:35,None,None,True,False,,0.0016591118832236017,0.0
fc12195d0636,24hb_2xT,24hb,2-2,D01T:30~D01Y:9,designed_extra_extra,D01T:30,D01Y:9,None,None,True,False,,0.0016365916397299068,0.0
fc12195d0636,24hb_2xT,24hb,2-2,D00W:15~D01D:57,designed_extra_extra,D00W:15,D01D:57,None,None,True,False,,0.0015913618639630687,0.0
fc12195d0636,24hb_2xT,24hb,2-2,D002:29~D00G:9,designed_extra_extra,D002:29,D00G:9,None,None,True,False,,0.0015399700445042578,0.0
fc12195d0636,24hb_2xT,24hb,2-2,D003:18~D00O:53,designed_extra_extra,D003:18,D00O:53,None,None,True,False,,0.001527076777765286,0.0
fc12195d0636,24hb_2xT,24hb,2-2,D00X:45~D01O:18,designed_extra_extra,D00X:45,D01O:18,None,None,True,False,,0.0014982945584942713,0.0
fc12195d0636,24hb_2xT,24hb,2-2,D00T:45~D01L:18,designed_extra_extra,D00T:45,D01L:18,None,None,True,False,,0.0014541366466501466,0.0
fc12195d0636,24hb_2xT,24hb,2-2,D000:1704~D013:25,native_native_near_insert,D000:1704,D013:25,"('h_XY_2_3', 128, 'REVERSE')","('h_XY_2_3', 125, 'FORWARD')",False,True,5.6860697588496265,0.0014075518322734842,0.0
fc12195d0636,24hb_2xT,24hb,2-2,D00O:9~D017:27,designed_extra_extra,D00O:9,D017:27,None,None,True,False,,0.001353091775287485,0.0
fc12195d0636,24hb_2xT,24hb,2-2,D00Y:9~D023:27,designed_extra_extra,D00Y:9,D023:27,None,None,True,False,,0.0013449102475119408,0.0
fc12195d0636,24hb_2xT,24hb,2-2,D00E:36~D022:36,designed_extra_extra,D00E:36,D022:36,None,None,True,False,,0.0012589391611366333,0.0
fc12195d0636,24hb_2xT,24hb,2-2,D010:9~D01D:47,designed_extra_extra,D010:9,D01D:47,None,None,True,False,,0.0012027624746560762,0.0
fc12195d0636,24hb_2xT,24hb,2-2,D009:36~D00X:36,designed_extra_extra,D009:36,D00X:36,None,None,True,False,,0.001043798308321557,0.0
fc12195d0636,24hb_2xT,24hb,2-2,D00Q:44~D00Y:17,designed_extra_extra,D00Q:44,D00Y:17,None,None,True,False,,0.000978639568728055,0.0
fc12195d0636,24hb_2xT,24hb,2-2,D00X:54~D01Y:18,designed_extra_extra,D00X:54,D01Y:18,None,None,True,False,,0.0009688774895680635,0.0
fc12195d0636,24hb_2xT,24hb,2-2,D00R:27~D00Y:27,designed_extra_extra,D00R:27,D00Y:27,None,None,True,False,,0.0009320789514997239,0.0
fc12195d0636,24hb_2xT,24hb,2-2,D000:1869~D00D:26,extra_native,D000:1869,D00D:26,"('h_XY_1_4', 137, 'REVERSE')",None,False,True,5.2713865406149365,0.000880583225176885,0.0
fc12195d0636,24hb_2xT,24hb,2-2,D017:9~D01C:9,designed_extra_extra,D017:9,D01C:9,None,None,True,False,,0.0006075133634745195,0.0
fc12195d0636,24hb_2xT,24hb,2-2,D00R:35~D00S:36,designed_extra_extra,D00R:35,D00S:36,None,None,True,False,,0.000553048985139969,0.0
fc12195d0636,24hb_2xT,24hb,2-2,D003:17~D00O:54,designed_extra_extra,D003:17,D00O:54,None,None,True,False,,0.0004031056969021371,0.0
6d7c2e38e455,6hbx100_0xT,6hbx100,0-0,D003:35~D008:15,native_native_near_insert,D003:35,D008:15,"('h_XY_1_3', 56, 'REVERSE')","('h_XY_1_3', 55, 'REVERSE')",False,True,3.569468418905519,0.47224641606139584,65.38461538461539
6d7c2e38e455,6hbx100_0xT,6hbx100,0-0,D003:14~D008:36,native_native_near_insert,D003:14,D008:36,"('h_XY_1_1', 49, 'REVERSE')","('h_XY_1_1', 48, 'REVERSE')",False,True,3.435304115511473,0.3481261199927606,92.3076923076923
6d7c2e38e455,6hbx100_0xT,6hbx100,0-0,D00D:15~D00J:14,native_native_near_insert,D00D:15,D00J:14,"('h_XY_0_1', 42, 'FORWARD')","('h_XY_0_1', 41, 'FORWARD')",False,True,3.492424667186874,0.33127541148829587,100.0
6d7c2e38e455,6hbx100_0xT,6hbx100,0-0,D00A:1~D00K:21,native_native_far,D00A:1,D00K:21,"('h_XY_0_2', 13, 'REVERSE')","('h_XY_0_2', 14, 'REVERSE')",False,True,3.751279243774492,0.31609871118851374,76.92307692307693
6d7c2e38e455,6hbx100_0xT,6hbx100,0-0,D005:15~D006:35,native_native_near_insert,D005:15,D006:35,"('h_XY_1_2', 91, 'FORWARD')","('h_XY_1_2', 90, 'FORWARD')",False,True,3.383329994359537,0.3082112570144634,73.07692307692307
6d7c2e38e455,6hbx100_0xT,6hbx100,0-0,D005:8~D00G:7,native_native_near_insert,D005:8,D00G:7,"('h_XY_1_1', 97, 'REVERSE')","('h_XY_1_1', 98, 'REVERSE')",False,True,3.633617674134838,0.3076452227244567,88.46153846153845
6d7c2e38e455,6hbx100_0xT,6hbx100,0-0,D006:8~D00F:7,native_native_near_insert,D006:8,D00F:7,"('h_XY_0_3', 91, 'FORWARD')","('h_XY_0_3', 90, 'FORWARD')",False,True,3.508243672028389,0.28339420904449547,94.23076923076923
6d7c2e38e455,6hbx100_0xT,6hbx100,0-0,D002:35~D009:15,native_native_near_insert,D002:35,D009:15,"('h_XY_1_3', 35, 'REVERSE')","('h_XY_1_3', 34, 'REVERSE')",False,True,3.7108346832872954,0.2470209787139366,48.07692307692308
6d7c2e38e455,6hbx100_0xT,6hbx100,0-0,D000:275~D00D:20,native_native_far,D000:275,D00D:20,"('h_XY_0_1', 48, 'REVERSE')","('h_XY_0_1', 47, 'FORWARD')",False,True,5.757277217916374,0.1735982112268234,0.0
6d7c2e38e455,6hbx100_0xT,6hbx100,0-0,D000:570~D001:34,native_native_near_insert,D000:570,D001:34,"('h_XY_1_3', 14, 'FORWARD')","('h_XY_1_3', 15, 'REVERSE')",False,True,4.420122949765533,0.16201515131958213,0.0
6d7c2e38e455,6hbx100_0xT,6hbx100,0-0,D000:110~D00K:6,native_native_near_insert,D000:110,D00K:6,"('h_XY_1_1', 14, 'FORWARD')","('h_XY_1_1', 15, 'REVERSE')",False,True,5.6013473360826485,0.16014474331095585,0.0
6d7c2e38e455,6hbx100_0xT,6hbx100,0-0,D000:45~D002:18,native_native_far,D000:45,D002:18,"('h_XY_1_2', 32, 'REVERSE')","('h_XY_1_2', 31, 'FORWARD')",False,True,5.994939161711927,0.1449105852371551,0.0
6d7c2e38e455,6hbx100_0xT,6hbx100,0-0,D000:240~D00H:12,native_native_near_insert,D000:240,D00H:12,"('h_XY_0_1', 83, 'REVERSE')","('h_XY_0_1', 81, 'FORWARD')",False,True,5.846939212235866,0.011138839121707138,0.0
892ad3d12d4f,6hbx100_0xT,6hbx100,0-0,D006:8~D00F:7,native_native_near_insert,D006:8,D00F:7,"('h_XY_0_3', 91, 'FORWARD')","('h_XY_0_3', 90, 'FORWARD')",False,True,3.2633715580839495,0.38224265084403686,90.4
892ad3d12d4f,6hbx100_0xT,6hbx100,0-0,D003:14~D008:36,native_native_near_insert,D003:14,D008:36,"('h_XY_1_1', 49, 'REVERSE')","('h_XY_1_1', 48, 'REVERSE')",False,True,3.392611333321779,0.3813095210787013,83.2
892ad3d12d4f,6hbx100_0xT,6hbx100,0-0,D003:35~D008:15,native_native_near_insert,D003:35,D008:15,"('h_XY_1_3', 56, 'REVERSE')","('h_XY_1_3', 55, 'REVERSE')",False,True,3.386238765519453,0.35919150626157814,65.60000000000001
892ad3d12d4f,6hbx100_0xT,6hbx100,0-0,D00D:15~D00J:14,native_native_near_insert,D00D:15,D00J:14,"('h_XY_0_1', 42, 'FORWARD')","('h_XY_0_1', 41, 'FORWARD')",False,True,3.3123122417117212,0.3437069597381106,87.4
892ad3d12d4f,6hbx100_0xT,6hbx100,0-0,D002:35~D009:15,native_native_near_insert,D002:35,D009:15,"('h_XY_1_3', 35, 'REVERSE')","('h_XY_1_3', 34, 'REVERSE')",False,True,3.4034402501286314,0.33591340452775875,91.2
892ad3d12d4f,6hbx100_0xT,6hbx100,0-0,D00A:1~D00K:21,native_native_far,D00A:1,D00K:21,"('h_XY_0_2', 13, 'REVERSE')","('h_XY_0_2', 14, 'REVERSE')",False,True,3.316526516752112,0.3285312651524165,80.60000000000001
892ad3d12d4f,6hbx100_0xT,6hbx100,0-0,D005:8~D00G:7,native_native_near_insert,D005:8,D00G:7,"('h_XY_1_1', 97, 'REVERSE')","('h_XY_1_1', 98, 'REVERSE')",False,True,3.3684737743267723,0.32692853149200485,92.2
892ad3d12d4f,6hbx100_0xT,6hbx100,0-0,D005:15~D006:35,native_native_near_insert,D005:15,D006:35,"('h_XY_1_2', 91, 'FORWARD')","('h_XY_1_2', 90, 'FORWARD')",False,True,3.404984871513038,0.28704825561446207,77.60000000000001
892ad3d12d4f,6hbx100_0xT,6hbx100,0-0,D000:275~D00D:20,native_native_far,D000:275,D00D:20,"('h_XY_0_1', 48, 'REVERSE')","('h_XY_0_1', 47, 'FORWARD')",False,True,5.6717564705342935,0.17266655064384742,0.0
892ad3d12d4f,6hbx100_0xT,6hbx100,0-0,D000:110~D00K:6,native_native_near_insert,D000:110,D00K:6,"('h_XY_1_1', 14, 'FORWARD')","('h_XY_1_1', 15, 'REVERSE')",False,True,4.503131632330564,0.15796322580907252,0.0
892ad3d12d4f,6hbx100_0xT,6hbx100,0-0,D000:432~D00G:20,native_native_far,D000:432,D00G:20,"('h_XY_0_2', 98, 'FORWARD')","('h_XY_0_2', 99, 'REVERSE')",False,True,4.610420470206581,0.156703849598939,0.0
892ad3d12d4f,6hbx100_0xT,6hbx100,0-0,D000:112~D00K:4,native_native_far,D000:112,D00K:4,"('h_XY_1_1', 16, 'FORWARD')","('h_XY_1_1', 17, 'REVERSE')",False,True,5.408141394204907,0.15424110368390742,0.0
892ad3d12d4f,6hbx100_0xT,6hbx100,0-0,D000:410~D00H:21,native_native_far,D000:410,D00H:21,"('h_XY_0_2', 76, 'FORWARD')","('h_XY_0_2', 77, 'REVERSE')",False,True,4.679698796019471,0.15029991107736673,0.0
892ad3d12d4f,6hbx100_0xT,6hbx100,0-0,D000:4~D004:17,native_native_near_insert,D000:4,D004:17,"('h_XY_1_2', 73, 'REVERSE')","('h_XY_1_2', 72, 'FORWARD')",False,True,5.569240065008828,0.14929042162673703,0.0
892ad3d12d4f,6hbx100_0xT,6hbx100,0-0,D000:493~D008:14,native_native_near_insert,D000:493,D008:14,"('h_XY_0_3', 56, 'REVERSE')","('h_XY_0_3', 55, 'FORWARD')",False,True,5.031884353216358,0.14822696798200508,0.0
892ad3d12d4f,6hbx100_0xT,6hbx100,0-0,D000:417~D00F:14,native_native_near_insert,D000:417,D00F:14,"('h_XY_0_2', 83, 'FORWARD')","('h_XY_0_2', 84, 'REVERSE')",False,True,5.918051697551614,0.14710625326270033,0.0
892ad3d12d4f,6hbx100_0xT,6hbx100,0-0,D000:570~D001:34,native_native_near_insert,D000:570,D001:34,"('h_XY_1_3', 14, 'FORWARD')","('h_XY_1_3', 15, 'REVERSE')",False,True,5.0337876343175365,0.14638028169873588,0.0
892ad3d12d4f,6hbx100_0xT,6hbx100,0-0,D000:525~D00C:3,native_native_far,D000:525,D00C:3,"('h_XY_0_3', 24, 'REVERSE')","('h_XY_0_3', 23, 'FORWARD')",False,True,5.995749501912994,0.14635191530649172,0.0
892ad3d12d4f,6hbx100_0xT,6hbx100,0-0,D000:481~D00E:5,native_native_near_insert,D000:481,D00E:5,"('h_XY_0_3', 68, 'REVERSE')","('h_XY_0_3', 67, 'FORWARD')",False,True,5.8750510300445855,0.14362608968665513,0.0
892ad3d12d4f,6hbx100_0xT,6hbx100,0-0,D000:97~D00A:40,native_native_far,D000:97,D00A:40,"('h_XY_1_1', 1, 'FORWARD')","('h_XY_1_1', 2, 'REVERSE')",False,True,5.3773421175576654,0.1418346326413734,0.0
892ad3d12d4f,6hbx100_0xT,6hbx100,0-0,D000:649~D006:18,native_native_far,D000:649,D006:18,"('h_XY_1_3', 93, 'FORWARD')","('h_XY_1_3', 94, 'REVERSE')",False,True,5.2465625068732615,0.04183940693477337,0.0
892ad3d12d4f,6hbx100_0xT,6hbx100,0-0,D000:409~D00H:21,native_native_far,D000:409,D00H:21,"('h_XY_0_2', 75, 'FORWARD')","('h_XY_0_2', 77, 'REVERSE')",False,True,5.5976243443802804,0.014566770689310126,0.0
892ad3d12d4f,6hbx100_0xT,6hbx100,0-0,D000:240~D00H:12,native_native_near_insert,D000:240,D00H:12,"('h_XY_0_1', 83, 'REVERSE')","('h_XY_0_1', 81, 'FORWARD')",False,True,5.966263046706002,0.012005942859368181,0.0
7838a495c0a6,6hbx100_0xT,6hbx100,0-0,D00D:15~D00J:14,native_native_near_insert,D00D:15,D00J:14,"('h_XY_0_1', 42, 'FORWARD')","('h_XY_0_1', 41, 'FORWARD')",False,True,3.2663883507275426,0.41108476533532906,76.5
7838a495c0a6,6hbx100_0xT,6hbx100,0-0,D003:14~D008:36,native_native_near_insert,D003:14,D008:36,"('h_XY_1_1', 49, 'REVERSE')","('h_XY_1_1', 48, 'REVERSE')",False,True,3.4458875879812596,0.3635495965384072,84.5
7838a495c0a6,6hbx100_0xT,6hbx100,0-0,D006:8~D00F:7,native_native_near_insert,D006:8,D00F:7,"('h_XY_0_3', 91, 'FORWARD')","('h_XY_0_3', 90, 'FORWARD')",False,True,3.3882038578298337,0.33906749730881797,88.75
7838a495c0a6,6hbx100_0xT,6hbx100,0-0,D005:8~D00G:7,native_native_near_insert,D005:8,D00G:7,"('h_XY_1_1', 97, 'REVERSE')","('h_XY_1_1', 98, 'REVERSE')",False,True,3.3643678772318983,0.335258522164202,85.25
7838a495c0a6,6hbx100_0xT,6hbx100,0-0,D003:35~D008:15,native_native_near_insert,D003:35,D008:15,"('h_XY_1_3', 56, 'REVERSE')","('h_XY_1_3', 55, 'REVERSE')",False,True,3.3745895762401044,0.32335592372196204,73.75
7838a495c0a6,6hbx100_0xT,6hbx100,0-0,D002:35~D009:15,native_native_near_insert,D002:35,D009:15,"('h_XY_1_3', 35, 'REVERSE')","('h_XY_1_3', 34, 'REVERSE')",False,True,3.4601051364933957,0.3185471507317214,76.75
7838a495c0a6,6hbx100_0xT,6hbx100,0-0,D005:15~D006:35,native_native_near_insert,D005:15,D006:35,"('h_XY_1_2', 91, 'FORWARD')","('h_XY_1_2', 90, 'FORWARD')",False,True,3.384377646212836,0.3004515915716421,83.75
7838a495c0a6,6hbx100_0xT,6hbx100,0-0,D00A:1~D00K:21,native_native_far,D00A:1,D00K:21,"('h_XY_0_2', 13, 'REVERSE')","('h_XY_0_2', 14, 'REVERSE')",False,True,3.60969621117593,0.29684644790604936,15.5
7838a495c0a6,6hbx100_0xT,6hbx100,0-0,D000:432~D00G:20,native_native_far,D000:432,D00G:20,"('h_XY_0_2', 98, 'FORWARD')","('h_XY_0_2', 99, 'REVERSE')",False,True,4.948882613415666,0.16576617104282484,0.0
7838a495c0a6,6hbx100_0xT,6hbx100,0-0,D000:417~D00F:14,native_native_near_insert,D000:417,D00F:14,"('h_XY_0_2', 83, 'FORWARD')","('h_XY_0_2', 84, 'REVERSE')",False,True,5.816632829736561,0.16376696779255476,0.0
7838a495c0a6,6hbx100_0xT,6hbx100,0-0,D000:410~D00H:21,native_native_far,D000:410,D00H:21,"('h_XY_0_2', 76, 'FORWARD')","('h_XY_0_2', 77, 'REVERSE')",False,True,5.607213556498965,0.15407155773769332,0.0
7838a495c0a6,6hbx100_0xT,6hbx100,0-0,D000:110~D00K:6,native_native_near_insert,D000:110,D00K:6,"('h_XY_1_1', 14, 'FORWARD')","('h_XY_1_1', 15, 'REVERSE')",False,True,4.680326377144539,0.1439074410105262,0.0
7838a495c0a6,6hbx100_0xT,6hbx100,0-0,D000:649~D006:18,native_native_far,D000:649,D006:18,"('h_XY_1_3', 93, 'FORWARD')","('h_XY_1_3', 94, 'REVERSE')",False,True,4.645731397688418,0.14195849843371441,0.0
7838a495c0a6,6hbx100_0xT,6hbx100,0-0,D000:112~D00K:4,native_native_far,D000:112,D00K:4,"('h_XY_1_1', 16, 'FORWARD')","('h_XY_1_1', 17, 'REVERSE')",False,True,4.891181994463632,0.13804343155293353,0.0
7838a495c0a6,6hbx100_0xT,6hbx100,0-0,D000:570~D001:34,native_native_near_insert,D000:570,D001:34,"('h_XY_1_3', 14, 'FORWARD')","('h_XY_1_3', 15, 'REVERSE')",False,True,4.488859452642503,0.1371163495749926,0.0
7838a495c0a6,6hbx100_0xT,6hbx100,0-0,D000:493~D008:14,native_native_near_insert,D000:493,D008:14,"('h_XY_0_3', 56, 'REVERSE')","('h_XY_0_3', 55, 'FORWARD')",False,True,5.009997230181556,0.10561297966245223,0.0
37418e309e59,6hbx100_1xT_rep1,6hbx100,1-1,D005:17~D006:38,native_native_near_insert,D005:17,D006:38,"('h_XY_1_2', 91, 'FORWARD')","('h_XY_1_2', 90, 'FORWARD')",False,True,3.5184289454584023,0.4389149438042799,90.38461538461539
37418e309e59,6hbx100_1xT_rep1,6hbx100,1-1,D003:38~D008:17,native_native_near_insert,D003:38,D008:17,"('h_XY_1_3', 56, 'REVERSE')","('h_XY_1_3', 55, 'REVERSE')",False,True,3.4912114221133423,0.4073130720653709,76.92307692307693
37418e309e59,6hbx100_1xT_rep1,6hbx100,1-1,D003:15~D008:40,native_native_near_insert,D003:15,D008:40,"('h_XY_1_1', 49, 'REVERSE')","('h_XY_1_1', 48, 'REVERSE')",False,True,3.761417828529661,0.37616105079205175,67.3076923076923
37418e309e59,6hbx100_1xT_rep1,6hbx100,1-1,D00D:17~D00J:15,native_native_near_insert,D00D:17,D00J:15,"('h_XY_0_1', 42, 'FORWARD')","('h_XY_0_1', 41, 'FORWARD')",False,True,3.7103536648431485,0.3424167148234009,76.92307692307693
37418e309e59,6hbx100_1xT_rep1,6hbx100,1-1,D005:9~D00G:7,native_native_near_insert,D005:9,D00G:7,"('h_XY_1_1', 97, 'REVERSE')","('h_XY_1_1', 98, 'REVERSE')",False,True,3.735559624243416,0.33814049805839397,78.84615384615384
37418e309e59,6hbx100_1xT_rep1,6hbx100,1-1,D006:9~D00F:7,native_native_near_insert,D006:9,D00F:7,"('h_XY_0_3', 91, 'FORWARD')","('h_XY_0_3', 90, 'FORWARD')",False,True,3.433238025266872,0.33472950698001297,98.07692307692307
37418e309e59,6hbx100_1xT_rep1,6hbx100,1-1,D002:38~D009:17,native_native_near_insert,D002:38,D009:17,"('h_XY_1_3', 35, 'REVERSE')","('h_XY_1_3', 34, 'REVERSE')",False,True,3.351000191927276,0.3280333643672809,96.15384615384616
37418e309e59,6hbx100_1xT_rep1,6hbx100,1-1,D00A:1~D00K:23,native_native_far,D00A:1,D00K:23,"('h_XY_0_2', 13, 'REVERSE')","('h_XY_0_2', 14, 'REVERSE')",False,True,3.569337595678817,0.2626109932604845,86.53846153846155
37418e309e59,6hbx100_1xT_rep1,6hbx100,1-1,D000:275~D00D:22,native_native_far,D000:275,D00D:22,"('h_XY_0_1', 48, 'REVERSE')","('h_XY_0_1', 47, 'FORWARD')",False,True,5.640212449212032,0.2210464651894488,0.0
37418e309e59,6hbx100_1xT_rep1,6hbx100,1-1,D000:652~D006:17,native_native_near_insert,D000:652,D006:17,"('h_XY_1_3', 96, 'FORWARD')","('h_XY_1_3', 97, 'REVERSE')",False,True,5.957925421132527,0.19612309109170692,0.0
37418e309e59,6hbx100_1xT_rep1,6hbx100,1-1,D000:110~D00K:6,native_native_near_insert,D000:110,D00K:6,"('h_XY_1_1', 14, 'FORWARD')","('h_XY_1_1', 15, 'REVERSE')",False,True,5.86110394835435,0.1784771305825763,0.0
37418e309e59,6hbx100_1xT_rep1,6hbx100,1-1,D000:112~D00K:4,native_native_far,D000:112,D00K:4,"('h_XY_1_1', 16, 'FORWARD')","('h_XY_1_1', 17, 'REVERSE')",False,True,5.783192905495888,0.1775206415225665,0.0
37418e309e59,6hbx100_1xT_rep1,6hbx100,1-1,D000:610~D008:17,native_native_near_insert,D000:610,D008:17,"('h_XY_1_3', 54, 'FORWARD')","('h_XY_1_3', 55, 'REVERSE')",False,True,5.624018813277916,0.17259655234255075,0.0
37418e309e59,6hbx100_1xT_rep1,6hbx100,1-1,D000:510~D002:43,native_native_far,D000:510,D002:43,"('h_XY_0_3', 39, 'REVERSE')","('h_XY_0_3', 38, 'FORWARD')",False,True,4.9519548015780055,0.15888996542294892,0.0
37418e309e59,6hbx100_1xT_rep1,6hbx100,1-1,D000:4~D004:19,native_native_near_insert,D000:4,D004:19,"('h_XY_1_2', 73, 'REVERSE')","('h_XY_1_2', 72, 'FORWARD')",False,True,5.455172962936138,0.1556760787064378,0.0
37418e309e59,6hbx100_1xT_rep1,6hbx100,1-1,D000:570~D001:37,native_native_near_insert,D000:570,D001:37,"('h_XY_1_3', 14, 'FORWARD')","('h_XY_1_3', 15, 'REVERSE')",False,True,5.301712278160056,0.14608145953211665,0.0
37418e309e59,6hbx100_1xT_rep1,6hbx100,1-1,D000:97~D00A:44,native_native_far,D000:97,D00A:44,"('h_XY_1_1', 1, 'FORWARD')","('h_XY_1_1', 2, 'REVERSE')",False,True,5.618456992679459,0.12787105934738957,0.0
37418e309e59,6hbx100_1xT_rep1,6hbx100,1-1,D000:481~D00E:5,native_native_near_insert,D000:481,D00E:5,"('h_XY_0_3', 68, 'REVERSE')","('h_XY_0_3', 67, 'FORWARD')",False,True,5.755529933129965,0.11082790741110077,0.0
37418e309e59,6hbx100_1xT_rep1,6hbx100,1-1,D000:649~D006:16,extra_native,D000:649,D006:16,"('h_XY_1_3', 93, 'FORWARD')",None,False,True,5.542185199781849,0.110125978104673,0.0
37418e309e59,6hbx100_1xT_rep1,6hbx100,1-1,D000:649~D006:20,native_native_far,D000:649,D006:20,"('h_XY_1_3', 93, 'FORWARD')","('h_XY_1_3', 94, 'REVERSE')",False,True,5.713406056303672,0.09742889800255089,0.0
37418e309e59,6hbx100_1xT_rep1,6hbx100,1-1,D002:8~D00J:8,designed_extra_extra,D002:8,D00J:8,None,None,True,False,,0.08026533829925898,0.0
37418e309e59,6hbx100_1xT_rep1,6hbx100,1-1,D00D:16~D00J:18,extra_native,D00D:16,D00J:18,None,"('h_XY_0_2', 40, 'REVERSE')",False,True,5.712022507304444,0.06527111829847715,0.0
37418e309e59,6hbx100_1xT_rep1,6hbx100,1-1,D003:8~D00I:8,designed_extra_extra,D003:8,D00I:8,None,None,True,False,,0.058216891434685496,0.0
37418e309e59,6hbx100_1xT_rep1,6hbx100,1-1,D00D:16~D00J:16,designed_extra_extra,D00D:16,D00J:16,None,None,True,False,,0.046515783900103885,0.0
37418e309e59,6hbx100_1xT_rep1,6hbx100,1-1,D008:8~D00D:8,designed_extra_extra,D008:8,D00D:8,None,None,True,False,,0.03717473457600938,0.0
37418e309e59,6hbx100_1xT_rep1,6hbx100,1-1,D003:39~D008:16,designed_extra_extra,D003:39,D008:16,None,None,True,False,,0.02291594019451685,0.0
37418e309e59,6hbx100_1xT_rep1,6hbx100,1-1,D001:31~D009:31,designed_extra_extra,D001:31,D009:31,None,None,True,False,,0.022841858798550975,0.0
37418e309e59,6hbx100_1xT_rep1,6hbx100,1-1,D004:8~D00H:8,designed_extra_extra,D004:8,D00H:8,None,None,True,False,,0.022198710846158924,0.0
37418e309e59,6hbx100_1xT_rep1,6hbx100,1-1,D003:16~D008:39,designed_extra_extra,D003:16,D008:39,None,None,True,False,,0.015409121141192122,0.0
37418e309e59,6hbx100_1xT_rep1,6hbx100,1-1,D002:16~D009:39,designed_extra_extra,D002:16,D009:39,None,None,True,False,,0.015013943254749666,0.0
37418e309e59,6hbx100_1xT_rep1,6hbx100,1-1,D000:441~D00G:16,extra_native,D000:441,D00G:16,"('h_XY_0_2', 107, 'FORWARD')",None,False,True,3.2569816759153194,0.01438109835336503,0.0
37418e309e59,6hbx100_1xT_rep1,6hbx100,1-1,D004:39~D007:16,designed_extra_extra,D004:39,D007:16,None,None,True,False,,0.014266916288732475,0.0
37418e309e59,6hbx100_1xT_rep1,6hbx100,1-1,D00A:8~D00B:8,designed_extra_extra,D00A:8,D00B:8,None,None,True,False,,0.01388793230062068,0.0
37418e309e59,6hbx100_1xT_rep1,6hbx100,1-1,D004:31~D006:31,designed_extra_extra,D004:31,D006:31,None,None,True,False,,0.013028277408346204,0.0
37418e309e59,6hbx100_1xT_rep1,6hbx100,1-1,D000:609~D008:16,extra_native,D000:609,D008:16,"('h_XY_1_3', 53, 'FORWARD')",None,False,True,5.676941995780591,0.012642282715166962,0.0
37418e309e59,6hbx100_1xT_rep1,6hbx100,1-1,D002:31~D008:31,designed_extra_extra,D002:31,D008:31,None,None,True,False,,0.012415453670250792,0.0
37418e309e59,6hbx100_1xT_rep1,6hbx100,1-1,D00C:16~D00K:16,designed_extra_extra,D00C:16,D00K:16,None,None,True,False,,0.01066411249821475,0.0
37418e309e59,6hbx100_1xT_rep1,6hbx100,1-1,D001:8~D00K:8,designed_extra_extra,D001:8,D00K:8,None,None,True,False,,0.010422633800288615,0.0
37418e309e59,6hbx100_1xT_rep1,6hbx100,1-1,D007:10~D00E:8,extra_native,D007:10,D00E:8,"('h_XY_0_3', 71, 'FORWARD')",None,False,True,5.579038670128816,0.01026227406882807,0.0
37418e309e59,6hbx100_1xT_rep1,6hbx100,1-1,D001:39~D00A:16,designed_extra_extra,D001:39,D00A:16,None,None,True,False,,0.010219934708108737,0.0
37418e309e59,6hbx100_1xT_rep1,6hbx100,1-1,D009:8~D00C:8,designed_extra_extra,D009:8,D00C:8,None,None,True,False,,0.009520026261676123,0.0
37418e309e59,6hbx100_1xT_rep1,6hbx100,1-1,D005:8~D00G:8,designed_extra_extra,D005:8,D00G:8,None,None,True,False,,0.009469704209395158,0.0
37418e309e59,6hbx100_1xT_rep1,6hbx100,1-1,D005:16~D006:39,designed_extra_extra,D005:16,D006:39,None,None,True,False,,0.009220767832614133,0.0
37418e309e59,6hbx100_1xT_rep1,6hbx100,1-1,D00E:16~D00I:16,designed_extra_extra,D00E:16,D00I:16,None,None,True,False,,0.00840565644882025,0.0
37418e309e59,6hbx100_1xT_rep1,6hbx100,1-1,D00F:16~D00H:16,designed_extra_extra,D00F:16,D00H:16,None,None,True,False,,0.00702105178650412,0.0
37418e309e59,6hbx100_1xT_rep1,6hbx100,1-1,D006:8~D00F:8,designed_extra_extra,D006:8,D00F:8,None,None,True,False,,0.006941009998385399,0.0
37418e309e59,6hbx100_1xT_rep1,6hbx100,1-1,D001:16~D00A:39,designed_extra_extra,D001:16,D00A:39,None,None,True,False,,0.006146864266172966,0.0
37418e309e59,6hbx100_1xT_rep1,6hbx100,1-1,D005:39~D006:16,designed_extra_extra,D005:39,D006:16,None,None,True,False,,0.006142718314014816,0.0
37418e309e59,6hbx100_1xT_rep1,6hbx100,1-1,D003:31~D007:31,designed_extra_extra,D003:31,D007:31,None,None,True,False,,0.005797281358472486,0.0
37418e309e59,6hbx100_1xT_rep1,6hbx100,1-1,D007:8~D00E:8,designed_extra_extra,D007:8,D00E:8,None,None,True,False,,0.002553395117456354,0.0
37418e309e59,6hbx100_1xT_rep1,6hbx100,1-1,D004:16~D007:39,designed_extra_extra,D004:16,D007:39,None,None,True,False,,0.0014321363076418418,0.0
37418e309e59,6hbx100_1xT_rep1,6hbx100,1-1,D002:39~D009:16,designed_extra_extra,D002:39,D009:16,None,None,True,False,,0.001179701781603228,0.0
992ab65c0d1a,6hbx100_1xT_rep2,6hbx100,1-1,D005:17~D006:38,native_native_near_insert,D005:17,D006:38,"('h_XY_1_2', 91, 'FORWARD')","('h_XY_1_2', 90, 'FORWARD')",False,True,3.5438264554391616,0.3943414601986016,78.84615384615384
992ab65c0d1a,6hbx100_1xT_rep2,6hbx100,1-1,D003:38~D008:17,native_native_near_insert,D003:38,D008:17,"('h_XY_1_3', 56, 'REVERSE')","('h_XY_1_3', 55, 'REVERSE')",False,True,3.388969924915831,0.3912708267249475,96.15384615384616
992ab65c0d1a,6hbx100_1xT_rep2,6hbx100,1-1,D00D:17~D00J:15,native_native_near_insert,D00D:17,D00J:15,"('h_XY_0_1', 42, 'FORWARD')","('h_XY_0_1', 41, 'FORWARD')",False,True,3.6473878616859254,0.38506345232960626,84.61538461538461
992ab65c0d1a,6hbx100_1xT_rep2,6hbx100,1-1,D006:9~D00F:7,native_native_near_insert,D006:9,D00F:7,"('h_XY_0_3', 91, 'FORWARD')","('h_XY_0_3', 90, 'FORWARD')",False,True,3.3963663792431107,0.38057169171637184,94.23076923076923
992ab65c0d1a,6hbx100_1xT_rep2,6hbx100,1-1,D002:38~D009:17,native_native_near_insert,D002:38,D009:17,"('h_XY_1_3', 35, 'REVERSE')","('h_XY_1_3', 34, 'REVERSE')",False,True,3.73211320956485,0.3560541335545325,90.38461538461539
992ab65c0d1a,6hbx100_1xT_rep2,6hbx100,1-1,D005:9~D00G:7,native_native_near_insert,D005:9,D00G:7,"('h_XY_1_1', 97, 'REVERSE')","('h_XY_1_1', 98, 'REVERSE')",False,True,3.718918311647392,0.32023969802975594,71.15384615384616
992ab65c0d1a,6hbx100_1xT_rep2,6hbx100,1-1,D00A:1~D00K:23,native_native_far,D00A:1,D00K:23,"('h_XY_0_2', 13, 'REVERSE')","('h_XY_0_2', 14, 'REVERSE')",False,True,3.4324258711178066,0.2634009408910915,71.15384615384616
992ab65c0d1a,6hbx100_1xT_rep2,6hbx100,1-1,D003:15~D008:40,native_native_near_insert,D003:15,D008:40,"('h_XY_1_1', 49, 'REVERSE')","('h_XY_1_1', 48, 'REVERSE')",False,True,3.9032568599543542,0.2375020663142925,51.92307692307693
992ab65c0d1a,6hbx100_1xT_rep2,6hbx100,1-1,D000:510~D002:43,native_native_far,D000:510,D002:43,"('h_XY_0_3', 39, 'REVERSE')","('h_XY_0_3', 38, 'FORWARD')",False,True,5.167859649671582,0.15856192924063953,0.0
992ab65c0d1a,6hbx100_1xT_rep2,6hbx100,1-1,D000:4~D004:19,native_native_near_insert,D000:4,D004:19,"('h_XY_1_2', 73, 'REVERSE')","('h_XY_1_2', 72, 'FORWARD')",False,True,5.844873215624165,0.12769783965313755,0.0
992ab65c0d1a,6hbx100_1xT_rep2,6hbx100,1-1,D000:649~D006:20,native_native_far,D000:649,D006:20,"('h_XY_1_3', 93, 'FORWARD')","('h_XY_1_3', 94, 'REVERSE')",False,True,5.927565168904209,0.12455598227438855,0.0
992ab65c0d1a,6hbx100_1xT_rep2,6hbx100,1-1,D000:97~D00A:44,native_native_far,D000:97,D00A:44,"('h_XY_1_1', 1, 'FORWARD')","('h_XY_1_1', 2, 'REVERSE')",False,True,5.788727651649565,0.11892936222081214,0.0
992ab65c0d1a,6hbx100_1xT_rep2,6hbx100,1-1,D006:8~D00F:7,extra_native,D006:8,D00F:7,None,"('h_XY_0_3', 90, 'FORWARD')",False,True,5.523214838265017,0.08855451792698821,0.0
992ab65c0d1a,6hbx100_1xT_rep2,6hbx100,1-1,D002:8~D00J:8,designed_extra_extra,D002:8,D00J:8,None,None,True,False,,0.07844503790946981,0.0
992ab65c0d1a,6hbx100_1xT_rep2,6hbx100,1-1,D003:8~D00I:8,designed_extra_extra,D003:8,D00I:8,None,None,True,False,,0.06254536158397589,0.0
992ab65c0d1a,6hbx100_1xT_rep2,6hbx100,1-1,D00D:16~D00J:18,extra_native,D00D:16,D00J:18,None,"('h_XY_0_2', 40, 'REVERSE')",False,True,5.555770607985771,0.0544700731982618,0.0
992ab65c0d1a,6hbx100_1xT_rep2,6hbx100,1-1,D004:10~D00H:8,extra_native,D004:10,D00H:8,"('h_XY_1_1', 75, 'REVERSE')",None,False,True,5.678852430040424,0.04882956800647088,0.0
992ab65c0d1a,6hbx100_1xT_rep2,6hbx100,1-1,D001:31~D009:31,designed_extra_extra,D001:31,D009:31,None,None,True,False,,0.04711706208128811,0.0
992ab65c0d1a,6hbx100_1xT_rep2,6hbx100,1-1,D003:39~D008:16,designed_extra_extra,D003:39,D008:16,None,None,True,False,,0.029673616428028467,0.0
992ab65c0d1a,6hbx100_1xT_rep2,6hbx100,1-1,D00A:8~D00B:8,designed_extra_extra,D00A:8,D00B:8,None,None,True,False,,0.02842851241503965,0.0
992ab65c0d1a,6hbx100_1xT_rep2,6hbx100,1-1,D00D:16~D00J:16,designed_extra_extra,D00D:16,D00J:16,None,None,True,False,,0.027095260516616506,0.0
992ab65c0d1a,6hbx100_1xT_rep2,6hbx100,1-1,D005:16~D006:39,designed_extra_extra,D005:16,D006:39,None,None,True,False,,0.025095303458475108,0.0
992ab65c0d1a,6hbx100_1xT_rep2,6hbx100,1-1,D003:16~D008:39,designed_extra_extra,D003:16,D008:39,None,None,True,False,,0.020878062205911815,0.0
992ab65c0d1a,6hbx100_1xT_rep2,6hbx100,1-1,D000:441~D00G:16,extra_native,D000:441,D00G:16,"('h_XY_0_2', 107, 'FORWARD')",None,False,True,3.340340351553267,0.02084786055786523,0.0
992ab65c0d1a,6hbx100_1xT_rep2,6hbx100,1-1,D001:16~D00A:39,designed_extra_extra,D001:16,D00A:39,None,None,True,False,,0.017347089375381163,0.0
992ab65c0d1a,6hbx100_1xT_rep2,6hbx100,1-1,D00C:16~D00K:16,designed_extra_extra,D00C:16,D00K:16,None,None,True,False,,0.012868982289906922,0.0
992ab65c0d1a,6hbx100_1xT_rep2,6hbx100,1-1,D004:8~D00H:8,designed_extra_extra,D004:8,D00H:8,None,None,True,False,,0.012301452661078129,0.0
992ab65c0d1a,6hbx100_1xT_rep2,6hbx100,1-1,D009:8~D00C:8,designed_extra_extra,D009:8,D00C:8,None,None,True,False,,0.011557648541465933,0.0
992ab65c0d1a,6hbx100_1xT_rep2,6hbx100,1-1,D008:8~D00D:8,designed_extra_extra,D008:8,D00D:8,None,None,True,False,,0.0115382518995025,0.0
992ab65c0d1a,6hbx100_1xT_rep2,6hbx100,1-1,D005:8~D00G:8,designed_extra_extra,D005:8,D00G:8,None,None,True,False,,0.010748085445799544,0.0
992ab65c0d1a,6hbx100_1xT_rep2,6hbx100,1-1,D00E:16~D00I:16,designed_extra_extra,D00E:16,D00I:16,None,None,True,False,,0.0101993481599483,0.0
992ab65c0d1a,6hbx100_1xT_rep2,6hbx100,1-1,D004:39~D007:16,designed_extra_extra,D004:39,D007:16,None,None,True,False,,0.010004078111073789,0.0
992ab65c0d1a,6hbx100_1xT_rep2,6hbx100,1-1,D004:31~D006:31,designed_extra_extra,D004:31,D006:31,None,None,True,False,,0.009955295938390011,0.0
992ab65c0d1a,6hbx100_1xT_rep2,6hbx100,1-1,D007:10~D00E:8,extra_native,D007:10,D00E:8,"('h_XY_0_3', 71, 'FORWARD')",None,False,True,5.698232291165554,0.009758904941637704,0.0
992ab65c0d1a,6hbx100_1xT_rep2,6hbx100,1-1,D002:31~D008:31,designed_extra_extra,D002:31,D008:31,None,None,True,False,,0.009281531689245366,0.0
992ab65c0d1a,6hbx100_1xT_rep2,6hbx100,1-1,D00F:16~D00H:16,designed_extra_extra,D00F:16,D00H:16,None,None,True,False,,0.00903493064432635,0.0
992ab65c0d1a,6hbx100_1xT_rep2,6hbx100,1-1,D001:8~D00K:8,designed_extra_extra,D001:8,D00K:8,None,None,True,False,,0.008196224380164886,0.0
992ab65c0d1a,6hbx100_1xT_rep2,6hbx100,1-1,D005:39~D006:16,designed_extra_extra,D005:39,D006:16,None,None,True,False,,0.0062322315354315806,0.0
992ab65c0d1a,6hbx100_1xT_rep2,6hbx100,1-1,D002:16~D009:39,designed_extra_extra,D002:16,D009:39,None,None,True,False,,0.005950099251289363,0.0
992ab65c0d1a,6hbx100_1xT_rep2,6hbx100,1-1,D003:31~D007:31,designed_extra_extra,D003:31,D007:31,None,None,True,False,,0.005872189671820825,0.0
992ab65c0d1a,6hbx100_1xT_rep2,6hbx100,1-1,D001:39~D00A:16,designed_extra_extra,D001:39,D00A:16,None,None,True,False,,0.0053267358372785095,0.0
992ab65c0d1a,6hbx100_1xT_rep2,6hbx100,1-1,D006:8~D00F:8,designed_extra_extra,D006:8,D00F:8,None,None,True,False,,0.003384387147539942,0.0
992ab65c0d1a,6hbx100_1xT_rep2,6hbx100,1-1,D007:8~D00E:8,designed_extra_extra,D007:8,D00E:8,None,None,True,False,,0.0030606051110670385,0.0
992ab65c0d1a,6hbx100_1xT_rep2,6hbx100,1-1,D002:39~D009:16,designed_extra_extra,D002:39,D009:16,None,None,True,False,,0.002909457781624085,0.0
992ab65c0d1a,6hbx100_1xT_rep2,6hbx100,1-1,D004:16~D007:39,designed_extra_extra,D004:16,D007:39,None,None,True,False,,0.0011378712192529226,0.0
eb4953783dd3,6hbx100_1xT_rep3,6hbx100,1-1,D00D:17~D00J:15,native_native_near_insert,D00D:17,D00J:15,"('h_XY_0_1', 42, 'FORWARD')","('h_XY_0_1', 41, 'FORWARD')",False,True,3.724152404667826,0.38856808356625794,90.38461538461539
eb4953783dd3,6hbx100_1xT_rep3,6hbx100,1-1,D006:9~D00F:7,native_native_near_insert,D006:9,D00F:7,"('h_XY_0_3', 91, 'FORWARD')","('h_XY_0_3', 90, 'FORWARD')",False,True,3.5088604132420187,0.3637925787925219,98.07692307692307
eb4953783dd3,6hbx100_1xT_rep3,6hbx100,1-1,D005:17~D006:38,native_native_near_insert,D005:17,D006:38,"('h_XY_1_2', 91, 'FORWARD')","('h_XY_1_2', 90, 'FORWARD')",False,True,3.5213329890002307,0.36171227739747375,86.53846153846155
eb4953783dd3,6hbx100_1xT_rep3,6hbx100,1-1,D002:38~D009:17,native_native_near_insert,D002:38,D009:17,"('h_XY_1_3', 35, 'REVERSE')","('h_XY_1_3', 34, 'REVERSE')",False,True,3.575820747302151,0.3502744431577544,96.15384615384616
eb4953783dd3,6hbx100_1xT_rep3,6hbx100,1-1,D00A:1~D00K:23,native_native_far,D00A:1,D00K:23,"('h_XY_0_2', 13, 'REVERSE')","('h_XY_0_2', 14, 'REVERSE')",False,True,3.6567877507907527,0.30934995032407336,59.61538461538461
eb4953783dd3,6hbx100_1xT_rep3,6hbx100,1-1,D003:15~D008:40,native_native_near_insert,D003:15,D008:40,"('h_XY_1_1', 49, 'REVERSE')","('h_XY_1_1', 48, 'REVERSE')",False,True,3.6449605961480587,0.26634930948756874,82.6923076923077
eb4953783dd3,6hbx100_1xT_rep3,6hbx100,1-1,D003:38~D008:17,native_native_near_insert,D003:38,D008:17,"('h_XY_1_3', 56, 'REVERSE')","('h_XY_1_3', 55, 'REVERSE')",False,True,3.575563699890542,0.26408986574477683,88.46153846153845
eb4953783dd3,6hbx100_1xT_rep3,6hbx100,1-1,D005:9~D00G:7,native_native_near_insert,D005:9,D00G:7,"('h_XY_1_1', 97, 'REVERSE')","('h_XY_1_1', 98, 'REVERSE')",False,True,3.7673184782981735,0.20449417536192568,36.53846153846153
eb4953783dd3,6hbx100_1xT_rep3,6hbx100,1-1,D000:110~D00K:6,native_native_near_insert,D000:110,D00K:6,"('h_XY_1_1', 14, 'FORWARD')","('h_XY_1_1', 15, 'REVERSE')",False,True,5.880490429809369,0.18887822614565827,0.0
eb4953783dd3,6hbx100_1xT_rep3,6hbx100,1-1,D000:510~D002:43,native_native_far,D000:510,D002:43,"('h_XY_0_3', 39, 'REVERSE')","('h_XY_0_3', 38, 'FORWARD')",False,True,5.480373239102439,0.14508447979136616,0.0
eb4953783dd3,6hbx100_1xT_rep3,6hbx100,1-1,D000:275~D00D:22,native_native_far,D000:275,D00D:22,"('h_XY_0_1', 48, 'REVERSE')","('h_XY_0_1', 47, 'FORWARD')",False,True,4.827417441403259,0.13004652729982988,0.0
eb4953783dd3,6hbx100_1xT_rep3,6hbx100,1-1,D002:8~D00J:8,designed_extra_extra,D002:8,D00J:8,None,None,True,False,,0.09702501266677202,0.0
eb4953783dd3,6hbx100_1xT_rep3,6hbx100,1-1,D004:8~D00H:8,designed_extra_extra,D004:8,D00H:8,None,None,True,False,,0.07002656803479856,0.0
eb4953783dd3,6hbx100_1xT_rep3,6hbx100,1-1,D00D:16~D00J:18,extra_native,D00D:16,D00J:18,None,"('h_XY_0_2', 40, 'REVERSE')",False,True,5.569162558636958,0.056108808125564506,0.0
eb4953783dd3,6hbx100_1xT_rep3,6hbx100,1-1,D008:8~D00D:8,designed_extra_extra,D008:8,D00D:8,None,None,True,False,,0.03514759008278609,0.0
eb4953783dd3,6hbx100_1xT_rep3,6hbx100,1-1,D00D:16~D00J:16,designed_extra_extra,D00D:16,D00J:16,None,None,True,False,,0.035090669990361006,0.0
eb4953783dd3,6hbx100_1xT_rep3,6hbx100,1-1,D00A:8~D00B:8,designed_extra_extra,D00A:8,D00B:8,None,None,True,False,,0.029203815798351646,0.0
eb4953783dd3,6hbx100_1xT_rep3,6hbx100,1-1,D003:8~D00I:8,designed_extra_extra,D003:8,D00I:8,None,None,True,False,,0.028968542422400097,0.0
eb4953783dd3,6hbx100_1xT_rep3,6hbx100,1-1,D003:16~D008:39,designed_extra_extra,D003:16,D008:39,None,None,True,False,,0.025243605214017646,0.0
eb4953783dd3,6hbx100_1xT_rep3,6hbx100,1-1,D005:16~D006:39,designed_extra_extra,D005:16,D006:39,None,None,True,False,,0.025213723683429404,0.0
eb4953783dd3,6hbx100_1xT_rep3,6hbx100,1-1,D003:39~D008:16,designed_extra_extra,D003:39,D008:16,None,None,True,False,,0.017361892822386458,0.0
eb4953783dd3,6hbx100_1xT_rep3,6hbx100,1-1,D009:8~D00C:8,designed_extra_extra,D009:8,D00C:8,None,None,True,False,,0.016270503199126117,0.0
eb4953783dd3,6hbx100_1xT_rep3,6hbx100,1-1,D004:39~D007:16,designed_extra_extra,D004:39,D007:16,None,None,True,False,,0.015488997828990648,0.0
eb4953783dd3,6hbx100_1xT_rep3,6hbx100,1-1,D002:31~D008:31,designed_extra_extra,D002:31,D008:31,None,None,True,False,,0.015337755765898985,0.0
eb4953783dd3,6hbx100_1xT_rep3,6hbx100,1-1,D004:31~D006:31,designed_extra_extra,D004:31,D006:31,None,None,True,False,,0.014579929850630724,0.0
eb4953783dd3,6hbx100_1xT_rep3,6hbx100,1-1,D000:441~D00G:16,extra_native,D000:441,D00G:16,"('h_XY_0_2', 107, 'FORWARD')",None,False,True,3.3089077375955003,0.014306239289171744,0.0
eb4953783dd3,6hbx100_1xT_rep3,6hbx100,1-1,D001:31~D009:31,designed_extra_extra,D001:31,D009:31,None,None,True,False,,0.013874200309906947,0.0
eb4953783dd3,6hbx100_1xT_rep3,6hbx100,1-1,D00C:16~D00K:16,designed_extra_extra,D00C:16,D00K:16,None,None,True,False,,0.013707062974214448,0.0
eb4953783dd3,6hbx100_1xT_rep3,6hbx100,1-1,D005:8~D00G:8,designed_extra_extra,D005:8,D00G:8,None,None,True,False,,0.012921019682582847,0.0
eb4953783dd3,6hbx100_1xT_rep3,6hbx100,1-1,D001:8~D00K:8,designed_extra_extra,D001:8,D00K:8,None,None,True,False,,0.01132913326724514,0.0
eb4953783dd3,6hbx100_1xT_rep3,6hbx100,1-1,D001:16~D00A:39,designed_extra_extra,D001:16,D00A:39,None,None,True,False,,0.010159046892559476,0.0
eb4953783dd3,6hbx100_1xT_rep3,6hbx100,1-1,D007:10~D00E:8,extra_native,D007:10,D00E:8,"('h_XY_0_3', 71, 'FORWARD')",None,False,True,5.278616740622165,0.008564273820528953,0.0
eb4953783dd3,6hbx100_1xT_rep3,6hbx100,1-1,D003:31~D007:31,designed_extra_extra,D003:31,D007:31,None,None,True,False,,0.008463520517327678,0.0
eb4953783dd3,6hbx100_1xT_rep3,6hbx100,1-1,D00F:16~D00H:16,designed_extra_extra,D00F:16,D00H:16,None,None,True,False,,0.007848590486277136,0.0
eb4953783dd3,6hbx100_1xT_rep3,6hbx100,1-1,D005:39~D006:16,designed_extra_extra,D005:39,D006:16,None,None,True,False,,0.007306513058695553,0.0
eb4953783dd3,6hbx100_1xT_rep3,6hbx100,1-1,D001:39~D00A:16,designed_extra_extra,D001:39,D00A:16,None,None,True,False,,0.0061447214987564855,0.0
eb4953783dd3,6hbx100_1xT_rep3,6hbx100,1-1,D006:8~D00F:8,designed_extra_extra,D006:8,D00F:8,None,None,True,False,,0.005552677441400219,0.0
eb4953783dd3,6hbx100_1xT_rep3,6hbx100,1-1,D00E:16~D00I:16,designed_extra_extra,D00E:16,D00I:16,None,None,True,False,,0.005087667942099006,0.0
eb4953783dd3,6hbx100_1xT_rep3,6hbx100,1-1,D007:8~D00E:8,designed_extra_extra,D007:8,D00E:8,None,None,True,False,,0.003025117219787412,0.0
eb4953783dd3,6hbx100_1xT_rep3,6hbx100,1-1,D002:16~D009:39,designed_extra_extra,D002:16,D009:39,None,None,True,False,,0.002357288363749904,0.0
eb4953783dd3,6hbx100_1xT_rep3,6hbx100,1-1,D004:16~D007:39,designed_extra_extra,D004:16,D007:39,None,None,True,False,,0.0018185174284000487,0.0
eb4953783dd3,6hbx100_1xT_rep3,6hbx100,1-1,D002:39~D009:16,designed_extra_extra,D002:39,D009:16,None,None,True,False,,0.0009489240827620544,0.0
